Date,Close,High,Low,Open,Volume
2020-04-03,177.09376525878900,180.66713664284700,175.08495593438900,179.19915776414600,47487600
2020-04-06,189.7550506591800,190.88500315636500,182.714572873169,183.96041339985300,64763500
2020-04-07,189.67779541015600,195.72354331489200,189.29149213714000,195.44346091590800,69904500
2020-04-08,193.70509338378900,194.2845483290110,189.4556834361990,191.36790980752500,45940400
2020-04-09,193.9851531982420,196.26437792469800,192.21778695074900,195.42416018310400,68252600
2020-04-13,196.0808563232420,196.4575071371490,191.94734979340500,193.15456582984200,42853900
2020-04-14,204.60865783691400,205.22675193563600,199.35485062951800,200.1371243614050,63959600
2020-04-15,202.26174926757800,204.57961235777700,200.03081691144600,201.3442682416020,47036000
2020-04-16,205.95106506347700,207.0327259650040,202.5129159951730,204.44446174020000,64657400
2020-04-17,207.92127990722700,209.09952424373800,204.82115657291000,208.77116493330800,62863200
2020-04-20,205.45855712890600,208.49108381558800,205.29437748425000,206.05733168430300,38249100
2020-04-21,197.877197265625,203.932597119078,196.66032878826900,203.3917666846980,72932800
2020-04-22,203.7490997314450,205.08187098267100,201.19945999205100,201.9431092141940,40089100
2020-04-23,203.31451416015600,207.10034214349800,202.90889131228300,204.54103512758500,43278500
2020-04-24,206.52088928222700,206.9651513344650,202.3294381106390,203.7491255617450,34231900
2020-04-27,208.1820526123050,209.2154369303090,207.15833545693500,208.79049439716800,36451700
2020-04-28,204.2609405517580,209.88174513834400,203.98087293294400,209.88174513834400,46862800
2020-04-29,211.5042724609380,212.44107338546300,207.77638834773600,208.79045287533300,48716400
2020-04-30,211.41734313964800,212.50865646517000,209.91073981579400,212.42174044337600,43359500
2020-05-01,205.45855712890600,209.25403801564100,204.43482535127100,207.1583123352250,48795000
2020-05-04,207.85360717773400,208.07573077839100,203.89393310825700,204.2223070347110,32841000
2020-05-05,210.2101287841800,212.60524140247900,209.42785510852900,209.9976575714690,37783100
2020-05-06,211.5042724609380,213.47444276143400,210.64473513948400,211.89057573977200,36455200
2020-05-07,214.22775268554700,215.10659482862000,212.8756617777370,214.22775268554700,38624800
2020-05-08,217.16368103027300,217.29888863818700,214.86513695921300,215.89852096982400,31852300
2020-05-11,219.1049041748050,220.128621142671,215.60881081589700,215.84060162875400,35714100
2020-05-12,214.51751708984400,220.29285086058500,214.4885450756530,219.70372867783400,41054100
2020-05-13,211.83262634277300,216.92225369989800,209.29265361270700,215.03899947448000,65521200
2020-05-14,214.2374267578130,214.27605119381300,208.59731596406300,210.50954238140100,51549300
2020-05-15,215.6281280517580,215.68607207020900,210.85720737890400,211.2918022538170,55747200
2020-05-18,219.6457061767580,220.85292220614200,217.75279969513700,218.5350733243340,42398100
2020-05-19,219.09523010253900,221.98289623923200,218.95037006914500,219.90647576259500,36237300
2020-05-20,223.47019958496100,223.8275308564140,221.62556973619700,221.64488932118900,37417000
2020-05-21,221.03643798828100,224.19451948437700,220.52457953233100,223.51848140449300,43642900
2020-05-22,221.79942321777300,222.00222728846200,219.71335007153700,220.63083144321200,28762400
2020-05-26,221.2006072998050,225.57557187225600,220.9591640870650,225.37275308948300,33055300
2020-05-27,222.40786743164100,222.5237702175570,216.27521745482900,220.862639405846,55665600
2020-05-28,222.1180877685550,225.47897292870000,221.2102589942770,221.2682030034400,42784300
2020-05-29,225.372802734375,225.60459357481300,220.93024074674600,222.4948031307780,50691800
2020-06-01,226.04884338378900,226.42549429325700,224.0593532088310,224.50361530702400,25776000
2020-06-02,227.5651092529300,227.6230532782800,224.06900077932700,226.47378098706900,33383400
2020-06-03,228.5887908935550,229.34209257938300,227.29465873959500,228.17350088204500,37228700
2020-06-04,226.98562622070300,229.65115438627200,225.68182678063200,228.24113406363700,38716100
2020-06-05,231.48609924316400,232.07522127740800,227.56506378819000,228.13486623900100,47365600
2020-06-08,233.28248596191400,233.4080264390750,229.76707260737500,231.34127267684400,32937300
2020-06-09,234.97251892089800,235.8223889413980,232.23938020140500,232.42287938635500,35046300
2020-06-10,237.7926788330080,239.33792184989500,236.14120017450300,236.6627259557280,58084400
2020-06-11,226.0101776123050,235.25261657892400,225.95223359629500,233.8715684089500,72919400
2020-06-12,227.80654907226600,232.17183259666100,223.80824928171900,230.90667227387400,72034800
2020-06-15,230.57827758789100,231.25431566388,223.54745212455100,224.48425300718100,45307400
2020-06-16,234.5379638671880,236.02524770750500,230.9163153500080,235.43612562591600,48890100
2020-06-17,235.28163146972700,237.09728956374500,234.422094023702,236.0349332881960,34749300
2020-06-18,235.91903686523400,236.16048012506300,234.19030960893000,234.9629162511620,30578600
2020-06-19,235.88043212890600,238.54596063489900,234.15168999168700,238.28519776627700,49422100
2020-06-22,238.709228515625,238.83498729885800,235.4585876156790,235.74881154787200,24068700
2020-06-23,240.74085998535200,242.97567274457100,239.7540691320290,240.30550934275000,32767400
2020-06-24,235.77780151367200,241.21487860014400,234.27824752813500,239.98621007187400,46032400
2020-06-25,238.02232360839800,238.322231504084,233.29148174788300,235.86490879175300,36940800
2020-06-26,232.40138244628900,237.95456371796400,231.87894996050600,237.78041463532000,52824600
2020-06-29,234.9361572265630,234.94584119916200,229.6248525472430,232.15957332663200,34377800
2020-06-30,239.54124450683600,240.08301554399100,234.68462883150300,234.8684471681420,38909200
2020-07-01,242.33717346191400,243.33364832067200,239.03815701076500,239.5799280296450,34689200
2020-07-02,243.98184204101600,245.99414496054700,243.51746898640200,244.78482936675300,31956500
2020-07-06,249.98007202148400,250.5024751273050,247.11639129095600,247.13574447485200,34589000
2020-07-07,248.25796508789100,252.38900604587000,247.95805718300800,249.72851174337200,36578200
2020-07-08,251.52798461914100,251.55700701531400,248.15158459234900,249.58342502693600,30426300
2020-07-09,253.64669799804700,254.31424260771400,249.2448007829340,253.44354123293800,40312900
2020-07-10,255.37841796875,255.6299650471860,250.8217253109410,253.50155790112600,32885300
2020-07-13,250.12513732910200,261.00897620104000,249.30279693169500,258.22270872593500,64108100
2020-07-14,251.8955841064450,252.3019271171450,244.53327053443700,247.60009296158900,72230500
2020-07-15,252.4083709716800,254.14011934814100,249.10935414724100,253.30809478080600,54523900
2020-07-16,250.68626403808600,251.32478617232300,247.3001805992660,249.62206048102500,47594100
2020-07-17,250.97653198242200,251.83754932542200,248.79976393164900,251.1409823682020,35137900
2020-07-20,258.09698486328100,258.725823103141,250.36704859363900,251.61504110027600,40610100
2020-07-21,255.40750122070300,259.6739709771940,254.56582213375200,259.66428700285200,43243800
2020-07-22,256.30712890625,257.2359043650540,254.00458772495400,255.90081547678600,29865500
2020-07-23,249.61244201660200,256.60710506156000,248.1999400352880,255.90088359521200,51363500
2020-07-24,247.24215698242200,248.56756217519300,243.1401678560100,245.77162505827100,54054500
2020-07-27,251.65367126464800,252.0406462547430,248.10313808705400,248.88677203739200,36445700
2020-07-28,248.45144653320300,251.3925100729390,248.1612226252010,250.87007751423100,31302400
2020-07-29,251.31512451171900,252.1761714056980,249.51567703900400,249.98971931474500,27556900
2020-07-30,252.6308135986330,253.1919229192320,248.19986571035000,249.35113626270100,41774500
2020-07-31,257.1392822265630,257.29407821401800,252.36006313952900,257.2553718360750,53686300
2020-08-03,260.61236572265600,261.35729353762400,259.1515029631690,259.2772765152190,32081600
2020-08-04,261.5797424316410,261.6764935608910,259.36426852628800,260.10919612534900,24911300
2020-08-05,262.2279357910160,262.6826395559110,261.17341632015300,262.06348543256700,21612100
2020-08-06,265.7011413574220,266.03007163056700,261.395966366894,262.03448849393000,28048200
2020-08-07,262.63427734375,265.93329323320600,260.4865320544740,265.15931367779500,44969400
2020-08-10,261.5121154785160,263.1277743454050,257.99060329263000,262.9245880376010,35088400
2020-08-11,256.5587463378910,261.6378722697650,256.0169752671020,260.3511438334100,43104300
2020-08-12,263.0116271972660,263.9597412930270,258.6677748421070,258.71616518255900,38773400
2020-08-13,263.6114501953130,265.88493979878900,262.67302015211300,263.7855845478310,31895700
2020-08-14,263.3017883300780,264.5014195831260,261.9086548316940,264.2305341542350,30799500
2020-08-17,266.3590087890630,266.86207342141100,263.3405619463590,265.01423574638200,24803000
2020-08-18,268.9227600097660,269.3968022647830,265.96235786037400,267.4232205147260,23529500
2020-08-19,267.1136169433590,269.9385614536910,266.6008683458080,268.8840418671910,31999400
2020-08-20,270.8189697265630,271.30269597386100,265.9139784931250,266.32032153155000,27723400
2020-08-21,272.69580078125,273.15050458608200,270.3642369755620,271.0124430683540,34748900
2020-08-24,274.3985290527340,276.6913865178220,272.1153260351240,275.96579721751300,36418500
2020-08-25,276.5559387207030,276.7494410173020,273.1795391724890,273.6245590254990,34866600
2020-08-26,282.4574279785160,282.7089750801640,276.5269393383920,277.8039837438720,42216700
2020-08-27,281.5770263671880,284.2859109668260,279.31319115616500,283.4345480790630,49482700
2020-08-28,283.0088806152340,283.6377188397530,281.4609506995910,282.8153783041640,28021000
2020-08-31,285.28240966796900,287.0915411935550,283.0959574801820,283.5313229328270,36321000
2020-09-01,290.1583251953130,290.27441475478100,286.1627422192070,287.9331670497140,36216200
2020-09-02,292.90594482421900,293.6218502667110,287.2270030536580,293.4090095237660,50836800
2020-09-03,278.05548095703100,288.90061343624200,275.15312393312000,288.3975488475130,110083300
2020-09-04,274.3502197265630,279.5260975019280,262.95362826556700,276.2657866737440,123959000
2020-09-08,261.1638488769530,269.16467148600800,260.8832793478770,263.3599557149270,99568600
2020-09-09,268.8356628417970,270.9350179006590,264.11449066571500,266.66857903282900,64837900
2020-09-10,263.47601318359400,273.01511029037700,261.75394889576500,271.7961106792900,69667500
2020-09-11,261.64752197265600,266.2622594432860,258.21304812541100,265.2270782554950,71809000
2020-09-14,266.2042541503910,268.19720409347300,264.0758466751030,265.4302743756,38525200
2020-09-15,269.97723388671900,271.32200674248600,266.17515347001700,269.94821149896900,41849900
2020-09-16,265.6720886230470,271.23493990693900,265.32381993172100,270.77058165183800,42321000
2020-09-17,261.5216979980470,265.46889016761600,258.00015765399300,258.84183638339600,81570800
2020-09-18,258.18402099609400,263.2341237780640,254.0820322085780,262.9438998635900,86251100
2020-09-21,258.80322265625,258.938650650959,251.6440506769580,253.92725388490000,57168600
2020-09-22,263.6114501953130,264.1918980370400,257.8647803677730,261.20247355492400,41128900
2020-09-23,255.56222534179700,263.47597875836700,254.68184012929800,263.29216044343300,48837300
2020-09-24,256.7522888183590,259.9545549257630,252.71799802790700,252.8824779792670,70631700
2020-09-25,262.7214050292970,263.53406160645900,255.69769025797900,257.25530417410400,55242400
2020-09-28,268.1778259277340,268.1778259277340,262.82781516039300,267.5779806195510,58438300
2020-09-29,266.968505859375,268.6712020340800,266.40736692479000,267.61668244413100,27050000
2020-09-30,268.7969970703130,271.94121767207200,266.89111447842700,267.16199999545300,49380800
2020-10-01,273.0634765625,273.67297638022200,270.73191242253900,272.6184566655550,50020200
2020-10-02,265.3818664550780,273.0537569293740,264.5401875878810,267.03620179833900,75497400
2020-10-05,271.0414733886720,271.36071969641100,267.2393924658890,267.3457980603670,28184600
2020-10-06,266.2042541503910,272.03799199821300,265.3238687639900,270.35463396504600,49704200
2020-10-07,270.80926513671900,271.60255359693400,268.2551768522160,268.84533811728900,27539700
2020-10-08,272.250732421875,273.27622941180800,271.18652907638800,273.20850067066400,25443300
2020-10-09,276.4107971191410,276.48820983920100,273.5084401272330,273.8954151546270,30201100
2020-10-12,284.9437255859380,287.7783537475400,280.0484192953150,281.0932547917310,79370700
2020-10-13,284.93408203125,287.3817355237460,283.56997054778400,286.74324289466500,64240000
2020-10-14,282.55419921875,286.7045790694130,280.81279637790500,285.73712648576400,36949100
2020-10-15,280.65802001953100,281.2481519650970,277.21389094318500,277.85241323589800,42514200
2020-10-16,279.1196594238280,283.7247120792240,278.7713612595350,282.3025560839820,40570700
2020-10-19,274.5629577636720,281.9930140510620,273.5858509928780,281.03521617369900,36756800
2020-10-20,275.1531982421880,278.25871282965700,273.7407257092300,275.29831022771200,32195400
2020-10-21,274.9403076171880,277.9684384378740,274.45658140364200,275.40469541094100,29306100
2020-10-22,274.9306945800780,276.672127112734,271.68006775802100,275.7723736849210,32196200
2020-10-23,275.4723815917970,275.63686148730400,272.60873081007600,275.5014039822630,24658500
2020-10-26,271.34136962890600,276.0141516237850,267.7521295734600,273.18920721373600,38421100
2020-10-27,273.4601745605470,274.28251523285100,271.0802492651120,272.3379259232390,30559100
2020-10-28,262.7987976074220,269.5709647553030,262.5472505227230,268.9614649881040,53413500
2020-10-29,267.3941955566410,270.3932745179460,263.6501297925140,264.1145175950570,43246300
2020-10-30,260.61236572265600,266.281623343448,258.3775527534440,265.4109219764300,65838300
2020-11-02,261.19281005859400,264.61757030336000,258.28076888148900,263.00194132601500,39987400
2020-11-03,265.7108154296880,267.8102002838300,262.0248238747030,263.10836591904500,43604100
2020-11-04,277.57183837890600,279.3712861039810,272.69586884350100,274.359888552646,75728200
2020-11-05,284.8083190917970,285.7757714676250,282.4960937419010,283.97629469594700,52054200
2020-11-06,285.0211486816410,285.7467380103800,280.3967272074460,284.15044739201400,40959800
2020-11-09,279.1970520019530,289.40369134582900,278.7423482460270,287.96216736147000,86537100
2020-11-10,274.1954040527340,277.32994074510500,271.4865193034530,275.88844594942000,69024900
2020-11-11,280.3290710449220,280.80311336475200,274.156718816236,276.7204622668150,36102900
2020-11-12,279.0132141113280,282.56377674647000,277.90064996411200,281.29641670126700,34414600
2020-11-13,281.4609375,282.0801212469430,278.50053533015800,280.7256937058880,24806900
2020-11-16,283.6570129394530,283.9569207765210,280.55146994380400,281.1609695882640,30168400
2020-11-17,282.7574157714840,284.1795725510760,282.1188933883700,283.85064214601400,21843500
2020-11-18,280.6676025390630,283.8215068214780,280.5805353656850,282.205877841639,28069600
2020-11-19,282.8638000488280,283.1733919711900,279.44869350185400,280.11623816756200,22718400
2020-11-20,280.9288024902340,283.53125152891700,280.8417353264940,282.78629436530200,25907300
2020-11-23,280.9385070800780,283.2216804949820,278.6940105023640,281.9252978658630,26875600
2020-11-24,284.88568115234400,285.3790912751820,280.20321554369500,282.0026626575490,24516800
2020-11-25,286.6368408203130,287.275363047315,285.0018436460880,285.94995777545100,23326800
2020-11-27,289.2779235839840,290.40017180232300,288.2040361712450,288.6006951597850,17163100
2020-11-30,289.8681335449220,290.20674784840200,285.1856666612280,289.5972480069990,27836200
2020-12-01,293.5830993652340,295.20844184859400,291.0386948091690,292.14160472558100,27521300
2020-12-02,293.9604797363280,294.2990940527120,290.57439562110600,292.41254966450800,23620000
2020-12-03,294.3764343261720,295.92436417217800,293.6508449787600,294.27002872688500,22828700
2020-12-04,295.5760803222660,295.7212218182590,293.7476104304130,294.4248094730480,19332100
2020-12-07,297.2497253417970,297.61736194731200,295.5760221993260,295.75984050208300,20851000
2020-12-08,298.25592041015600,298.5558283040240,295.02463280980300,296.775719360828,18341500
2020-12-09,291.50311279296900,298.3236411639310,290.43890912941900,298.0431011941410,48839300
2020-12-10,292.6737060546880,293.7959544453920,288.3878987649170,289.4714407906170,27519500
2020-12-11,292.0254821777340,292.15125570041500,288.75548868524500,291.0193235205910,26760400
2020-12-14,294.14422607421900,296.0887852563190,293.1477513166910,293.21545054394300,28804800
2020-12-15,297.2884521484380,297.2884521484380,294.21193112054400,296.3983829620620,25709000
2020-12-16,298.9234924316410,299.7071266165930,296.64028911520100,297.6851543780100,25461900
2020-12-17,300.87762451171900,301.10980358446700,299.3200406915360,300.51967193313300,23730500
2020-12-18,299.9682922363280,301.8258138564120,297.5980220193120,301.5162219990140,41173400
2020-12-21,299.4071044921880,299.9401559146950,294.250921921989,297.02283664353800,37095500
2020-12-22,300.2213134765630,301.14204159379800,297.4009199650790,300.3085384827540,26176300
2020-12-23,298.7093200683590,300.62832914085600,298.5542435491380,300.2697276304530,21201300
2020-12-24,300.0274658203130,300.47329238593600,298.89351114155700,298.97103462251600,16785000
2020-12-28,303.0513610839840,303.52629219348100,300.8027957974350,302.6346095530130,22497700
2020-12-29,303.32275390625,304.99949122408200,302.4213992691310,304.3791850795110,25871900
2020-12-30,303.3323059082030,304.805487908631,302.7120000694060,304.4856630452460,18138100
2020-12-31,304.0786437988280,304.5632467395810,302.15963508324800,303.2354394143680,21611400
2021-01-04,299.7851257324220,305.5809886517190,295.7822999497380,305.4065090807960,45305900
2021-01-05,302.2565612792970,302.5279673471050,298.7965184263940,298.7965184263940,29323400
2021-01-06,298.0696105957030,302.27596093217600,296.5576516573510,297.54623109309900,52809600
2021-01-07,305.2805480957030,306.1140511445380,300.6961925936400,300.7252675935340,30394800
2021-01-08,309.20587158203100,309.55480121569200,305.3774950283900,307.56791063832600,33955800
2021-01-11,304.73779296875,307.4224832000480,304.0884118717860,306.249752108564,32746400
2021-01-12,304.253173828125,305.86202982994000,301.6169322098260,304.7765237949620,29266800
2021-01-13,306.307861328125,307.10258773994000,303.91392141249600,304.5148243780860,22898400
2021-01-14,304.6699523925780,307.75202078235900,304.19502127671900,306.7537396531720,23500100
2021-01-15,302.2565612792970,305.4161822238820,301.0159788139450,304.4566777731750,35118700
2021-01-19,306.66644287109400,307.17041929190600,303.47774717307700,304.57295457432400,24537000
2021-01-20,313.79986572265600,314.73999687482000,306.76344916000100,310.28167223024100,30728100
2021-01-21,316.3100891113280,317.0563967393440,313.7611019095680,315.1373580102180,25130600
2021-01-22,315.3990478515630,316.40700085407100,314.71089025556600,315.2730463317940,21609400
2021-01-25,318.0061950683590,320.1481618170670,311.5125320309250,318.7815776848000,39080600
2021-01-26,318.47137451171900,319.6053584694790,317.1435671137220,318.72337751962500,25498100
2021-01-27,309.5934143066410,316.2227787014920,307.58715111959200,316.21310675600800,55264000
2021-01-28,311.4252624511720,316.36821870377600,310.17497849589600,310.79528450025000,42836300
2021-01-29,304.8734130859380,310.8437251270910,303.1288542538720,309.73881617638300,55259000
2021-02-01,312.49139404296900,313.5768999697580,306.28845232791400,308.31408920519300,35646000
2021-02-02,317.5894470214840,318.742804644067,315.29243330220000,315.4572113530650,33930800
2021-02-03,316.3294982910160,320.03187276941500,316.27134829002100,319.6635697112320,24824500
2021-02-04,320.070556640625,320.15778162492800,316.40695941082900,317.725094855198,22350900
2021-02-05,321.15606689453100,322.16404935647300,319.3824330340790,321.02039344305300,22732000
2021-02-08,323.3077697753910,323.46284630646200,321.20460902422400,322.84256976000000,20462800
2021-02-09,323.2398986816410,324.4998546355320,322.36758962975600,322.37729115454300,17597500
2021-02-10,322.5033264160160,325.1298666378690,319.3534066238230,324.6743385925010,28068700
2021-02-11,324.2769470214840,324.68402657650800,321.8927084215480,324.03464550911400,22046100
2021-02-12,326.08935546875,326.25410391756100,322.38698162108900,323.43371103849900,20346800
2021-02-16,325.2074279785160,327.7758182666710,324.04436880985300,326.8841356269870,27080800
2021-02-17,323.6470031738280,325.3237404644690,320.002808155959,322.2319704739830,31360300
2021-02-18,322.2319641113280,323.5888467814990,318.2485115255930,320.0609518390550,32236200
2021-02-19,320.8265686035160,323.705111688559,319.8089141056790,323.5791101725220,39157700
2021-02-22,312.5108337402340,317.70576451299600,312.3073087302860,316.4458083476420,47256900
2021-02-23,311.5803527832030,313.2473882716300,301.42306334466700,307.2382992934390,97241900
2021-02-24,314.1487121582030,314.4588651439500,306.23028696468900,308.92467817550300,58206300
2021-02-25,303.19671630859400,314.05183592483200,301.6556822348680,311.4931473273800,110182600
2021-02-26,304.4664001464840,309.2833257791750,301.30677898554100,306.12373419605300,104739800
2021-03-01,313.6253662109380,313.96459422674000,308.1493582226550,309.43838918932,49164500
2021-03-02,308.5951843261720,314.34256880454800,308.3432108792190,314.26504533882800,48370000
2021-03-03,299.6397399902340,308.4401177344460,299.58158999462000,307.4999867015870,86301100
2021-03-04,294.7356262207030,302.4311262035780,290.8684731744770,299.27150436710200,139131600
2021-03-05,299.1744384765630,300.0757927695710,288.29027630033100,297.3523268447940,121523700
2021-03-08,290.70367431640600,300.51203512418200,290.28692280023200,298.6317729607190,88409800
2021-03-09,302.1693420410160,304.06900708490600,297.4687166333100,298.0017680987760,80391100
2021-03-10,301.30682373046900,306.7246827589700,300.6186956204410,306.4242312076410,76798100
2021-03-11,308.2462463378910,310.01017856024100,305.1544772146570,306.0461300606250,53484800
2021-03-12,305.7457580566410,308.43047797154100,301.8011115793500,304.19502233019200,69315600
2021-03-15,309.011962890625,309.1767409392230,304.4276370409880,306.06559768993200,42955700
2021-03-16,310.70806884765600,314.2166196657640,309.2736627941330,311.2023734081660,54925900
2021-03-17,311.98736572265600,313.87732901291400,305.9589039878510,307.6744173190200,78258700
2021-03-18,302.4310302734380,308.0911894225710,301.97550229781100,307.1122819567350,82718100
2021-03-19,303.4972229003910,305.03825710361600,300.12437490714000,302.2663121808000,78446200
2021-03-22,309.1887512207030,311.25577228121400,305.88929446999300,305.88929446999300,56194800
2021-03-23,307.83984375,311.5954035747390,307.0246860032890,310.2756328272570,53455400
2021-03-24,302.6480407714840,309.24698344349100,302.50248217460300,309.20815794593000,64803700
2021-03-25,302.1239318847660,303.6378297955100,298.3004652722230,300.8041614179260,78729000
2021-03-26,306.6558532714840,306.97608211289700,300.51304493757600,301.91043676981800,63519600
2021-03-29,306.5685729980470,307.61662446358600,303.2302911223650,306.12218344931500,54608000
2021-03-30,305.0256652832030,305.5982156181680,302.327870178271,304.60838735325600,44635700
2021-03-31,309.69342041015600,311.2557989477640,306.4715847685920,306.81124129008400,55032500
2021-04-01,314.9725036621090,315.10834847578500,313.26453721468900,313.51685851674300,55685600
2021-04-05,321.2608337402340,322.02748171837100,317.21415729922200,317.4567647947560,42172500
2021-04-06,321.0377502441410,322.9882949559000,320.26138825609300,320.9504150733320,33537200
2021-04-07,321.81402587890600,322.6486111670160,319.6305581481030,320.5621627543300,32046400
2021-04-08,325.1717224121090,325.35610651026600,323.8713495618080,324.6671093943620,29940800
2021-04-09,327.1416320800780,327.34544369614700,323.0755577628150,323.81306439968900,36664900
2021-04-12,326.7147521972660,327.13203008039000,324.83211521854300,326.10337642585200,25833000
2021-04-13,330.5284423828130,330.99422979874700,328.02471656148100,328.23821233217400,30374000
2021-04-14,326.5594482421880,330.8972720510290,325.74429049749500,330.7711113973540,42564300
2021-04-15,331.50860595703100,331.8968016818080,326.278003217147,329.43190098231800,36342800
2021-04-16,331.8968200683590,332.11031588274400,330.02386739959600,332.0326648874160,40860100
2021-04-19,328.8594055175780,331.4795494048190,326.93794297479000,330.32476466150500,34533100
2021-04-20,326.46246337890600,329.48048742067400,324.4924910388120,328.1995419220030,38081800
2021-04-21,329.25726318359400,329.4416472865150,324.0945675321630,325.1814445924260,36598100
2021-04-22,325.2881774902340,329.8491811367840,324.13336331578,328.8690668857820,45936100
2021-04-23,329.3834533691410,330.69351053391900,325.9190102176330,325.9190102176330,36381900
2021-04-26,331.52813720703100,331.8095703109680,328.8788515941870,329.62610194444800,30812000
2021-04-27,330.09185791015600,332.0327184942120,329.14085517768600,331.81922264535800,33187200
2021-04-28,328.9757385253910,330.77103977666100,328.32553745692200,329.76178438097200,33615700
2021-04-29,330.15966796875,332.66336412713800,326.937833532547,332.2460863699350,37708900
2021-04-30,327.9956970214840,330.19859255069300,327.0834902553690,327.7142935836680,38263400
2021-05-03,326.2489318847660,329.9462685840970,325.80254228422600,329.1990479902380,29729700
2021-05-04,320.3778381347660,324.01695135854400,316.5640249687100,323.6966928103510,65147000
2021-05-05,319.3006591796880,323.28914284720800,318.52432683741400,322.42544572238700,46219300
2021-05-06,321.7073059082030,321.8625782847720,316.79693175802800,319.0386230172310,46814300
2021-05-07,324.3177490234380,326.69528498289100,321.8819600124240,324.48270555479800,53324500
2021-05-10,316.1273193359380,323.1143982975090,315.92350769169900,322.9397279868840,60700500
2021-05-11,315.69061279296900,316.4863725809250,309.5865991846510,310.2465141587870,71963600
2021-05-12,307.5196228027340,313.08016857875700,306.65592575857200,310.76085593256400,91164900
2021-05-13,309.89715576171900,312.866669605649,307.5293038630690,310.46002182452700,69877800
2021-05-14,316.7386779785160,317.6508549788170,312.5560972204390,313.0607397997420,44370000
2021-05-17,314.8172607421880,316.7192956178090,311.9447956788770,315.03075656808600,39395000
2021-05-18,312.6920166015630,316.99101523005400,312.42029733332100,315.76829333055800,36528500
2021-05-19,313.05108642578100,313.3519174298690,306.9470719461980,307.29644223121700,66319100
2021-05-20,319.1065368652340,319.96052014548800,314.3126391150430,314.53581909839700,46466100
2021-05-21,317.3403015136720,321.0764330594230,316.9812471772890,320.6591552963390,50330400
2021-05-24,322.6777648925780,323.8034675119380,317.2336359084850,319.6305997585060,32475800
2021-05-25,323.1240539550780,324.90964146681200,321.9498420357390,324.1915327977370,31280300
2021-05-26,324.24981689453100,324.7156043929030,323.10471647413300,323.79371355892500,25444900
2021-05-27,323.0367126464840,324.6476298482480,322.83293065796800,323.8033605663680,27931700
2021-05-28,324.0557556152340,325.64727538816900,323.73552667394800,324.24013972588400,29927400
2021-06-01,322.9786071777340,325.8607862429020,321.62969489713400,325.3852552758000,31145400
2021-06-02,323.6093444824220,324.45361397756500,321.891693772137,323.39584866403800,22047900
2021-06-03,320.241943359375,322.0469291884790,318.5728023487740,320.7756680855700,37057800
2021-06-04,325.67633056640600,326.12272009697,321.96928066931900,322.03721788043300,38736500
2021-06-07,326.6468200683590,326.7050435127180,324.4536382802470,325.1426354486120,32611900
2021-06-08,326.80206298828100,329.25725005460600,325.12320818685200,328.39355301587100,27282800
2021-06-09,326.8796691894530,328.9466900273450,326.6952851024470,328.17035779849900,21485300
2021-06-10,330.28582763671900,330.39256071213300,326.7728760813210,327.21926555016700,33702100
2021-06-11,331.14959716796900,331.1593109469790,329.6454421804350,330.29561384013800,21222800
2021-06-14,334.32281494140600,334.3324991021080,330.3925560700680,331.5764817348540,27827700
2021-06-15,332.139404296875,334.284046453268,331.42126590878400,333.9735017241030,35963800
2021-06-16,330.92633056640600,333.6726343260990,327.4716022735320,332.60515544567700,55399500
2021-06-17,335.1282653808590,336.13752079099700,329.8685517932760,329.9170614432600,59722700
2021-06-18,332.49853515625,334.6140660817930,331.7512848788850,333.4689654467030,55414900
2021-06-21,334.5650939941410,334.8857241584450,330.4748505082580,332.68999755887500,32992600
2021-06-22,337.6836242675780,338.13053159102300,334.05971080589000,334.3608907031600,28941600
2021-06-23,337.8488464355470,338.9953049558190,337.0133225753750,337.6254075494480,27188500
2021-06-24,339.9377136230470,341.46303387726100,339.2381921776650,339.78226111856900,32581600
2021-06-25,339.5198974609380,340.7440673140970,338.9175375806630,340.5011783527260,28682800
2021-06-28,343.6490478515630,343.78507991676600,340.7441050397930,340.80239602501300,39130300
2021-06-29,344.8925476074220,344.92169309236900,342.63856092260300,343.47408459077600,29426000
2021-06-30,344.3485107421880,345.1257731621190,343.76557133962200,344.73712712738800,32724000
2021-07-01,344.48455810546900,344.9897564637460,342.648303353147,343.99878018998000,29290000
2021-07-02,348.43878173828100,348.7593821022510,346.1458946628320,346.37905856390000,32727200
2021-07-06,349.9447021484380,350.22646164532900,346.349933662475,349.041162328563,38842400
2021-07-07,350.68304443359400,352.4415578919640,348.7302079739390,352.14037799464300,35265200
2021-07-08,348.56512451171900,349.4200985088240,344.33887976392400,345.6213111100470,50890000
2021-07-09,350.7413635253910,351.2174163723200,347.39920925212600,347.98214865318900,35184500
2021-07-12,352.11126708984400,352.56789950313200,350.56646727183500,352.140412577946,25717700
2021-07-13,352.11126708984400,355.07450042851500,351.2562932394710,351.73234609498500,39723000
2021-07-14,352.7427673339840,355.0939157390000,351.91693898364900,354.45268536048800,35336400
2021-07-15,350.2652893066410,352.85935636038900,348.26388671366400,352.6553379425300,53391600
2021-07-16,347.4283752441410,352.1015564750910,347.0785997230480,351.12027558621300,47262000
2021-07-19,344.5816650390630,345.0771382727000,342.0264688643930,343.97927561366500,64404600
2021-07-20,348.5845642089840,350.0321730725410,343.73647990399600,345.5144438789270,42183700
2021-07-21,351.2757263183590,351.2757263183590,347.9335718645990,348.1570403811090,30259900
2021-07-22,353.5978088378910,353.60750423595300,351.47979427948200,351.47979427948200,30252200
2021-07-23,357.72686767578100,358.0085975181970,353.5686099185460,354.91905710150700,31960800
2021-07-26,358.00860595703100,358.3972520169590,356.17238081686000,357.0370501062760,28438100
2021-07-27,354.06402587890600,357.7462301719110,349.91549383976500,357.7462301719110,57933100
2021-07-28,355.4242858886720,356.998231370159,352.90795963703100,355.2008470048350,42066200
2021-07-29,356.0556640625,357.2215128523190,354.8606401446540,354.8606401446540,25672500
2021-07-30,354.2001037597660,354.78304316743000,352.10153968189200,352.13068516979900,36484600
2021-08-02,354.2292175292970,356.44436336044900,353.5199711877010,355.86142400498200,27334100
2021-08-03,356.3763732910160,356.4929552406910,351.7031923611630,354.8898941335920,35558500
2021-08-04,356.8912658691410,357.84340112520600,355.2299139305760,356.33747200644400,29602200
2021-08-05,359.15509033203100,359.38825426520100,356.99823500160900,357.70745184817900,21443900
2021-08-06,357.58111572265600,358.8635765497480,356.47355748073600,357.8920207079270,33332100
2021-08-09,358.2417297363280,358.766348445876,356.93984870787000,358.0376816997560,25960200
2021-08-10,356.4055480957030,359.0481812206710,355.2202487606180,358.75672632250700,35130800
2021-08-11,355.79339599609400,358.1639942187620,354.46236946318700,357.66852098541500,34249800
2021-08-12,357.0758972167970,357.43536811406900,353.93776135089800,355.28823812662700,25969200
2021-08-13,358.3291931152340,358.659518507022,356.930150485588,357.42565339803300,19336200
2021-08-16,358.484619140625,358.52346001947900,353.354806426924,357.21188359429500,34856900
2021-08-17,355.3270568847660,356.7066492975720,352.89816777113700,355.73509365212100,44793900
2021-08-18,351.9072265625,356.1917913024980,351.57690114042100,354.79274854455900,38541900
2021-08-19,353.6073913574220,355.27846828638000,349.7211686993350,349.97378265995900,48499400
2021-08-20,357.2702331542970,357.66857459932300,354.3652610843770,354.67616606335400,39486000
2021-08-23,362.61383056640600,363.30362697510100,358.30011986359400,358.30981526121400,34034700
2021-08-24,363.7213134765630,364.32367328454300,362.74003270254600,363.2063901262380,21732900
2021-08-25,364.13909912109400,364.71234313017900,363.225834304302,363.97395124012700,20441900
2021-08-26,361.8268127441410,363.96421764744800,361.3896007880280,363.2841463984760,29133300
2021-08-27,365.3438415527340,365.8490398813780,361.97254183101100,362.45831971800600,27104700
2021-08-30,369.44390869140600,369.9296867106610,366.11144894567100,366.13089904214500,27295700
2021-08-31,369.1426696777340,369.75472497853700,367.59786973187400,369.686738600358,29628200
2021-09-01,369.75469970703100,371.8241183407130,369.5506812873750,370.20163673041500,28138300
2021-09-02,369.57977294921900,371.43544784696000,368.3653283551100,371.10512247530500,25453400
2021-09-03,370.716552734375,371.11489416925700,368.41397023843300,368.4333906805510,24605400
2021-09-07,371.2411804199220,371.8921358655910,369.66726473429600,370.8234185329040,23970200
2021-09-08,369.94903564453100,371.06631894293300,367.68532355818800,371.06631894293300,32949200
2021-09-09,368.67626953125,371.2800318811060,368.43338058855000,370.17247372014900,29399000
2021-09-10,365.87823486328100,371.10521037835300,365.54790941338300,370.38626849619500,40249400
2021-09-13,365.6255798339840,368.63740873290000,363.57561133523900,368.20992181049700,48741800
2021-09-14,364.58599853515600,367.84068638433600,363.63386328299100,367.11201961520200,41826600
2021-09-15,367.29669189453100,367.64646743225000,362.7498174509160,365.04270476620000,34097900
2021-09-16,367.5493469238280,368.1225614042240,364.0420440057610,365.96570590448800,35193100
2021-09-17,363.19671630859400,367.1218103087530,362.1571740657110,367.07324437527000,60912300
2021-09-20,355.6919250488280,359.14476056928800,351.052446315012,357.40373906547500,76203200
2021-09-21,356.1296081542970,358.7168157950650,355.0013501820700,357.52046638119500,41927500
2021-09-22,359.45599365234400,360.91494318773000,355.9447730023300,357.04385306817200,46972900
2021-09-23,362.77264404296900,363.8036325830600,359.97145643124800,360.61339773246700,44652000
2021-09-24,363.1130676269530,363.53132237880200,360.1368129986180,360.5064182906500,36056800
2021-09-27,360.21453857421900,361.08990209737000,357.6662455631460,360.0686496007600,43338100
2021-09-28,350.021484375,360.1660409313430,349.5157258263750,355.66277441308400,97701600
2021-09-29,349.447509765625,353.4255743394460,348.82504021102100,351.2857999976480,58076600
2021-09-30,348.1636657714840,352.7544942625840,347.3272157221570,351.09130030893100,61384600
2021-10-01,350.3229064941410,351.3636308081300,344.6816476164100,348.7861595912770,56375500
2021-10-04,342.9698181152340,349.0390380839240,340.7327742551450,348.7083464504920,76766000
2021-10-05,347.5996398925780,349.84642009446200,343.8063765440990,344.0300631718560,47232900
2021-10-06,349.8269348144530,350.0992708754430,343.4853484647590,344.3898900585050,56806500
2021-10-07,353.0365905761720,355.68215344387600,352.3362936499440,352.87122991088900,39411200
2021-10-08,351.276123046875,354.3496467593130,350.74115710996500,354.11619466511100,41822300
2021-10-11,348.5819396972660,353.26030184571600,348.49437661062400,349.739345608254,34847200
2021-10-12,347.3661804199220,350.4688525299560,346.72423904744400,350.0311854685430,43905100
2021-10-13,350.1478576660160,350.81897676780100,347.648183891679,349.6712770247830,40120800
2021-10-14,356.59637451171900,356.8103549187940,353.0754484627130,353.73683165461900,43433900
2021-10-15,358.8431701660160,358.95988136016900,356.78119324956900,357.8121817077920,40419900
2021-10-18,362.45172119140600,362.665701662127,356.9466142468690,357.54964202369900,34513500
2021-10-19,365.1944580078130,365.2430777774370,362.50027569432100,363.5215283156260,29091000
2021-10-20,364.7178955078130,366.26437825684000,363.23947450315700,365.65161478069000,31390300
2021-10-21,366.94525146484400,367.13978994323400,363.6188631341590,363.9203769979810,25469300
2021-10-22,363.8619689941410,366.6534206308840,362.19877506830100,365.6905235710400,36275800
2021-10-25,367.5871887207030,368.5014661306030,363.33678718872400,365.28205322129300,32597800
2021-10-26,368.7445983886720,372.23634710908200,367.5677208330090,369.82423639548500,47191300
2021-10-27,369.6004638671880,372.66425124960700,368.92934486083700,369.1919450310790,45760500
2021-10-28,373.7050476074220,373.9579416825160,370.7287930405600,371.49718141168100,38007000
2021-10-29,375.5433349609380,375.7086956406970,370.281416249106,370.6315499016710,37310100
2021-11-01,376.8271179199220,376.9535649328840,373.8995133810820,375.9809321345880,30765300
2021-11-02,378.40283203125,378.8794423541160,376.1657881505040,376.2144079243630,25135300
2021-11-03,382.4197998046880,382.8380248315270,377.8484429446030,378.88913759797700,33748900
2021-11-04,387.3218994140630,388.2750904027310,383.1395895493530,383.6842616336200,40265300
2021-11-05,387.6915283203130,390.01610580693100,386.29093439471000,389.09212224591500,43383800
2021-11-08,387.1662902832030,388.68359539126700,386.5243489401910,387.6623426124410,29256300
2021-11-09,384.5012512207030,388.63494111094900,383.1395710756910,388.2361580537660,50490700
2021-11-10,378.8502502441410,384.5401289612190,376.92442641715400,381.729235316056,54937400
2021-11-11,379.9007263183590,382.0016171956970,379.56029882613400,381.82655037652,32243000
2021-11-12,383.8982238769530,384.43316010787500,379.45328432637600,381.0483868740120,34730600
2021-11-15,383.8106689453130,385.3960653814900,381.3693804579640,385.07510957260100,33716900
2021-11-16,386.54376220703100,387.03978477893800,382.8866531746900,383.0811619362060,27872900
2021-11-17,386.7480773925780,388.78087686824900,385.78518018894600,386.86478860727200,28703300
2021-11-18,390.7552490234380,391.26100742176200,386.5729396249580,388.7905413443790,45721500
2021-11-19,392.93402099609400,394.2081679319990,391.5626048175630,392.3893488562750,45191700
2021-11-22,388.3724060058590,397.52488753479,388.26543060661700,394.47083487011900,61715400
2021-11-23,386.6021728515630,389.27691358306100,382.1669687768330,387.21490670410500,70098700
2021-11-24,387.84716796875,388.12921018442900,381.7973891566020,384.12196673194400,46954400
2021-11-26,380.4940185546880,386.66050784137300,379.10313088983800,385.2696201765240,51533300
2021-11-29,388.7516784667970,389.76322507789200,384.3262102771610,385.0556850127540,54447100
2021-11-30,383.0423583984380,390.2106592936950,381.02900084263900,387.86661005974300,81332700
2021-12-01,376.5257568359380,389.52015172619800,376.05891190015000,387.38034682914000,77766500
2021-12-02,379.2392883300780,381.01919343331100,373.8217160857390,375.24175177395300,84416600
2021-12-03,372.6448974609380,381.60283935443000,368.5306490591680,380.60102852102000,105349100
2021-12-06,375.630859375,376.9925395765380,368.9196682345570,373.1311855550030,67588800
2021-12-07,386.9425964355470,387.5553600113220,382.2350559963300,382.27396962972700,56005300
2021-12-08,388.673828125,388.8781024101650,385.37661795077200,387.273264023644,39204000
2021-12-09,382.9548034667970,389.24774019188300,382.7602649929760,387.4483631974560,49973700
2021-12-10,387.11767578125,387.38027600962300,382.5949085157790,385.7657016429060,52545800
2021-12-13,381.5250244140630,387.4288840777840,381.15541913036500,387.1079282528070,50166400
2021-12-14,377.5760803222660,379.4143409548300,373.13114112014500,376.7006870204360,75199200
2021-12-15,386.1839294433590,386.5438285946550,373.3743691680470,377.3232568620720,73858000
2021-12-16,376.2532958984380,387.5747567536780,374.6678995710290,387.1467959162520,82591400
2021-12-17,374.3760986328130,378.5389658742490,371.3220173604440,372.8393221701560,80492500
2021-12-20,370.7445373535160,371.533373856162,367.60865814683500,369.6538019286370,65336800
2021-12-21,379.0419921875,379.3536394122620,370.2673960601500,374.0167921394010,48899500
2021-12-22,383.65814208984400,383.86264755757700,378.08757482728100,378.7498028220550,37042200
2021-12-23,386.550537109375,388.02106837414000,383.84316538472800,384.0087075166380,29595500
2021-12-27,392.93914794921900,392.93914794921900,387.8165552575590,387.8457703226320,32820700
2021-12-28,391.1180419921880,394.0104527999990,390.2415601729180,393.8351623802080,33113700
2021-12-29,391.0596008300780,392.52041372779300,388.68334280550400,391.25438777123300,32248500
2021-12-30,389.89093017578100,393.0268094113680,389.3065991298360,390.84530882119100,23850100
2021-12-31,387.4562683105470,390.5823994941910,386.9595824300410,389.21898010882600,34752900
2022-01-03,391.186279296875,391.439496421577,386.51168907670100,388.62498213645000,40575900
2022-01-04,386.1123352050780,391.7705482299660,383.01541893348000,391.7315848969010,58027200
2022-01-05,374.2505187988280,385.54747736079600,373.99730172965100,384.42749707501200,75739800
2022-01-06,373.9875793457030,377.2306007150050,370.199219910222,372.42940265304200,70814300
2022-01-07,369.9361877441410,375.6820747117180,368.1637576183190,373.9972600596950,72652300
2022-01-10,370.1796875,370.69586988679400,359.661847242509,365.0279090976710,91770500
2022-01-11,375.74053955078100,375.9060816926200,367.36520682533400,369.4492843140460,68295700
2022-01-12,377.2305603027340,380.00611053470800,374.95169592751900,378.31154749648700,54576400
2022-01-13,367.79376220703100,379.2952275240130,366.85885020807400,378.61350290208300,77994000
2022-01-14,370.08233642578100,370.4134504382260,365.06685520469000,365.27139040203800,80121200
2022-01-18,360.8695068359380,366.39139326644800,360.1098852353700,364.2683520905440,75450900
2022-01-19,356.9058532714840,364.9013616697190,356.6428879028100,362.42770992919900,81791500
2022-01-20,352.2701721191410,364.1027509832260,351.73455259619800,360.1293528653300,88610700
2022-01-21,342.502197265625,352.7181393726710,342.21976511466200,350.07894570355400,143388900
2022-01-24,344.07012939453100,344.7323871817220,325.4204234632390,336.87320642826600,198685800
2022-01-25,336.0941162109380,341.8594715046260,332.7537308094480,337.613389137773,124398400
2022-01-26,335.5681457519530,347.5565456914220,331.8771508517300,343.6902604084700,146559500
2022-01-27,332.1888732910160,342.0931685236830,331.1662863860780,340.2720264541340,95255700
2022-01-28,342.6092834472660,342.8235371800630,329.12113570448400,334.0684086431920,108167900
2022-01-31,353.56536865234400,354.149699698525,342.3365891287710,343.9727220021400,94326400
2022-02-01,355.97088623046900,356.6233957534100,349.7575868291190,354.9093657280360,74433000
2022-02-02,358.86328125,360.43123585657400,354.773023033465,360.10012183811500,78777100
2022-02-03,344.3135986328130,352.4746783595390,343.2520781277820,349.1635083008550,95384800
2022-02-04,348.6570739746090,351.9584954869840,342.7748593755460,344.82972180603200,86318300
2022-02-07,345.8523254394530,351.61765032861600,344.5960180338170,349.25114058242600,58198100
2022-02-08,349.7380676269530,350.8288031286310,343.5831690442690,344.71286787681000,64720900
2022-02-09,357.1492614746090,357.22715841338400,352.6596813646490,354.25685095249300,55766400
2022-02-10,349.066162109375,356.91559567208000,347.22555300721400,350.12768275819200,112468500
2022-02-11,337.9931945800780,350.66332306833500,336.76610206327500,349.0661531435880,101569100
2022-02-14,338.4118957519530,341.81074053043300,334.9059686837340,337.43802051737800,80254400
2022-02-15,346.8261413574220,347.0598618690620,342.62874208745900,343.6902623715720,55128800
2022-02-16,346.73858642578100,347.7611436507020,341.54781418950700,344.57658196938300,58947100
2022-02-17,336.4252624511720,344.22598404772400,336.00647344965500,343.52479258418200,61801400
2022-02-18,332.5881652832030,337.74969251719700,330.2800855630900,337.36014833883600,80001500
2022-02-22,329.2477111816410,335.0520287130780,325.61517574368200,329.6470035760060,85967100
2022-02-23,320.81396484375,333.24059154227600,320.5023176630170,332.40307317940700,86215400
2022-02-24,331.5947570800780,332.1304062718500,309.9455304218850,310.51036496050900,130614100
2022-02-25,336.73681640625,336.94135159639,328.5757672146630,332.3933413462360,78842100
2022-02-28,337.73992919921900,339.43449236604500,332.40311178089300,333.5620257210730,77515500
2022-03-01,332.5686340332030,338.9864680636290,330.0463008202970,336.7173519143620,67407000
2022-03-02,338.1489562988280,339.48316059979800,331.3512965393580,334.1170986077120,70609000
2022-03-03,333.31854248046900,340.89529050718300,331.45843724286700,340.78814877836500,71089400
2022-03-04,328.4881896972660,332.393439908502,326.1703910045440,330.96184175458200,76936300
2022-03-07,316.3730773925780,329.63728233789800,316.1685719260240,328.4783684935690,89933800
2022-03-08,314.9025573730470,324.5049527472840,311.5816393165120,315.58425219278500,116153900
2022-03-09,326.23846435546900,327.59216523477100,320.49260625639800,323.08311801855400,64723400
2022-03-10,322.6156921386720,323.82331784104500,318.17482270496200,322.17746604211300,69362700
2022-03-11,315.9251708984380,325.8976751121600,315.43823320293400,325.58602785416200,66228400
2022-03-14,309.8579406738280,318.0579546755950,309.1567492160720,314.6883542048610,79802600
2022-03-15,319.57708740234400,320.35620526401800,310.8901387169030,312.4970265836650,76471000
2022-03-16,331.42926025390600,331.54612053854300,319.8206532148060,323.4921822389420,105243000
2022-03-17,335.4415283203130,335.499958446336,328.2348588144380,329.53009956837000,67810000
2022-03-18,342.3074035644530,342.5995839728810,332.62708116075300,333.7859950907960,85446300
2022-03-21,341.355712890625,343.6959267738550,336.96785649515300,341.472747390431,73799100
2022-03-22,348.06427001953100,348.9321048086690,341.47275472750200,341.85302014961200,63345900
2022-03-23,343.0621337890630,348.7468627183790,343.0036314121790,345.1878292583710,70615500
2022-03-24,350.68719482421900,350.73596663379300,342.8280596036390,344.98297609778400,53555300
2022-03-25,350.3947448730470,351.6818566630690,346.09464168165100,350.628754377757,57584200
2022-03-28,355.8161315917970,355.9136454569460,349.1465938629710,350.38493365490300,56833900
2022-03-29,361.939697265625,362.56373256036500,356.93753556395200,359.7067572779280,68073000
2022-03-30,357.9418640136720,361.73493685192100,356.45975415979000,360.07729010507100,68757700
2022-03-31,353.5052185058590,358.4391168355060,352.66663492729300,358.0880728528100,67011400
2022-04-01,352.83245849609400,354.54857786742500,349.65369038520500,353.76852631291600,54527800
2022-04-04,360.09674072265600,360.10650103702400,353.4077116185240,353.67097229295600,45950200
2022-04-05,352.1011962890630,359.3557897970500,350.9603402364000,358.64397108410100,62738700
2022-04-06,344.4565124511720,347.8887807691180,341.8237865192820,346.7869364328610,90077100
2022-04-07,345.27557373046900,347.46950207698900,340.00039133532200,343.4619108236750,63777400
2022-04-08,340.44891357421900,344.29072819287900,339.8151180142690,343.5399278842690,61956100
2022-04-11,332.394775390625,337.1336461991480,332.05349170625700,336.2170693357860,66107400
2022-04-12,330.99066162109400,339.0253050777090,329.61579631478400,337.14340927653500,72790200
2022-04-13,337.71868896484400,338.77176141426700,330.6103532208050,331.33190231102000,61367800
2022-04-14,329.9960632324220,338.3232483542660,329.7815446072720,337.80645754236600,73519400
2022-04-18,330.2496643066410,332.5411069864080,327.4219398273180,328.9430614025970,58560600
2022-04-19,337.63092041015600,338.2062135453220,328.58218697027700,329.6060081883250,56515700
2022-04-20,332.7068176269530,338.8985774684600,331.4879684359900,338.4402889823750,65500000
2022-04-21,325.82275390625,339.2008435755000,324.8964463920440,336.587638098854,75801000
2022-04-22,317.29071044921900,327.1975169660710,316.86167329540200,325.97866817842300,82562100
2022-04-25,321.3665466308590,321.67857907479,314.3947372353850,315.6623578799590,101755900
2022-04-26,309.23663330078100,319.4944558229730,308.96358255665700,319.30918839349300,105819600
2022-04-27,308.8661804199220,314.83366197617300,307.15003104168300,309.3341995179410,111204200
2022-04-28,319.8357238769530,321.6688774536270,309.60712328307900,313.82923269772600,99450000
2022-04-29,305.44354248046900,319.07515965390800,304.80974698698800,315.63313145885600,91977900
2022-05-02,310.5432434082030,310.7772529007870,301.9332771565140,305.03402196148,115511800
2022-05-03,310.87481689453100,313.1662594023680,308.1055950099550,310.56278434940900,78185500
2022-05-04,321.3861389160160,322.0589460045460,306.06765165068000,311.35256472176400,116083400
2022-05-05,305.1998291015630,317.14455084755000,301.9040562178670,317.0665575945600,154607400
2022-05-06,301.5432434082030,307.2377023806190,297.50640122599700,303.20088995546800,139572800
2022-05-09,289.7447814941410,301.64075976693000,288.3504253646000,295.91704956152600,113387300
2022-05-10,293.26483154296900,298.1402275733700,289.17924728892800,296.9213785657700,124124600
2022-05-11,284.5671081542970,296.51182827022700,283.69930314607400,291.00263678041300,140326100
2022-05-12,283.8943176269530,288.37968812743000,277.83908381769000,280.28654225693900,120910900
2022-05-13,294.4153747558590,295.448956182402,286.7512378445900,288.3503817918,83684900
2022-05-16,291.0027160644530,294.7275267387600,289.7253643539920,292.67009360702100,59190400
2022-05-17,298.5400390625,298.9203045116110,293.0600684613580,296.8629014948220,62715300
2022-05-18,283.88458251953100,294.71769852776900,282.6267219754770,294.025400603484,79477100
2022-05-19,282.36346435546900,287.0536233934310,280.413305660472,282.08071276977800,79920700
2022-05-20,281.48583984375,286.4782402945010,273.22691831272100,285.82495393267800,91764200
2022-05-23,286.1662902832030,286.5465557453120,280.13054689629200,282.52923369769400,63648400
2022-05-24,280.081787109375,281.66141091858100,275.21615060325400,280.9496220270840,73491100
2022-05-25,284.00164794921900,286.07857192290600,278.3851808380710,278.5899391890220,67144500
2022-05-26,291.8704528808590,293.4208550430780,282.9192326893720,283.2020139981040,59462200
2022-05-27,301.3970642089840,301.54332017519900,294.8835406190050,295.0005453919770,66985600
2022-05-31,300.5974426269530,303.5714225615590,296.7458675248370,301.3677635987880,60968300
2022-06-01,298.3742370605470,304.8585078295690,296.1608179752850,302.7328423020080,65341700
2022-06-02,306.5454406738280,306.72094780932800,295.8390590524460,297.2529359660000,59291300
2022-06-03,298.56927490234400,302.7328525405800,297.321174666632,301.32873605577300,60914700
2022-06-06,299.5638427734380,304.5660039935260,298.0037100512010,303.00587127128900,51785000
2022-06-07,302.1477966308590,302.9278778701050,295.1467348920730,296.2388188699600,44900300
2022-06-08,299.9734191894530,303.9517297604240,299.1250751769180,301.34825485773800,38342100
2022-06-09,291.938720703125,301.3482294885750,291.77297389502900,298.2864961255870,55900500
2022-06-10,281.6418762207030,287.5216026829030,281.1933481148440,286.33200485314700,85963500
2022-06-13,268.546630859375,275.3039242046250,267.68855619514100,272.7784720379270,94442000
2022-06-14,269.03411865234400,271.7155865820100,266.52815784547100,270.7405073348580,64697500
2022-06-15,275.75238037109400,279.68194827863300,269.7166378626100,272.4566377365890,86051400
2022-06-16,264.62677001953100,269.1803734200170,262.56933734330000,268.7220849855620,81910300
2022-06-17,267.8445129394530,270.2822109859680,263.76868894737300,265.397054578494,82703400
2022-06-21,274.6021423339840,276.9175477266970,272.2184026530170,272.3258532528720,51633700
2022-06-22,274.2015686035160,278.6076088822080,271.5051672393200,272.10109459964200,67472900
2022-06-23,278.2852478027340,279.1351926915740,273.8498699692130,276.683029536765,57457800
2022-06-24,287.8202819824220,288.2403946837070,280.8741562890390,281.1086156093790,58422300
2022-06-27,285.7100830078130,289.7448762013790,284.57681329074400,289.1782562499730,54151500
2022-06-28,277.0054016113280,288.8362940946560,276.81977806261300,286.2473733023830,61609800
2022-06-29,277.2594299316410,278.76394687885900,274.36765551748500,276.868654440148,57302700
2022-06-30,273.82049560546900,277.3961485990520,269.4242053400510,274.27966489242700,79313600
2022-07-01,275.6279602050780,276.01873573364400,270.64549022663900,272.5212545037230,56675100
2022-07-05,280.3465881347660,280.46381779289900,270.3719005317920,271.89594571604500,61829300
2022-07-06,282.1441650390630,284.24463896136100,279.0081525835330,280.72760032166400,63194700
2022-07-07,288.1817626953130,288.8851704287080,282.95505535271500,282.95505535271500,56620100
2022-07-08,288.543212890625,289.9109417837040,284.4106889856480,285.34855596743800,59895500
2022-07-11,282.3786926269530,286.3548713416810,281.4994403008100,286.13019108228700,55273900
2022-07-12,279.6432189941410,285.5440277206610,278.0507796846210,283.6292068067480,55797100
2022-07-13,279.06683349609400,281.41151653972300,273.566579098107,274.13322897066000,73939400
2022-07-14,280.063232421875,280.9327054075990,273.35153780447300,276.468021403477,63741800
2022-07-15,285.1434326171880,285.2509130128910,281.44077025302900,283.05276748878100,63818100
2022-07-18,282.7303771972660,289.33459333825100,281.55805071888200,287.92777771278400,59519600
2022-07-19,291.4252624511720,291.7183664353130,284.75268212662300,286.3548706124070,55172600
2022-07-20,296.0462646484380,297.2283702220620,291.0637950490180,291.84537586095700,67769400
2022-07-21,300.2960510253910,300.35466586575300,293.84815025713900,296.50546567254000,55049400
2022-07-22,295.03021240234400,301.43902572615200,293.20331391412900,299.36788883439500,57127700
2022-07-25,293.3498229980470,295.52844008286400,291.3470802058320,295.05949165968300,40582400
2022-07-26,287.5857849121090,291.9039323185090,286.7749266595330,291.6499148786460,50074100
2022-07-27,299.7391357421880,301.42927622650300,291.58156710744400,292.1482168992010,69304400
2022-07-28,302.6700134277340,303.2464125140100,295.772722918395,299.5242214249340,55139900
2022-07-29,308.1897277832030,309.098317152877,302.78717638335100,304.21354989028900,57501000
2022-08-01,308.004150390625,311.4625744787070,305.32730707021400,306.4214903306960,46358800
2022-08-02,307.0858154296880,311.20856086070900,304.65321047884200,305.7083370747140,48676500
2022-08-03,315.4485778808590,316.2692153679040,308.7075738546770,308.7661886884470,53735700
2022-08-04,316.9237060546880,317.236338326772,313.37736011725600,315.5266697200190,38973700
2022-08-05,314.3348388671880,316.36688935371100,311.0522888933580,311.8338398925770,53894000
2022-08-08,313.3188171386720,318.94608006953600,311.85338656828100,315.25319622472200,43878500
2022-08-09,309.7724609375,311.67753254659200,308.1507440589600,311.42351504824400,39764200
2022-08-10,318.41851806640600,318.711622070284,314.63771194904800,317.1094036623510,51459600
2022-08-11,316.61114501953100,322.7464131219050,315.90773715620300,320.74366994336800,45897700
2022-08-12,322.77569580078100,322.97106862108100,317.6076032036240,318.66269991315800,40928400
2022-08-15,325.38409423828100,325.88235000858400,321.8084412471270,321.8279993960810,38266600
2022-08-16,324.6221618652340,326.7128570143590,321.57407120774300,324.4072308668600,41186900
2022-08-17,320.91949462890600,323.7917407421920,318.8385785861930,321.4861444413280,47842200
2022-08-18,321.6913146972660,322.8734203319820,319.2587095130790,320.87067716301300,41937200
2022-08-19,315.41925048828100,319.30753686380000,314.65722781123800,318.6529945948620,51770600
2022-08-22,307.1151123046880,311.39417374431600,306.30425395365500,311.15971442628400,51098900
2022-08-23,306.861083984375,309.69424302076800,306.10881074828100,306.88061232020400,39497100
2022-08-24,307.75018310546900,309.5673026088860,305.77671762390700,306.3824241250460,38057100
2022-08-25,313.1917419433590,313.21130009460900,308.4828487016470,309.52816629459400,38098300
2022-08-26,300.3546142578130,314.1003584319970,300.2666920123760,312.89869478251200,69047700
2022-08-29,297.39447021484400,300.13970764196400,296.2905077976390,297.59962213751800,48321900
2022-08-30,294.08251953125,299.66094524908900,291.5619927249910,299.0454597995630,51184500
2022-08-31,292.3729248046880,297.8829580163020,292.2654742078940,296.98414748868200,50044000
2022-09-01,292.4999084472660,292.8711555938860,286.1985754742800,289.88167989587700,57990700
2022-09-02,288.367431640625,296.7496811199100,286.7554342127630,295.37217284959300,64666800
2022-09-06,286.2962341308590,289.7644372216000,284.16648248606500,288.8460984730640,57005400
2022-09-07,292.079833984375,293.0763159744170,286.5111862526930,286.77498281936500,49260400
2022-09-08,293.59405517578100,294.9129483640320,288.64092358811500,290.0086525256780,55649800
2022-09-09,300.01263427734400,300.51089008221200,293.5940428934960,295.8508029996290,56125200
2022-09-12,303.57855224609400,303.91071289251700,301.07755341422400,301.39018572177200,45905700
2022-09-13,286.9312438964840,296.03642750924700,286.04221266779200,294.84454309228400,79562200
2022-09-14,289.2076110839840,290.08686347686900,286.30605731748100,288.0743411811010,54907200
2022-09-15,284.3912353515630,289.6960869236580,282.78901693148500,287.2927891078030,65299400
2022-09-16,282.65228271484400,283.0430582749540,279.03754170172700,281.08915066013700,79920400
2022-09-19,284.85333251953100,285.009929593157,279.95001919015600,280.00873935928600,52613800
2022-09-20,282.5827331542970,284.8729092204190,280.2827604379440,282.34782262362900,51271100
2022-09-21,277.5228271484380,287.6916318605770,277.3858233676280,283.42444346717200,82931000
2022-09-22,274.1070556640630,277.0040261404580,272.8836693298610,275.9959569957900,62757100
2022-09-23,269.64422607421900,271.9344023987880,266.2285100882770,271.64077166927500,74815200
2022-09-26,268.52850341796900,273.5394909559410,267.7357511635230,269.1744552304510,71176700
2022-09-27,268.6360778808590,274.2440617698410,266.31651228221100,271.8951659614630,69780100
2022-09-28,273.9798583984380,275.26196507299500,267.1386905841970,268.6165211798840,79652100
2022-09-29,266.0816650390630,270.36841610769600,263.11617736207900,269.98670518368900,81216000
2022-09-30,261.5698547363280,269.3310122476340,261.41325766558800,265.25957801190700,78482400
2022-10-03,267.7063903808590,269.30169153769200,261.83413377480700,263.34135466669000,61267400
2022-10-04,276.12322998046900,276.82790179562400,273.0500687714270,273.0500687714270,66696900
2022-10-05,275.9764709472660,277.7674959008720,269.55614005462200,272.3552344355480,55766300
2022-10-06,273.80377197265600,278.1296511212500,273.48078112028100,274.97820542061600,53489400
2022-10-07,263.3706359863280,269.2918143460590,262.0395760224380,269.16457737879400,71354700
2022-10-10,260.7379455566410,263.9579074840270,258.02693157551700,263.5663998737210,60393000
2022-10-11,257.15582275390600,261.9319280657340,255.47244186314500,259.0643174959780,66522500
2022-10-12,257.06781005859400,259.71030747132800,256.37293475983300,257.7920454441240,50580200
2022-10-13,263.09661865234400,264.41788206770600,248.8465999207840,249.72744717566500,112894100
2022-10-14,255.1886749267580,266.02299496319600,254.60147319131900,265.42599657622,77244300
2022-10-17,263.6153259277340,264.4863615743300,261.06087941416900,261.1587563065970,64576500
2022-10-18,265.6999816894530,271.30796623349600,263.0182981983640,270.642451152486,69781000
2022-10-19,264.7310791015630,267.85316427713000,262.3626192311700,264.1830042620750,53115400
2022-10-20,263.3804931640630,268.9885092227870,262.2158563642060,263.84048781322000,60605500
2022-10-21,269.55615234375,270.0944305591330,261.13924564715400,262.27455211951700,77897700
2022-10-24,272.5215759277340,273.4513317035030,266.17952985624700,269.82032910449900,63963600
2022-10-25,278.1589660644530,278.54067703388100,271.98331267597900,273.4611732993980,59014500
2022-10-26,272.0126647949220,277.93387389821500,271.5233101517330,272.53137952198900,63492400
2022-10-27,267.06036376953100,272.3551839104450,266.5416491093300,270.8969168194280,57760300
2022-10-28,275.2326354980470,275.70242672293,266.2676545644340,266.43404829028000,62651300
2022-10-31,272.0322570800780,273.8037184923800,270.1139653810980,272.9816062790330,47742000
2022-11-01,269.2526550292970,276.06449209440800,268.89053742922800,275.5066207207610,45895900
2022-11-02,260.0234680175780,272.2866938029870,259.9549512013640,269.2233290522430,79803100
2022-11-03,254.9439697265630,258.86860348070700,254.56228864022900,257.4103362172950,70038900
2022-11-04,259.0448303222660,260.9337325402490,253.56405099994700,259.8767393934130,78313200
2022-11-07,261.89276123046900,262.4310691494780,257.9583614497790,260.0919400929860,47333800
2022-11-08,263.80133056640600,267.040856174654,259.866899804266,263.40985279403200,63213800
2022-11-09,257.7137145996090,262.84214126756000,257.42988056763800,262.05918585199800,64862100
2022-11-10,276.73004150390600,277.02364233290300,268.0195351189070,270.13355069119400,99256700
2022-11-11,281.8291015625,282.49464653858400,275.2032508265350,276.54407769304100,66961800
2022-11-14,279.36279296875,283.0525163828220,278.3840836407680,279.77383416051300,55290700
2022-11-15,283.22869873046900,287.01629894350900,279.8814997818300,285.9886362575640,73985400
2022-11-16,279.36279296875,283.316787016794,278.5406807173850,281.2712881054510,48859800
2022-11-17,278.7461853027340,280.2240458608110,274.74326796534500,274.8998650329680,55462100
2022-11-18,278.7560119628910,281.8585039624070,276.30923852006200,281.76065691896600,53588600
2022-11-21,275.8883972167970,278.52109793004700,275.0564882830380,277.36622804771100,40083500
2022-11-22,279.8619384765630,280.0185056820930,274.48880406730200,276.62241305758800,41873400
2022-11-23,282.67083740234400,283.2971958456880,279.7053493109650,279.8815098230460,46390000
2022-11-25,280.8113098144530,281.78022254764700,280.3219551220780,281.0755505959130,15498800
2022-11-28,276.69085693359400,280.85037084364500,275.76110115675300,278.83423237314100,38714200
2022-11-29,274.5964660644530,277.31727663055300,273.22627906494900,276.91600224715600,35618900
2022-11-30,287.11407470703100,287.2217482346040,274.00917596132700,274.8606480623080,74718100
2022-12-01,287.4664306640630,289.45320889132500,284.68690047558600,287.4370705865300,51547300
2022-12-02,286.3214111328130,287.20227345050500,282.22061652767900,282.39680691192100,53583200
2022-12-05,281.5159912109380,285.46995575313800,280.0576938686030,284.1976454574130,41482100
2022-12-06,275.6828308105470,281.49636649163200,274.2930803186650,281.3593627197370,53937600
2022-12-07,274.5573425292970,276.55391803732800,272.84460110585900,274.4986223556350,45614300
2022-12-08,277.80657958984400,278.7754920257260,273.83302309647300,275.90788157661700,42594900
2022-12-09,276.03515625,279.5585154089070,275.5947251546990,276.7887515955550,47860500
2022-12-12,279.499755859375,279.55850588887200,275.1738779884530,276.2113073349360,35732500
2022-12-13,282.50439453125,290.55918171240600,279.822740976595,290.334067852014,80667700
2022-12-14,280.4100646972660,285.2057352103250,277.16074203192100,281.91725580250200,64984400
2022-12-15,270.994873046875,276.9845700821240,269.8008463271280,276.31902495877500,60554100
2022-12-16,268.4110107421880,271.8560565360290,266.8059132420270,270.3195057192120,68300400
2022-12-19,264.638916015625,268.7691387222310,263.4027802656930,268.68084758857100,44167900
2022-12-20,264.432861328125,266.17913333023300,261.89193931007300,263.4714192377770,51064200
2022-12-21,268.26873779296900,269.5735240540610,264.6290125512120,265.4727330170990,46394700
2022-12-22,261.70550537109400,265.3844512745820,257.4869627714910,265.2569096929670,60278400
2022-12-23,262.29412841796900,262.9612667355130,258.53671128427200,260.4399551404090,39373600
2022-12-27,258.58575439453100,261.793814605663,258.0461876003980,261.685883283232,38009000
2022-12-28,255.17169189453100,260.4399375975810,254.80870735846800,258.18352943650200,47139000
2022-12-29,261.3916015625,262.3334034752380,257.2809896473440,257.97752846222900,45893600
2022-12-30,261.23455810546900,261.3620996717480,257.32016971542700,258.62495586566200,37858300
2023-01-03,259.46875,265.03130035204000,257.16327086795700,263.55972174937600,42335300
2023-01-04,260.7049560546880,262.38257786403800,257.55578501538000,261.5879275077590,47754900
2023-01-05,256.6236877441410,259.20386048845700,256.3097737127630,259.0370983373100,45396700
2023-01-06,263.7068786621090,264.825292792396,255.4071835674610,258.3601609338400,54659700
2023-01-09,265.4139404296880,270.07393960623000,264.8056926958870,265.6984240862430,45568700
2023-01-10,267.6604919433590,267.76842326727900,263.8736443498320,264.38378077931000,35247800
2023-01-11,272.2910461425780,272.3989774609640,267.9449917626650,268.72985154394000,44077000
2023-01-12,273.76263427734400,274.79275716324100,268.55324892261200,272.8502628173260,60600000
2023-01-13,275.64630126953100,275.8915643759770,270.92744149666800,271.2609957287120,44802900
2023-01-17,276.2054748535160,277.4906509803420,274.28259077576500,275.4500454160630,36269700
2023-01-18,272.61480712890600,279.2957706324420,272.40879453707200,277.7456912937370,47754500
2023-01-19,269.93658447265600,272.1243422859910,268.7004787039160,270.9863178139880,44150400
2023-01-20,277.32391357421900,277.65746783156900,270.48597645017400,271.5455299164360,60613600
2023-01-23,283.48486328125,284.7111786521680,277.3729266337750,278.167576598982,52799900
2023-01-24,282.9060363769530,284.06367086220300,281.34616687103000,281.86612337300400,44875100
2023-01-25,282.2781982421880,282.896236062252,275.85228750449100,278.39320945144900,50872000
2023-01-26,287.78192138671900,287.9585036418440,283.0532414038370,285.70209498809900,51596300
2023-01-27,290.6466369628910,292.608742055595,286.3496220195720,286.467343534839,56441900
2023-01-30,284.77001953125,288.8021597580300,284.39724483353900,287.37962205125600,49405800
2023-01-31,289.03765869140600,289.13576992110600,284.70142376852000,284.80932516364900,46705100
2023-02-01,295.21826171875,297.6806825531700,286.76156601785800,288.8316018722080,67562200
2023-02-02,305.8136901855470,307.73654472571900,300.9182477321010,301.7423282493170,83070600
2023-02-03,300.3785705566410,306.47092658216000,298.7696604359690,299.1620753478890,76170800
2023-02-06,297.83770751953100,300.11375637229000,296.49367046317900,297.75923649741800,40802300
2023-02-07,304.0085144042970,305.13671864637600,296.5917608530070,297.71014499075800,67584000
2023-02-08,298.6028747558590,303.6356776933820,297.9161561301730,302.6938758967980,56720900
2023-02-09,295.9638671875,303.1353575053800,294.51192886368800,302.98820564004000,49137800
2023-02-10,294.02142333984400,295.85598658175000,291.6178329261950,293.8055906090700,50050100
2023-02-13,298.73046875,299.3191062033860,294.24705190220100,295.42432680897300,39636700
2023-02-14,300.9377746582030,301.8893965286980,295.2084331685960,297.1509273822050,64079100
2023-02-15,303.2433776855470,303.41013986868100,298.4362257267380,299.1229446126530,43100600
2023-02-16,297.55316162109400,302.5859648965570,297.40600975851800,298.61271491031800,59498600
2023-02-17,295.45367431640600,296.2090737071160,292.4516570794160,295.36538321406400,58230700
2023-02-21,288.4588623046880,293.0698209813090,288.32153052461000,291.6276726240970,46526700
2023-02-22,288.6746826171880,290.74468891009900,287.01670158610800,289.0376672323920,51389200
2023-02-23,291.1959228515630,292.4810988457510,287.0068107724760,292.32412690013500,69294400
2023-02-24,286.32012939453100,287.4189032172760,284.5542172313990,286.23183827727600,74332000
2023-02-27,288.3705139160160,290.87218529191000,287.7818765512930,289.4791077993850,48995000
2023-02-28,287.9977722167970,290.50926424529900,287.4091347233850,287.74268898380400,48243100
2023-03-01,285.6824951171880,288.36074923545700,284.7014426338720,287.7034608376700,58287000
2023-03-02,288.0467224121090,288.85119240250300,282.9060184586120,283.1905319799630,53565900
2023-03-03,294.0018005371090,294.2372734914780,289.28294049517300,289.7931069468500,60511500
2023-03-06,294.3352966308590,298.23989551477400,294.13910413688800,295.2378779090160,56736300
2023-03-07,290.7250061035160,295.3065330626150,290.11675852824400,294.384341597095,65955800
2023-03-08,292.17706298828100,292.77549064291300,289.2927662406380,291.146939898782,50876300
2023-03-09,287.11474609375,295.27710774378700,286.3004559857000,292.6772954111650,71456700
2023-03-10,283.0826416015630,288.7727631546610,281.9348271262650,287.2815444320980,98593600
2023-03-13,285.1821594238280,288.89053675172300,279.7863705640200,281.2971998277830,97123600
2023-03-14,291.73553466796900,292.28492159284900,287.8898261938070,288.7335168501080,73602500
2023-03-15,293.2659606933590,293.59951488700600,287.68377063812300,289.1259187355790,83631500
2023-03-16,300.9966125488280,301.35959705982600,291.5588955055410,292.3535453645730,98198100
2023-03-17,299.5740966796880,303.29229304043900,297.6218123089050,300.9083432902860,89923700
2023-03-20,300.6372985839840,300.9615338726050,296.74632519208100,298.9571102988410,56359500
2023-03-21,304.9311218261720,305.383096151372,301.05978916317900,302.5729571040390,49757000
2023-03-22,300.7846374511720,309.7555157093950,300.617617168865,304.862301208813,75791900
2023-03-23,304.3514099121090,308.6747169209870,301.6591745901480,304.51846019922800,74576000
2023-03-24,305.4715881347660,305.5698212705120,301.6002550384220,303.92894408666200,57195200
2023-03-27,303.3786926269530,307.2500255451250,302.5238604825810,306.16919123041100,50287400
2023-03-28,301.7672424316410,302.8284360503000,299.45819426535400,302.79896011565400,48585900
2023-03-29,307.2696533203130,307.8886779467400,304.646175138239,305.4617259902810,53274300
2023-03-30,310.17803955078100,310.80689945176300,307.35806527422400,309.7457058652790,58354800
2023-03-31,315.3365478515630,315.57238531475100,310.0994568842140,310.4040515378780,62138100
2023-04-03,314.5701599121090,314.8354733237730,311.88775975910700,313.21420687465200,47126800
2023-04-04,313.5090026855470,316.0243825803940,312.2905939967630,315.01233543509,45875400
2023-04-05,310.41387939453100,313.4991370986000,308.5961168372780,312.55587722556000,62795700
2023-04-06,312.5067138671880,312.99799939754700,307.36788641047200,308.7631205247060,46916500
2023-04-10,312.32989501953100,312.3790415697630,307.7904209826380,309.57870772010900,45134700
2023-04-11,310.3254699707030,312.3495943669620,309.81454370686500,312.2906125041190,40113600
2023-04-12,307.5841369628910,312.8703755060980,307.122327239228,312.2808267120630,62813300
2023-04-13,313.6072692871090,314.0788842815740,308.1638163356820,309.3428838075370,54613800
2023-04-14,313.0177001953130,314.7764809739090,310.10926798541700,312.05476966810100,56278300
2023-04-17,313.282958984375,313.6367001650960,310.5317719596090,312.6049825415420,43007000
2023-04-18,313.3026123046880,315.81802195370200,312.1039043269440,315.39549358382000,46746900
2023-04-19,313.1551818847660,314.21637531225900,310.767541651434,310.8952806737880,38960100
2023-04-20,310.76763916015600,313.705517653374,309.4804731991060,310.18792571084800,62462100
2023-04-21,311.0918273925780,311.8680669720800,308.6255942757510,310.4040456011370,59002300
2023-04-24,310.4433288574220,312.20210941105600,308.2718252918840,310.8658272036680,44043100
2023-04-25,304.58721923828100,309.48043432872600,304.48898611246500,308.8122931475800,57121600
2023-04-26,306.4344787597660,309.4509795739340,305.9137172173920,307.97712275751600,55400500
2023-04-27,314.76666259765600,315.2677534758940,309.5590176982260,310.1977129113470,65430400
2023-04-28,316.9381408691410,317.02656867243900,313.4008788087440,314.53082960959100,59712600
2023-05-01,316.5746154785160,317.9895203971100,315.4937811676880,316.47635236195100,41013400
2023-05-02,313.8135986328130,316.83009945162800,312.07442839591600,316.5058341595280,56519400
2023-05-03,311.7599792480470,316.8496901296230,311.6518808391570,314.17709565364300,59882100
2023-05-04,310.6595458984380,312.68364014813100,309.62782815897500,311.5340186637450,50224500
2023-05-05,317.2624816894530,318.11731397727500,310.69888219760800,312.91950307269200,51806100
2023-05-08,318.0484619140630,318.3923678179960,315.71977305719300,316.8006073328290,36465800
2023-05-09,316.0341491699220,317.2525276080900,315.7197192550120,316.3878603349310,31768800
2023-05-10,319.4731750488280,320.32800708992700,315.9948650328520,318.47093335731400,60446600
2023-05-11,320.5146484375,321.0550504531700,318.4708841170000,320.0233629739140,44278500
2023-05-12,319.3650817871090,321.4677983234000,317.31151179697900,321.045269963454,48432800
2023-05-15,321.09442138671900,321.3302288576640,318.3137283538320,319.8367315655270,33375600
2023-05-16,321.4580078125,323.1676721605080,320.33786221505000,320.37717346031900,40019200
2023-05-17,325.3489685058590,325.9286819112280,321.3400912336350,322.51915867337500,47486100
2023-05-18,331.3917541503910,331.6079209983730,325.72232952633500,325.7419701540820,64213500
2023-05-19,330.64501953125,332.31537245568000,329.5838259221380,331.6079200448360,61554900
2023-05-22,331.7553405761720,332.76738767069200,330.37971696477700,330.38955227179000,43015900
2023-05-23,327.5498962402340,331.1854214014880,327.1961850279310,330.0358299758090,48216700
2023-05-24,325.86968994140600,327.107739087204,323.81611999977800,325.59457124075000,62891200
2023-05-25,333.799072265625,335.0665974450740,330.8022422525080,333.22919419235000,66862800
2023-05-26,342.3277587890630,343.162950205455,334.72266821386000,334.82093131914500,63007000
2023-05-30,343.8802795410160,347.76141779152000,342.45553930603300,346.56267972749900,72652200
2023-05-31,341.9249572753910,344.48948381232600,340.4707710265130,342.29833914546300,65105400
2023-06-01,345.8748779296880,347.20132498528400,340.6181163131400,341.6694746335880,50488600
2023-06-02,348.4689025878910,349.62832951547500,345.8749299704870,347.63371099284600,53372100
2023-06-05,348.7145080566410,351.26919913842200,347.68282030519700,348.25269839960400,47266200
2023-06-06,348.65557861328100,349.6185092327490,346.778863928243,348.10534111235500,41390400
2023-06-07,342.7404479980470,350.89577588867500,342.11158811981500,348.9404690538600,69225900
2023-06-08,346.9949951171880,347.4568047564390,342.809262414588,343.03523458791400,47153900
2023-06-09,348.3214111328130,351.4263390165100,346.87703059808100,348.44915015745400,53196900
2023-06-12,354.20709228515600,354.305355405067,349.00931208022000,349.98204800024000,44606500
2023-06-13,356.9288635253910,357.7640251500040,353.7551474004900,356.95833946525100,57097800
2023-06-14,359.52276611328100,359.8077201335220,354.1382955769710,356.93859927498500,69525600
2023-06-15,363.8067932128910,365.2904552167830,357.63624776640000,358.2552423852550,71138800
2023-06-16,361.51739501953100,366.35165825781800,361.07525599467400,366.22391921096200,80932000
2023-06-20,360.9998779296880,362.397056132463,358.03830213467000,360.0651728884420,49204700
2023-06-21,356.0802307128910,360.291402247806,355.15534457900900,359.8584755456990,53378300
2023-06-22,360.2816162109380,360.43901681980400,354.4272864301970,354.83069680412300,47603000
2023-06-23,356.7099914550780,359.01235823948900,355.01764962720000,356.38528138026300,48922900
2023-06-26,351.9281005859380,358.97296342588600,351.83955148925300,356.1786373877200,52685500
2023-06-27,357.97918701171900,358.7073073891840,352.74476147658200,353.47285182722600,49428100
2023-06-28,358.6778259277340,360.62596625050800,356.0802654616050,356.15899579339100,46498000
2023-06-29,357.9595642089840,359.0222135298200,356.3164363159430,358.38264216689800,46151000
2023-06-30,363.4793701171880,364.5321406265840,361.32458510548400,361.6394163650320,58712500
2023-07-03,364.3353271484380,364.9650196119280,363.03654703228600,364.11886379574600,19432900
2023-07-05,364.32550048828100,366.0276910481880,362.73155662470900,362.7709217894500,34460900
2023-07-06,361.5509033203130,361.9936789251150,358.6581787702320,360.6161981933690,49374700
2023-07-07,360.3504333496090,364.52226973044800,360.1241512291810,361.3245334383600,47133700
2023-07-10,360.46856689453100,361.14747343769200,357.56602372802800,360.075005281917,48498800
2023-07-11,362.24945068359400,362.7020449901480,358.75652041765600,360.89163773710900,38214100
2023-07-12,366.82464599609400,368.17261006456100,364.34515118816100,366.35235412153000,61975400
2023-07-13,373.0528259277340,373.87931415841800,369.4221629695210,370.0026714877330,46960000
2023-07-14,372.97418212890600,376.70321351551800,372.09847980698700,373.4858091986900,55148500
2023-07-17,376.4571533203130,377.33285545510200,373.21023332842800,373.69234392629400,40868900
2023-07-18,379.536865234375,380.90452691232900,373.88918038140700,375.8176530095490,55262000
2023-07-19,379.4483947753910,381.74094309260300,378.12009798549500,380.5995933337880,54093000
2023-07-20,370.7013244628910,377.923286171888,369.6780403163190,376.45722647364700,71941700
2023-07-21,369.5894470214840,373.81046734793500,369.1565203199600,373.0823469716510,60499600
2023-07-24,370.17987060546900,371.508137285771,368.32024921012400,370.56358341647300,40380100
2023-07-25,372.6888122558590,374.351637654843,370.8685562243710,370.88825382019800,38894400
2023-07-26,371.4490966796880,373.141438590873,369.14672978194000,371.6458924939190,47075700
2023-07-27,370.5634765625,378.5233756841970,369.2745453960870,376.9097645405570,63940200
2023-07-28,377.3132629394530,378.33651706389400,374.1056774417930,374.6173045040130,56902900
2023-07-31,377.50994873046900,378.6906632722750,376.1915011739820,377.6181954097630,44019900
2023-08-01,376.6343688964840,377.39197572986000,374.5681329555750,376.1620769587030,41060600
2023-08-02,368.3694763183590,373.1611574017240,367.1297286772390,373.1611574017240,72687100
2023-08-03,367.77911376953100,369.90438254191500,365.79157805156900,365.958857503539,47666400
2023-08-04,366.0572814941410,372.019829019166,365.5554731293080,369.70761305854400,61702800
2023-08-07,369.1566162109380,369.2550141280840,365.5358010638590,367.86768456876100,37230400
2023-08-08,366.017822265625,366.6672123277020,362.88896744301700,366.6475447598160,44726500
2023-08-09,361.9936218261720,366.4606222337160,361.23601504992000,366.3031915996590,51150900
2023-08-10,362.6627197265630,368.3399218462110,361.13765720689000,365.00445187431200,72035300
2023-08-11,360.3504333496090,362.08214015021500,358.8253711287270,360.1044536348330,48707200
2023-08-14,364.39434814453100,364.5124136009580,358.83521270778300,359.5534542433160,42130800
2023-08-15,360.5276184082030,364.2173147115890,359.8585306581350,363.42031268537800,45539900
2023-08-16,356.7099914550780,361.5213395998950,356.6115935528060,359.9864284102870,53190500
2023-08-17,352.8136901855470,358.45155731866600,352.40046098733200,358.1071796356020,62604300
2023-08-18,352.3708801269530,353.63029511668500,349.0058642803440,349.54703769092400,61191400
2023-08-21,358.048095703125,358.72700217281400,353.3744807454020,353.83692384755500,50696500
2023-08-22,357.5364990234380,360.6653543070010,356.84774369729800,360.6555055081970,44530200
2023-08-23,363.17431640625,364.2664820763040,358.5007013012930,358.7171646756480,51770600
2023-08-24,355.4112243652340,366.74596049885600,355.2046097815920,366.64759261976700,66842500
2023-08-25,358.1661376953130,359.8584793596250,352.813616618734,356.24751390715100,69960500
2023-08-28,360.8621520996090,361.79685715954900,358.3925057322390,361.088434258744,40910000
2023-08-29,368.74334716796900,369.09757365491300,360.3406997445950,360.665379833035,58492400
2023-08-30,370.7996520996090,371.3801906583350,367.8478954803410,368.8515119480580,41731500
2023-08-31,371.9114990234380,373.6136895466660,370.8095146490000,370.8783961791080,35730700
2023-09-01,371.5179748535160,374.70586283279100,370.0322475419480,374.2827848655320,39801200
2023-09-05,371.9902648925780,373.210314848442,369.7862659063020,370.71115217182,32344200
2023-09-06,368.7137756347660,371.5573157971030,366.70660260740000,371.2129381611800,42998700
2023-09-07,366.0769348144530,366.8542393043200,363.21372665471000,364.2566784896480,52060700
2023-09-08,366.5884704589840,368.82198545674100,365.6242492069950,366.0276595371050,35800100
2023-09-11,370.9079284667970,371.4195555120840,367.65115913843500,369.618997042065,39936600
2023-09-12,366.7951354980470,370.88824172927800,366.50979060925700,369.2352351552730,41391000
2023-09-13,368.1922302246090,369.79602260531500,365.89971272901800,367.03121329597200,46300700
2023-09-14,371.2030944824220,372.18701344044200,367.8774736268470,369.94367941723000,48039400
2023-09-15,364.8469543457030,370.2683569363540,363.91221940703200,369.8649465958130,69811200
2023-09-18,365.227294921875,366.34073749059200,363.621180779056,363.9069387117160,36903500
2023-09-19,364.4488830566410,365.24700863969700,361.4238722283560,363.9069563270100,37621700
2023-09-20,359.197021484375,365.86778417761000,359.1181771883690,365.51307505644800,45514200
2023-09-21,352.614990234375,356.30019516062800,352.44749868835600,355.5119023637010,69734800
2023-09-22,352.6642150878910,356.49718479026600,352.3488980230890,354.359006723338,51589700
2023-09-25,354.3393249511720,354.42803231885800,350.7132684630940,351.6986118611780,39168000
2023-09-26,349.0184020996090,352.2996117540500,348.03305891189800,351.75765495863600,53657700
2023-09-27,349.8362731933590,351.74784148919500,346.21018720799100,350.171286287333,56066000
2023-09-28,352.7626953125,354.8910400317700,348.0625894477550,348.91983313948400,56453300
2023-09-29,353.0189514160160,357.6303811505320,351.78727222768900,356.24104341766400,64829600
2023-10-02,355.9651184082030,357.3642890085680,352.6740755034780,353.2849835180280,51625100
2023-10-03,349.7180480957030,355.7187850269010,348.1020706923420,353.52145870022000,60478500
2023-10-04,354.47723388671900,355.3246146472610,350.0924443998240,350.5555569297420,54786700
2023-10-05,353.4327697753910,354.87136248860900,349.93481329542800,354.4673681510730,45897400
2023-10-06,359.35467529296900,360.54693213939900,349.6490388068550,350.4373013348460,75049100
2023-10-09,361.1874084472660,361.7293351903450,355.4921258364320,356.98983670606600,45304800
2023-10-10,363.18768310546900,365.8382589863910,361.0199458890350,361.52245052391400,46968800
2023-10-11,365.7790832519530,365.96630085500400,362.7934947273550,364.5178452299840,38215100
2023-10-12,364.50799560546900,368.26215071816800,362.1136188933290,366.2816313728330,49587900
2023-10-13,359.9261169433590,365.7199390309390,358.526916547061,365.1385902255920,52469900
2023-10-16,363.99566650390600,365.04999103567900,361.0987548405130,361.24655031919900,44201100
2023-10-17,362.8033447265630,364.4981360766890,358.3298785924590,360.448360262545,50999100
2023-10-18,358.04412841796900,362.51759464886200,356.7139091781100,360.31043565965400,54280500
2023-10-19,354.6940002441410,360.6553146993430,353.89587464125300,359.4630578223610,72274200
2023-10-20,349.4027099609380,354.7629794547470,349.17607019624300,354.19146355083600,72559700
2023-10-23,350.4570007324220,353.9943789249000,345.97367149410900,348.0823202047120,60665200
2023-10-24,353.8663330078130,354.6348995548220,350.5752900977820,352.27008172327600,47082100
2023-10-25,345.2052001953130,351.6493543958830,344.6238512027200,351.4719998022710,71190500
2023-10-26,338.62310791015600,344.93916255326000,337.3323104943420,344.0030743187560,78621400
2023-10-27,340.2488708496090,343.7271312742950,339.03688784248600,341.35245046408500,63476700
2023-10-30,344.0818786621090,345.4022350230030,341.37218469520400,342.73193313591600,55298500
2023-10-31,345.72735595703100,346.10179117581300,341.5396474517010,344.1114087821120,47671900
2023-11-01,351.7281188964840,352.2897717671250,346.46638953800900,346.5649298772900,58992700
2023-11-02,358.1131286621090,358.3496014034230,355.0191366352460,356.24098262937100,58162400
2023-11-03,362.320556640625,363.6113538875240,359.17730927962300,359.40394905155300,53280500
2023-11-06,363.79852294921900,364.3601757414520,361.53224581358200,363.08907470384200,38848700
2023-11-07,367.2374572753910,368.10453411405900,363.640930200235,364.84305022033000,50777400
2023-11-08,367.4739074707030,368.3114552322410,365.1879039548290,367.611839886679,35663400
2023-11-09,364.6459655761720,369.30661967147300,364.15329397571900,368.1636480202760,53859400
2023-11-10,372.84405517578100,372.991850652543,365.8382488743720,366.3703426610040,58309800
2023-11-13,371.6813049316410,372.7356293863510,369.74017759934700,371.26747762156900,40733500
2023-11-14,379.6822814941410,380.59867352227800,377.56379963116100,378.08603032361900,67792600
2023-11-15,379.968017578125,382.06680328167200,378.6082392310220,381.57413171071000,54141400
2023-11-16,380.2932434082030,380.5297161682240,377.9382585819300,379.1994967525260,45343500
2023-11-17,380.38189697265600,381.3967992648440,378.6575463743560,379.5640452781010,46571900
2023-11-20,385.01300048828100,385.6731936771710,380.3917383769220,380.3917383769220,44429600
2023-11-21,382.77630615234400,383.52517666953000,381.0322593676380,383.3083999445710,43337000
2023-11-22,384.3429870605470,387.30887987612100,383.3379477672660,384.8455217423320,44121000
2023-11-24,383.801025390625,384.53016970941400,382.8058191726010,383.93895779702100,15718800
2023-11-27,383.4660339355470,385.4169942650290,382.58906403651800,383.30837541200400,34139700
2023-11-28,384.4710998535160,385.05244878485400,382.3624507839870,382.71719000412900,35491100
2023-11-29,384.0966796875,388.36323313049900,383.7518035091760,386.934473278994,38811700
2023-11-30,383.1309814453130,384.82577294425100,380.16511887488600,384.36266043959100,52834400
2023-12-01,384.2247314453130,384.8159433818810,380.4114580563650,382.0668274225260,40490100
2023-12-04,380.6577453613280,380.933640220539,377.05138608503100,380.431105627936,51186900
2023-12-05,381.6136169433590,382.8058739225100,378.57874272515100,378.75612737344000,42933000
2023-12-06,379.40643310546900,384.64846678152800,379.0615869999130,384.54992643553000,41994100
2023-12-07,384.7075500488280,385.53523475354400,381.2884078381230,382.3821544599070,49593500
2023-12-08,386.4220886230470,386.865475058335,382.7861695022320,382.9733871316720,46687500
2023-12-11,389.7229309082030,389.9889928166890,385.7914211700650,385.998334821996,41198000
2023-12-12,392.82684326171900,392.94507965147500,388.6292710036340,389.76240983251700,39221200
2023-12-13,397.8224182128910,398.43332613077200,392.99424298061700,393.7628094047730,55408100
2023-12-14,397.4776306152340,400.3449530293760,394.47231564117400,399.04432278440600,55447800
2023-12-15,399.39898681640600,400.58141061861100,397.654940274926,398.2559851596850,62896600
2023-12-18,401.91473388671900,402.8131909265070,399.46622076148600,399.7920202843140,46610000
2023-12-19,403.9682922363280,404.0867647706250,402.1812612065290,402.36885276261600,35711900
2023-12-20,397.9654541015630,405.2616995946520,397.78774528609500,403.16860430932400,54042400
2023-12-21,402.5959777832030,402.9613083279880,399.33786206116000,401.89499509252900,45568900
2023-12-22,403.1982116699220,404.76803309196500,401.3223261415250,403.8103398826290,34314000
2023-12-26,405.66650390625,406.33786841215900,403.95844437499300,404.0571815388860,22722500
2023-12-27,406.4922790527340,406.77875835861500,405.0895463807410,405.94898429838400,31980500
2023-12-28,406.2947692871090,407.8950804007770,405.9391646926510,407.6481227170020,27029200
2023-12-29,404.5364074707030,406.6306338260500,402.62001354809900,406.2749991067650,42662100
2024-01-02,397.6907653808590,401.14817289593500,395.3693571629250,400.901215216287,58026900
2024-01-03,393.4825744628910,396.12009559564800,393.04795670596700,395.06310955186400,47002800
2024-01-04,391.45751953125,394.7272364938340,391.2401955875350,391.61557604906100,39432800
2024-01-05,391.9218444824220,394.69764643870500,390.52899952720900,391.62550732012200,44922800
2024-01-08,400.0220642089840,400.30851341401400,392.99857207712500,393.14674065665800,42473800
2024-01-09,400.8122863769530,401.74084959997200,396.82144210862900,397.01902029717700,39132900
2024-01-10,403.5288391113280,404.5364155681050,400.2393761596450,401.12841775635400,33962800
2024-01-11,404.36846923828100,406.195961909604,399.3206391076400,404.80311712160800,54536200
2024-01-12,404.5758972167970,406.24533333874800,403.1830524563780,405.4056713013920,39595000
2024-01-16,404.5364074707030,406.11694258110500,401.879140541304,403.3411407940110,43903000
2024-01-17,402.2544860839840,402.6298665315490,398.01671455845200,401.2271639757200,54386000
2024-01-18,407.9642333984380,408.5470499542550,404.1808546899270,405.5242901108880,59562500
2024-01-19,416.05450439453100,416.2125609154910,409.58422571941900,410.167042183222,70325100
2024-01-22,416.5978088378910,419.5613006311130,415.995216497246,418.2573570070080,44880600
2024-01-23,418.3265380859380,418.5438620366410,415.4519472523530,417.28929780686300,33003800
2024-01-24,420.64794921875,424.6190480726650,420.1540338505480,422.23837238038600,46948000
2024-01-25,421.16162109375,423.81888806396300,418.820467179713,423.1471402830400,44367200
2024-01-26,418.6524963378910,421.02328381753200,418.0005245054050,419.27483445736400,37137000
2024-01-29,422.939697265625,423.1372754590090,418.45493756237800,419.10690942510300,38694700
2024-01-30,420.1243896484380,422.47543156579300,419.21560227550100,421.9025030173070,36739000
2024-01-31,411.8957824707030,417.72397777360300,411.7179801736250,415.72857054302800,64010600
2024-02-01,416.74603271484400,417.23994807927400,412.72555441329500,413.6936393802110,51008600
2024-02-02,423.7892761230470,425.00428864171000,417.64496770412100,418.64265625377300,59602400
2024-02-05,423.2360534667970,424.38191049056000,419.8280256705210,423.8485036455600,39889200
2024-02-06,422.3865051269530,424.9845045666780,420.0453513036870,424.3819121925700,35846100
2024-02-07,426.7330017089840,427.56277593245200,423.8682985252070,425.1722423676000,37712700
2024-02-08,427.5232849121090,428.28390374796900,426.16996158844300,426.8515370812880,29889900
2024-02-09,431.73138427734400,432.52166690474700,427.86899286829700,428.65924534950000,36943900
2024-02-12,430.04217529296900,433.7959497087530,429.3605697585450,431.62271030244600,33203300
2024-02-13,423.3348388671880,426.0217396052200,420.15402277397400,422.08030471766000,64491700
2024-02-14,427.9480285644530,428.3727885417840,423.6608468287440,426.0118887813400,45092700
2024-02-15,429.2223205566410,429.6866021844070,426.0809960674440,428.6395040700750,38796100
2024-02-16,425.33026123046900,429.6964559347720,424.6190219381850,429.59769698417200,53716500
2024-02-20,422.11981201171900,424.8462041800540,418.34629159155500,423.3348244505180,53999500
2024-02-21,420.4306335449220,420.51956484161000,416.49908643004200,419.38353535537300,49779000
2024-02-22,432.73895263671900,433.7761626949600,428.43199559983800,429.20250225212500,53887800
2024-02-23,431.46466064453100,435.228292926846,430.486717969249,434.29972972450200,39853900
2024-02-26,431.2374267578130,433.2624975303860,431.04973653630100,432.27466695240800,33043200
2024-02-27,432.27471923828100,432.6599575342670,429.7359871107180,432.34387462219200,33713200
2024-02-28,429.9730529785160,431.3560400595290,429.0148560047160,430.1311095062370,32938800
2024-02-29,433.6576232910160,434.73435500237200,429.7260467420330,432.8970045993780,42495200
2024-03-01,440.1872253417970,441.1454223300950,434.487453034906,434.5467204654230,43853000
2024-03-04,438.6165466308590,440.6119838022620,438.36958897271100,440.18719371913700,34325700
2024-03-05,430.74359130859400,435.5839861548270,428.37280351125200,435.57409820043100,57917100
2024-03-06,433.4502258300780,436.61126586958400,431.5733535962780,434.9616055413100,46234500
2024-03-07,440.0291748046880,441.2837088767110,435.4950055955850,437.0360491430510,44526700
2024-03-08,433.6774597167970,443.18041717681700,433.0057420191100,440.3848391776560,72096000
2024-03-11,432.0672912597660,433.32182541621600,430.14100930544900,432.18582612227100,45860000
2024-03-12,438.260986328125,438.6165909215910,431.14859299678600,434.3788187851120,55300900
2024-03-13,434.8924560546880,437.28301956013400,433.7762025649880,437.26324365300300,37928700
2024-03-14,433.7959899902340,436.6508050498590,431.079455553198,436.12725598238700,52195200
2024-03-15,428.6394958496090,433.52923955852800,427.4738327526330,430.76332575224300,73069800
2024-03-18,432.7275695800780,436.24889410361000,432.490156226249,433.96399055564600,47323800
2024-03-19,433.8057556152340,434.2113053461240,428.6226579939230,430.71965347253400,43004100
2024-03-20,438.94927978515600,439.28558271537100,433.30131642838100,435.0026331369200,43653500
2024-03-21,441.0264587402340,444.4587649437250,440.82864947457800,444.00377042804600,39345700
2024-03-22,441.5309143066410,442.62884172673400,439.6614311607800,440.51210455310600,28253900
2024-03-25,439.92852783203100,441.4122331500880,437.73264275386500,438.7316504748350,27789200
2024-03-26,438.504150390625,442.37167905062400,438.27663805083900,441.4517588496180,34142000
2024-03-27,439.99774169921900,441.68918748510800,437.12925080626600,441.5902677606490,41359200
2024-03-28,439.1866455078130,440.79894334096600,438.83054055878000,439.94826998598800,36839600
2024-04-01,440.1164855957030,442.6684455730440,438.2074283944990,440.13625746716400,38729000
2024-04-02,436.3181457519530,436.63467679175500,433.2716175055320,435.2993359937670,44259700
2024-04-03,437.2973937988280,439.17674771806700,434.1816188556080,434.1914896972790,39949800
2024-04-04,430.6108093261720,442.0947032292260,430.3832969960170,441.48141305916300,57267700
2024-04-05,435.68511962890600,438.35580126025400,431.22410267243200,432.03520215289300,54744600
2024-04-08,435.8136901855470,437.6930441117530,434.42890467076700,436.6148885971720,28144900
2024-04-09,437.42596435546900,438.42497196594400,432.68799077841500,438.1480148779820,39443600
2024-04-10,433.6078796386720,434.46842379603100,431.5405874183570,432.25276709790500,61502200
2024-04-11,440.5318908691410,441.4814538292870,433.20238290855700,435.4774158620290,45474600
2024-04-12,433.5090637207030,437.43593883261800,432.13417898239000,436.30833834521700,53665000
2024-04-15,426.3773498535160,437.3468744561600,425.5365774509990,437.2578557574560,63453600
2024-04-16,426.4169006347660,429.0480082692240,425.03211508664600,426.2190611910080,47619000
2024-04-17,421.21405029296900,428.4149656563120,420.2842591999880,428.3951937854630,56880500
2024-04-18,418.81048583984400,423.5880040974070,418.23676949613000,421.8570144092070,46549400
2024-04-19,410.1455993652340,418.1576140935350,408.58277638390200,417.63337275699300,75231000
2024-04-22,414.2702941894530,416.6046426178410,409.44330163156500,412.7766879173200,47807700
2024-04-23,420.4523620605470,421.6492090659690,414.31970218727100,416.19905595938500,44384700
2024-04-24,421.87677001953100,425.06179190259500,419.5918662975580,423.5484137206890,48440300
2024-04-25,419.8391418457030,420.6996860627020,413.59769082942600,414.6857171994800,57392200
2024-04-26,426.3179931640630,427.85114324602800,422.28232799556000,422.9747056964860,41874900
2024-04-29,428.0489501953130,429.0479880228410,425.309052126324,428.42482700907800,30022200
2024-04-30,419.9775695800780,427.8609906947800,419.8984519218460,426.46630425322600,43665900
2024-05-01,416.94097900390600,425.4673645155580,416.09033575149800,418.5532769953050,52251700
2024-05-02,422.2625427246090,423.16266093905000,416.0606651382390,420.67991762434,36559000
2024-05-03,430.74932861328100,431.73846546858200,427.92038151037000,429.7206178316720,48515300
2024-05-06,435.4674987792970,435.5565174735850,431.7780074570130,432.5495329935750,30227200
2024-05-07,435.5367736816410,437.1688435542690,434.80479183797700,435.9126505391320,30996100
2024-05-08,435.2795715332030,436.684159179944,432.7968283132180,432.9155500947100,24896700
2024-05-09,436.2291564941410,436.8028728157540,433.69696837697600,435.5466495999140,24580100
2024-05-10,437.2578430175780,439.4834009785410,435.71479191286200,437.73263958289900,27116600
2024-05-13,438.2667236328130,439.265761468491,436.85226524194300,439.16684175047300,22994200
2024-05-14,441.0857849121090,441.6199272591330,437.65347886134200,437.8414172762940,34478300
2024-05-15,447.9801025390630,448.22738676768700,442.04528105207300,443.5586593238130,41464700
2024-05-16,447.070068359375,449.75062067502100,446.9019018190160,447.7921189150020,34780400
2024-05-17,446.85247802734400,447.80204096189700,444.6565929882730,447.1986517798780,35803700
2024-05-20,449.9682312011720,450.6309359616550,446.88212917453900,447.07006758388400,24474200
2024-05-21,450.8485412597660,451.0364796666060,447.92070478454900,448.11854421892700,23167700
2024-05-22,450.7595520019530,451.85750961813600,448.15811721893600,451.1057559416890,25120000
2024-05-23,448.7318420410160,455.57665236835400,446.9415066973640,455.5469794693010,40899200
2024-05-24,452.9752502441410,454.24134425420500,448.6428258419650,450.34414249793200,29669500
2024-05-28,454.6864318847660,454.7457776824370,451.7289222852620,454.19186344679900,26216800
2024-05-29,451.4815979003910,453.2620320442520,450.39354139644900,450.53203503606900,29739200
2024-05-30,446.644775390625,450.69037205896100,445.31933550680000,450.55187839736600,30536800
2024-05-31,445.8138427734380,447.56463424460700,438.24695222110100,446.8722264038200,55941300
2024-06-03,448.2076110839840,450.6309783922550,443.0344141981780,449.6319706436320,32997500
2024-06-04,449.4341125488280,450.63095970345700,446.22931876556400,447.9504072512340,23767400
2024-06-05,458.49462890625,458.5737465768750,449.47370515181400,453.004931151471,33817400
2024-06-06,458.3363342285160,459.4936376169890,457.16915999813100,459.17710658249300,21966800
2024-06-07,457.9307861328130,460.6805853594160,456.82295769419000,457.9703600587810,25829700
2024-06-10,459.7804870605470,460.1365920375160,456.5163473996490,456.8032055496990,20660800
2024-06-11,462.9358215332030,463.0545433124850,457.0109014117990,458.50450772730300,22053300
2024-06-12,468.999267578125,471.3237453921930,466.17035045815600,466.862728194943,34532600
2024-06-13,471.54132080078100,473.1931926237640,469.26631811798000,472.530457651749,25859000
2024-06-14,473.98455810546900,474.0538049396370,470.8786534580400,471.34354905220700,23372600
2024-06-17,479.79071044921900,481.57114467660300,472.94590045979200,474.2515381397130,37054500
2024-06-18,479.9391174316410,480.6216243226490,478.17845491806900,479.74130815889500,24438600
2024-06-20,476.23974609375,481.55140643530800,474.4098367852230,481.13598584007000,33918700
2024-06-21,474.9637451171880,477.2981238769040,473.4701689381700,475.96278303672500,37456800
2024-06-24,469.5564880371090,475.47102271790500,469.4178044814250,473.7372817505670,37751000
2024-06-25,474.9261169433590,475.2233175695720,470.70568664689,471.64687235329900,29014700
2024-06-26,475.90692138671900,476.45182952740100,473.6877426969310,474.10382358424500,22737100
2024-06-27,477.1353759765630,478.611553035427,474.84684046619500,475.65922915173900,26222100
2024-06-28,474.65863037109400,482.6734937308390,474.0146754920730,477.92798859650100,34881600
2024-07-01,477.4425048828130,478.00718604712400,471.83508819375900,475.5799670851860,24898300
2024-07-02,482.45550537109400,482.51494549553300,475.8177426243460,475.94653963864500,26723600
2024-07-03,486.477783203125,486.6065802178200,481.7025582982190,481.7025582982190,18064900
2024-07-05,491.5502014160160,491.9861158127840,487.02265384242600,487.31988469515400,28495900
2024-07-08,492.71923828125,493.27403293388500,490.8963372463010,491.916766364616,22109400
2024-07-09,493.145263671875,495.35455587533400,491.6294799402580,494.2350497416090,25614500
2024-07-10,498.2869873046880,498.8417819227690,493.7594701786330,495.06718307323100,28046900
2024-07-11,487.3594970703130,498.6040508659990,486.1706643474200,498.3960104304500,49966600
2024-07-12,490.2226257324220,494.9780167524360,487.4684559718070,487.9340904027110,37109400
2024-07-15,491.5403137207030,496.3551756664710,489.49945539424600,491.9960314409880,31151400
2024-07-16,491.7285461425780,493.80904127855600,488.56818172649700,492.9966525685200,25950600
2024-07-17,477.29388427734400,484.2585676332020,477.224557622275,483.74340981562000,56268800
2024-07-18,475.03509521484400,481.197307007146,471.8450107133490,481.0189866258680,49347400
2024-07-19,470.8245849609380,477.2146707760450,469.53667521921500,474.69826118608100,42042900
2024-07-22,477.83880615234400,478.85923528562400,473.2716216155170,476.6895800024480,40300000
2024-07-23,476.1545715332030,479.92917053758400,475.67905054622000,476.9372401363330,23282500
2024-07-24,459.07476806640600,469.7843305630980,458.2128560235190,469.4177730491380,58818600
2024-07-25,454.0122375488280,463.5924076204100,451.39678130888400,459.4116141087210,59256800
2024-07-26,458.6685791015630,461.60106948166000,455.4982979856440,458.3515449431620,39992100
2024-07-29,459.5899353027340,463.56268838097300,457.3311198139350,461.383116315446,28218500
2024-07-30,453.2791442871090,462.2252464673250,449.93054261059600,461.5218514548280,41317200
2024-07-31,466.6933288574220,468.39734966717000,462.076620963173,463.5230477398300,44552100
2024-08-01,455.38934326171900,471.1316949567560,451.74354107209900,467.3769292797380,56653900
2024-08-02,444.5807189941410,449.35594422368500,440.3404851566060,446.7008510299300,66323200
2024-08-05,431.3249816894530,438.1807014186110,419.51574708871300,420.76401989618300,87483500
2024-08-06,435.4463806152340,442.91633588521100,430.52255505334100,433.1677617207590,63164400
2024-08-07,430.7305908203130,444.82839240368700,430.33431322132700,442.34170285143600,54929200
2024-08-08,443.9070129394530,444.8184483377780,433.08845677026800,436.96213279824900,47890100
2024-08-09,446.2252502441410,447.8599140690420,441.4698288405630,442.58933486287700,33574000
2024-08-12,447.186279296875,450.1484898369530,444.3825556071600,447.19619606278900,27795000
2024-08-13,458.28216552734400,458.54967631273900,451.4462793308010,451.58499310604900,40084500
2024-08-14,458.4308166503910,460.78867882910600,454.1410294667670,459.203568511929,34733700
2024-08-15,470.01220703125,470.4084846096920,464.02831582443700,464.4047901058720,38280600
2024-08-16,470.6165771484380,471.9837606443560,467.2679753069080,468.2289644138910,38383600
2024-08-19,476.79852294921900,476.838159775864,468.9719276760100,470.75522206656500,23737700
2024-08-20,475.7979736328130,478.4530668293290,474.10383926202800,475.88713382590000,29209300
2024-08-21,478.01708984375,479.86971082600900,474.86664249742600,476.58054970811700,25658800
2024-08-22,470.4382019042970,481.0288841455250,469.4078560191770,480.33537571180100,37739600
2024-08-23,475.5403137207030,478.25484666996600,470.864166093088,474.78736521575300,36061500
2024-08-26,470.92364501953100,475.91682719058700,468.8431499287540,474.9954750130000,27452600
2024-08-27,472.3304443359380,473.400396779738,467.32734562030100,469.28896037364900,27510000
2024-08-28,466.970703125,472.5880063433670,463.5428583776520,471.86480810777600,37372400
2024-08-29,466.287109375,473.4895530413340,465.0090862780710,468.88276216101200,41081500
2024-08-30,471.8450012207030,472.4691527766630,466.1385374963050,470.62644840577400,33466500
2024-09-03,457.5193176269530,468.9322743417680,455.1416220906220,468.8035075692750,44985200
2024-09-04,456.3304748535160,460.1348241601610,453.477258224592,454.40852713775500,32505100
2024-09-05,456.7564697265630,461.03630947784400,453.68526588800300,454.70569491267500,34452400
2024-09-06,444.521240234375,456.9348232587390,444.0258857158700,456.05307770346100,50624400
2024-09-09,450.2376403808590,451.2283494616290,445.6407659677920,448.8506537145910,32981200
2024-09-10,454.3985900878910,454.9038613489130,448.0283385228490,452.0010610232760,29680300
2024-09-11,464.26611328125,465.0091451377410,447.08722038725300,455.63704512006200,57843000
2024-09-12,468.8233642578130,469.6357529807420,462.5125520912890,464.29581638811900,40067800
2024-09-13,470.92364501953100,472.1025912298370,467.86235762577700,468.0902315958000,29111800
2024-09-16,468.8431396484380,469.4573744200280,465.524288528779,468.79361628971200,22585600
2024-09-17,469.0908203125,473.16265024621900,466.59424438062700,471.86482380417700,30084400
2024-09-18,467.05987548828100,474.38119962315600,466.4555272479720,470.2895966560620,39909200
2024-09-19,478.869140625,481.71250116567900,476.0258103183630,478.1261087929230,52782500
2024-09-20,477.9576721191410,479.19605842028800,473.8561221774010,478.0071954775700,34577700
2024-09-23,479.2246398925780,480.31595742220600,477.7960115404340,479.13535440513500,24843000
2024-09-24,481.5361633300780,482.4885720219180,476.3772551624620,480.6333475885270,25952600
2024-09-25,481.98260498046900,483.9370455260500,480.7325477988360,480.91111874577600,26549900
2024-09-26,485.60382080078100,489.80042016717200,481.96279573601000,489.47300978582500,32020200
2024-09-27,482.9052734375,486.76456175281500,481.72467055232600,486.6256530479580,22851100
2024-09-30,484.2148742675780,484.55218506630100,479.10555878077700,481.9429538811360,30281100
2024-10-01,477.4685363769530,484.14538839099300,473.62910955506400,483.8477701398880,42735400
2024-10-02,478.1431884765630,480.05793653831400,473.9465894744550,476.5657209152370,23744000
2024-10-03,477.7860412597660,480.72265250634200,475.2065719333750,475.95064787695800,25337200
2024-10-04,483.4707336425780,484.02630785751300,478.579682300566,483.5997116347100,30686600
2024-10-07,478.2919921875,482.72668574042100,477.0716968180430,481.55601359663200,24975100
2024-10-08,485.4351501464840,486.11970246020200,480.0282162700940,480.83181589462600,28272000
2024-10-09,489.2547302246090,489.83016591016000,484.0958218394650,485.1375160516650,24995000
2024-10-10,488.6991882324220,490.5643435683680,485.66336059890200,486.97294161476200,25750400
2024-10-11,489.4630432128910,490.48493653463500,486.298268176488,486.86374286155000,20644500
2024-10-14,493.57037353515600,494.8898548804220,491.34807641617000,491.85402746733300,26060100
2024-10-15,486.972900390625,494.5624688319380,484.82002737514100,493.8977476785360,34784500
2024-10-16,487.03240966796900,487.8062474023500,483.718795252719,487.30026609568800,22996800
2024-10-17,487.36968994140600,492.5682902789600,487.31016629452800,492.51869733206900,27210700
2024-10-18,490.5643310546880,491.65564854006600,489.40355921193800,490.15756588847700,25335000
2024-10-21,491.5068054199220,492.3104049952960,487.4292536147580,489.35393242594500,30336500
2024-10-22,492.0425109863280,493.5207623873370,488.0840368199490,488.8380434331740,26685800
2024-10-23,484.5025634765630,490.34605451121000,481.2187106828380,489.6912640374050,39346600
2024-10-24,488.4312744140630,489.1058959697230,485.5740180882910,488.2229113611020,22024900
2024-10-25,491.4075927734380,496.32840643950300,490.52460813834400,491.22902181685500,38762100
2024-10-28,491.4869689941410,494.58232014940000,491.1893507201840,494.52279649460900,20477800
2024-10-29,496.2093811035160,497.3899840518490,489.949224432872,491.804448986959,28014100
2024-10-30,492.4592590332030,496.39790249240100,491.97313907393800,495.44549370075900,29756000
2024-10-31,480.0281982421880,488.5404136876200,479.92898206139100,488.4908207354850,41245200
2024-11-01,483.57989501953100,486.8736783677740,481.36752865476600,481.6651469130000,33655800
2024-11-04,482.1711120605470,485.5144882475450,480.42500426672200,482.9747116073580,23291600
2024-11-05,488.3221435546880,488.986864708101,483.66918631037400,483.7584717889180,24353600
2024-11-06,501.5865173339840,502.40997829462300,495.65377146447000,496.60618015035900,43082200
2024-11-07,509.4836120605470,510.26741073728800,504.3247041524070,504.3842278003700,32853100
2024-11-08,510.0789794921880,510.8527870225080,508.36260305843500,508.9876317248380,22924500
2024-11-11,509.7813720703130,511.5076186893170,506.8844228762930,511.2992556117250,24167500
2024-11-12,508.8586120605470,510.5947892022130,505.80295361288700,509.7118651333430,25835300
2024-11-13,508.203857421875,510.9122744153450,505.9220366929150,508.35269682828600,24567400
2024-11-14,504.6719970703130,508.739588052962,503.75925058094200,507.8665643683170,28679500
2024-11-15,492.6477355957030,499.3543196021950,490.58414799637600,498.9674158501510,51461100
2024-11-18,496.0704345703130,498.1737145612040,492.8064433987380,494.1953790330810,27080800
2024-11-19,499.4832458496090,499.96939601024400,493.1536355499040,493.4909765905590,24523000
2024-11-20,499.1955871582030,499.5031361161100,492.6377823112050,499.1856564574560,29565500
2024-11-21,500.9913330078130,502.95567423476700,493.6299279279640,502.24136007682100,34526700
2024-11-22,501.7948913574220,502.5290365817060,498.8086569561700,500.4357175118040,23826600
2024-11-25,502.58856201171900,507.41018976726600,500.2769794512130,505.87241468402100,26375200
2024-11-26,505.2870788574220,506.1105398394160,503.2235216050590,504.0667834357270,26557100
2024-11-27,501.3087463378910,504.2255264165310,497.96536999082,504.1561023396320,24957400
2024-11-29,505.71368408203100,506.3089508903920,501.31868278834100,501.9337807222540,15334000
2024-12-02,511.2198181152340,512.1821877904770,506.58672235220200,506.97365636244600,25147200
2024-12-03,512.7874145507810,513.065231991336,509.3150598622090,509.89049559402900,18597900
2024-12-04,519.126953125,519.3849091600350,515.4958283369900,516.2101727842460,26086200
2024-12-05,517.6883544921880,519.9007209183160,517.3014204692250,519.1765063776850,18169600
2024-12-06,522.3214721679690,522.5595667910790,518.2240889616200,518.3530669746480,23762600
2024-12-09,518.2538452148440,522.1924580312860,517.102973878682,521.3987891581370,20674400
2024-12-10,516.4878540039060,521.2301267457370,515.0592258717490,519.4840189672060,24350000
2024-12-11,525.7342529296880,526.4188051823880,520.4463971119640,520.8531319621540,32168600
2024-12-12,522.3413696289060,524.7819607903770,521.8651803498140,523.5120419753820,23577500
2024-12-13,526.3395385742190,528.9586400198300,523.1350101576190,526.2700842159520,28780400
2024-12-16,533.9191284179690,534.8914288475650,528.7899817598820,528.8693668170650,31979900
2024-12-17,531.56787109375,533.2345940322790,529.9110788568350,532.1234454065930,28579100
2024-12-18,512.3905029296880,532.6393233284900,510.942073860317,530.9230075449510,54703200
2024-12-19,510.1086730957030,517.6387480839210,509.7713925868020,517.0732431157650,46441800
2024-12-20,514.5632934570310,520.6746720854810,505.26733831570900,506.4082488880890,60530000
2024-12-23,519.576416015625,519.9540272324170,512.8788812504640,516.2773215508980,29672800
2024-12-24,526.621826171875,526.7112253012840,520.8881517500130,521.5241349732040,17558200
2024-12-26,526.2640380859380,527.8937223215760,522.994783551006,524.9921323134940,19090500
2024-12-27,519.2683715820310,523.1338828752070,514.5979649367410,522.6966520264840,33839600
2024-12-30,512.3621826171880,516.0885615458350,508.6059938701250,512.262836772703,34584000
2024-12-31,508.0097961425780,514.3992562583710,507.0459049159330,513.644094410772,29117000
2025-01-02,507.01611328125,513.3857408470590,502.52456498862900,511.0604536321020,36389800
2025-01-03,515.3134155273440,516.3766827391750,509.3015373778750,510.11631872085300,29059500
2025-01-06,521.2359008789060,524.5946151120780,518.7417623146620,520.7192176012080,36109700
2025-01-07,511.9348449707030,522.676749747613,510.0468495678180,522.2793057604910,36690300
2025-01-08,512.0244140625,513.6639845794840,507.3540064991390,511.835608416831,30777800
2025-01-10,503.9952392578130,508.35757110923000,500.74584773317100,508.2582252642560,40532500
2025-01-13,502.37548828125,502.83258226211500,496.5524148250260,498.04296636403400,31694200
2025-01-14,501.89849853515600,506.94651670595900,498.4304916746540,505.5354479124470,33737200
2025-01-15,513.4453125,514.5880322454940,508.2382987029590,509.79844685715600,34957600
2025-01-16,509.84814453125,515.7904573182850,509.71895854451500,515.7109442532100,28229000
2025-01-17,518.4535522460940,520.768892568159,509.8779077274800,519.5565458046290,51837900
2025-01-21,521.4943237304690,522.6569370321080,516.784190233401,521.1763321012500,23628000
2025-01-22,528.1619262695310,530.4573727104420,525.9260994510850,526.2341442755990,33593000
2025-01-23,529.2849731445310,529.4042124255300,525.1213630726540,525.7076127624490,23096600
2025-01-24,526.2938842773440,530.427653898665,524.8232261530450,529.6625453438140,19878300
2025-01-27,510.97100830078100,514.7271665075500,506.936554378914,507.7812062861430,60771700
2025-01-28,518.5231323242190,519.7056389765990,508.5563122008360,511.9746158466010,33194200
2025-01-29,517.5493774414060,519.2983011374320,513.6441392716390,519.169115138246,26649000
2025-01-30,519.7552490234380,522.7860246698380,514.9457705817760,520.4111255886490,27431300
2025-01-31,519.0000610351560,528.1719622881300,517.9070142215930,523.6009014071060,38755200
2025-02-03,514.846435546875,517.5691667149380,507.8309085723370,510.2356481268790,40580800
2025-02-04,521.1663208007810,521.8023039804050,514.9656364261880,515.3631410761270,26046800
2025-02-05,523.5313720703130,523.6903982021380,517.3406339590530,518.533087344952,21134100
2025-02-06,526.2640380859380,526.4727371352430,522.4283666892040,524.0381574961380,19434500
2025-02-07,519.6261596679690,528.7483284429110,518.9007772767700,526.8007131129620,29605500
2025-02-10,525.916259765625,527.0192533310260,523.432007239571,523.8990176021350,20852800
2025-02-11,524.6641845703130,526.5820202342350,522.5178170831820,522.6470030660470,19325500
2025-02-12,524.9722900390630,525.8566985928290,518.662312181656,519.0100833136880,25009400
2025-02-13,532.5243530273440,532.8422839525620,525.856597948036,526.6415998490470,28714800
2025-02-14,534.76025390625,535.445910069072,532.2958340155870,532.6337190649530,17862600
2025-02-18,535.9724731445310,536.5985095911100,532.6634320198590,536.3301909280930,20565000
2025-02-19,536.12158203125,537.4034344848550,533.0808594023650,535.1775539526900,19666900
2025-02-20,533.845947265625,535.7041632085360,529.106034929491,535.3364987054380,26550800
2025-02-21,522.7662963867190,535.0087013272570,522.3986318284580,534.9888078968530,47093800
2025-02-24,516.5953369140630,525.7373982954540,516.2575125365580,524.5548916727960,39268400
2025-02-25,510.0866394042970,516.0488458111330,506.23107440915300,515.9693327435130,48940000
2025-02-26,511.3187561035160,516.3866066654180,508.1488476612620,512.2826775590350,34457600
2025-02-27,497.1188049316410,515.8004025498750,496.90018949133600,514.866321152696,52448000
2025-02-28,504.96905517578100,505.5751982352110,493.7998352114140,496.9796905709140,47654000
2025-03-03,493.9190673828130,509.80833658708500,490.4709237175100,508.29792199196800,44587200
2025-03-04,492.42852783203100,500.5669416036150,484.6677252997210,491.0671622880660,67875400
2025-03-05,498.84783935546900,500.4576300932130,488.1655538058740,493.07443907980900,46323700
2025-03-06,485.12481689453100,495.4394073029580,483.1374149905400,490.58022541687800,57574300
2025-03-07,488.6922302246090,490.172835031535,477.5031471015200,484.0913896771830,54714700
2025-03-10,469.7523193359380,480.9215096966140,465.7079486891980,480.4047960555830,76668000
2025-03-11,468.62939453125,475.7939702022420,464.0683106107930,469.37467027626600,68760800
2025-03-12,473.9158935546880,478.0297999193570,468.8182025802530,476.1417740872490,46971100
2025-03-13,465.3899230957030,473.2799114684230,463.4919505450520,473.2501016514120,46563300
2025-03-14,476.6386413574220,477.5329662224830,470.13982810737400,470.7460015069770,43563000
2025-03-17,479.72900390625,482.77967314656700,474.7903088976980,476.5889052181340,41744400
2025-03-18,471.5508728027340,476.5889137375580,469.4342848576120,476.39019173623500,39072300
2025-03-19,477.8608703613280,482.27287473503400,471.87877115950000,473.8065534525710,40430300
2025-03-20,476.2411804199220,481.4978372007990,473.18056416842600,473.87616704158900,36780500
2025-03-21,477.81121826171900,478.57635716753500,469.9311760645660,471.0937893328140,42234900
2025-03-24,488.29644775390600,489.1423592971700,482.0665930507610,485.39050030859900,34567200
2025-03-25,491.08294677734400,491.2421796862820,488.05761261924100,489.022941249908,26035200
2025-03-26,482.04669189453100,490.7843964317410,480.49420901971600,489.92852335581500,34627100
2025-03-27,479.3000183105470,484.2361173499160,477.9366224976440,480.08622136250800,33469800
2025-03-28,466.6810607910160,478.20526514414300,465.79533345257200,477.4986938052010,46363800
2025-03-31,466.6611633300780,467.5966072840800,455.12696717610400,459.6948832614750,53000300
2025-04-01,470.4229736328130,471.3484864500330,462.18286035410400,465.04896162318200,41156200
2025-04-02,473.8562927246090,477.2498697785150,463.61585302345700,463.8746102747230,49894500
2025-04-03,448.4891052246090,457.8537794541510,447.9716210778620,454.24126086225500,70456300
2025-04-04,420.6339416503910,438.2486595831720,420.6339416503910,436.0294213013580,117088400
2025-04-07,421.6490478515630,441.0053675205170,400.4516641030580,406.6914499899580,161557000
2025-04-08,414.0557861328130,441.0053554988180,407.81600041600800,436.0493338288810,101248100
2025-04-09,463.7552185058590,465.5763897991720,413.4288133631860,413.56815354318600,142876900
2025-04-10,444.0306701660160,453.39534429067400,430.54595489590400,451.37512434983400,108384100
2025-04-11,452.21112060546900,453.5944394661010,439.2040723268700,442.5080869674280,52483800
2025-04-14,455.2762756347660,462.80978696729000,450.4496325846050,462.2226327115800,43941200
2025-04-15,455.7838134765630,460.15268105084900,453.9526805576150,456.33118230210100,35404200
2025-04-16,442.04034423828100,450.4396905530410,435.6512868687370,446.86698749756200,48980600
2025-04-17,441.96075439453100,445.5931660897690,439.23393245815100,445.0159733415270,44837000
2025-04-21,431.02362060546900,436.9648633110090,425.86858083880800,436.1189822025890,44149300
2025-04-22,442.33892822265600,445.42397106891900,435.5119573980010,436.7061890853480,52304400
2025-04-23,452.3703308105470,461.14785116525900,450.6984308488600,455.9629568263110,55801100
2025-04-24,465.0987243652340,465.4072286279400,453.6341981671540,454.28109133466900,45956100
2025-04-25,470.28363037109400,470.81107609503900,463.1481859616910,464.72056158591100,38697100
2025-04-28,470.1343688964840,472.5228018406060,463.7850969803820,470.75137745023700,33550800
2025-04-29,473.23931884765600,474.1250461983430,467.32793004665400,467.9051531308390,30613100
2025-04-30,473.1795959472660,474.90127322952000,460.2024029412010,464.87977453427800,46810600
2025-05-01,479.35968017578100,484.83318599096100,478.4242058431780,481.08135748378000,43316500
2025-05-02,486.4752197265630,488.54521706431200,482.49448832227400,484.1962728644180,39218100
2025-05-05,483.5892333984380,486.67430655244200,481.7680620014260,482.2656534659240,28309500
2025-05-06,479.09100341796900,482.71345338039800,475.88651326591800,477.2499089792980,32786300
2025-05-07,480.97186279296900,483.4598199362610,474.4832814966690,479.75773849221900,38006300
2025-05-08,485.9378662109380,490.32662643958500,481.8377175267330,486.1767003880920,39577600
2025-05-09,485.6194152832030,489.17222563016500,483.8579524315380,487.8486153265170,27767400
2025-05-12,505.40362548828100,505.44344130675300,499.0643154796620,504.5477524292730,45090600
2025-05-13,513.1063842773440,514.8977013705510,505.97090943590300,506.707335072133,53269600
2025-05-14,516.1814575195310,516.7287959644330,513.2655789214310,514.2806849131290,47014500
2025-05-15,516.7487182617190,519.4158011315520,512.6883550423400,514.0318883953610,50153300
2025-05-16,518.997802734375,519.1868899000240,514.6090124784220,518.1518608917830,48394600
2025-05-19,519.4954223632810,520.0129368955120,511.76283198638400,511.76283198638400,52536200
2025-05-20,517.7637939453130,518.4205878915070,514.171137741155,516.967599082951,42517600
2025-05-21,510.5686340332030,520.4806779894520,508.77731688816100,513.7831162356640,71292800
2025-05-22,511.5240173339840,515.2161678084020,509.8321942334840,511.18562841742600,55607200
2025-05-23,506.78692626953100,509.37440786318300,503.14455323986800,503.74166904926000,58368100
2025-05-27,518.7091674804690,519.1968580915910,512.1111611741850,513.6636439652770,47226300
2025-05-28,516.4102783203130,521.1573196978350,515.8928245699910,519.6645455027540,46637200
2025-05-29,517.4254150390630,523.943850597734,514.8280023627370,523.7946096140160,58513300
2025-05-30,516.609375,518.1718194248760,509.46396914496200,516.937802360934,67662800
2025-06-02,520.689697265625,520.9285314569360,513.4845216279210,514.7484234216120,44762800
2025-06-03,524.7598876953130,526.192953382638,520.172109482974,521.0379136751980,44070300
2025-06-04,526.2228393554690,527.2876922621840,523.4362788655680,525.4664906934180,41359300
2025-06-05,522.261962890625,530.4821825867150,520.1422186545670,527.6260127928040,61031200
2025-06-06,527.3672485351560,529.2381970448480,525.6655248338540,527.446880166096,42467000
2025-06-09,528.1436157226560,529.7856311828060,526.4617540692670,527.5863156876300,33688700
2025-06-10,531.6366577148440,532.3233363181570,526.342277608641,528.6112629449330,40664800
2025-06-11,529.8452758789060,534.1942808270470,527.5563674659290,533.039834702878,53701000
2025-06-12,531.0892944335940,532.0646150066510,528.2829320298820,528.5317277617890,34104900
2025-06-13,524.4215698242190,529.3078908293890,523.1974536303320,525.1380723113460,55814400
2025-06-16,531.7162475585940,532.7910620936350,527.8947792535580,527.9445262501220,37622100
2025-06-17,526.5313720703130,530.7608992855100,525.366964373918,529.1487078886560,42180900
2025-06-18,526.4417724609380,529.9846210200800,524.8594657253660,527.5464108599050,43983500
2025-06-20,524.292236328125,530.989797962704,522.3516174800590,529.6960723110420,61643500
2025-06-23,529.6832275390630,530.2012624901580,521.7128229011950,524.8611059770330,50666100
2025-06-24,537.783203125,538.6997827118520,534.2861780549610,534.90387960364,45442000
2025-06-25,539.157958984375,541.3000294115660,537.3845756916880,540.0546537700270,44804200
2025-06-26,544.1992797851560,544.6476272131090,539.5167156535900,541.339901952907,43811400
2025-06-27,546.0623779296880,547.9553124291840,542.5254624415980,545.2354314727290,57577100
2025-06-30,549.5992431640630,550.7549250315780,546.9789678853870,549.2206440950200,45548700
2025-07-01,544.9664306640630,548.6727003482660,542.6450333450840,547.6962844543340,56166700
2025-07-02,548.7623291015630,548.9616013728260,544.099649838931,544.1394799694400,36538300
2025-07-03,554.1622924804690,555.1387084222480,551.1335605372530,551.1335605372530,26443500
2025-07-07,549.9878540039060,552.2893059767700,547.5469053516300,551.4723321808170,45349300
2025-07-08,550.2966918945310,551.9604968449190,549.0612280892240,551.3328226115980,36153300
2025-07-09,554.1921997070310,555.5670993773460,551.0538285444960,552.4287282148100,43045500
2025-07-10,553.3952026367190,555.2383344969290,550.7051787469100,554.8298779906590,34710900
2025-07-11,552.1497802734380,553.733864104168,550.0077097543850,551.2530854493320,39618600
2025-07-14,554.1524047851560,554.8896575344720,549.5893307950610,551.9405857278430,36453300
2025-07-15,554.660400390625,558.7253235687810,554.6006247913590,558.177370440617,43277700
2025-07-16,555.2283325195310,558.1375740177880,549.519549612121,555.2184205935200,52314700
2025-07-17,559.7216186523440,560.229741645841,555.1486333295830,555.9556343165030,40423800
2025-07-18,559.1836547851560,562.6407884950410,557.9083608963980,561.0367592084840,50484700
2025-07-21,562.0828857421880,563.9659084478780,559.9807060956170,560.0106243017520,39595200
2025-07-22,559.1737060546880,562.2622135594850,556.5434579032300,562.212410691865,43270600
2025-07-23,561.7242431640630,561.7640732969980,557.5099110527200,560.2597104593180,40215300
2025-07-24,562.9197387695310,564.1451688896940,561.2060703387890,563.0392899612860,42275500
2025-07-25,564.2747192382810,565.5998159531920,562.1825124752500,562.8400440606900,30630800
2025-07-28,566.0382690429690,566.9349031473510,564.7729477514130,565.639724456999,31498700
2025-07-29,565.1614990234380,569.9935327032100,564.434219030358,568.6485511909250,45463300
2025-07-30,565.9186401367190,568.508997161805,562.9595959750740,566.0780214636060,43433800
2025-07-31,562.9197387695310,572.5041444344460,561.7839416385070,572.4144506359530,64613600
2025-08-01,551.8309936523440,556.951993446216,549.6391201209820,556.7626938955670,69400800
2025-08-04,562.0131225585940,562.2323403030460,556.8822111512050,556.9818168836360,47669800
2025-08-05,558.1973266601560,564.4640352064250,557.6592854470430,563.2983805936120,48666600
2025-08-06,565.2212524414060,565.6596271290570,558.5559991276680,559.0342039471560,41823700
2025-08-07,567.1340942382810,571.1990173575660,563.0193682552220,569.5550971875250,44463000
2025-08-08,572.4244995117190,572.6437172653320,568.0408133424520,568.3396913615940,35255500
2025-08-11,570.730712890625,574.6661119984630,569.4554798808990,572.5639325532170,33112900
2025-08-12,577.9041137695310,578.2029917684720,570.372084149425,573.0321895540380,42143300
2025-08-13,578.193115234375,581.1620715545170,576.7982700747930,580.6041456525570,41209300
2025-08-14,577.7447509765630,579.7273793774010,575.7720345015410,576.1407216563160,45425000
2025-08-15,575.2042236328130,577.6949751695010,573.4407520858410,577.6550842269210,49480200
2025-08-18,574.9750366210940,575.6326290840030,573.1119593251240,574.3075322318430,29831000
2025-08-19,567.1740112304690,574.4270476767490,566.1477924665420,574.2576936083950,53752600
2025-08-20,563.8065185546880,566.3470728538310,556.7726389420530,566.2275216498260,76781100
2025-08-21,561.1962280273440,564.3943140175200,558.9046880126310,562.2622161511610,46436900
2025-08-22,569.85400390625,571.8665505027730,561.186237654488,562.5810219572570,51502100
2025-08-25,568.210205078125,571.1691888777930,567.0544622483580,568.289926158301,34044700
2025-08-26,570.4915771484380,570.8004278507280,566.6956749257420,567.7218935616650,34103000
2025-08-27,571.368408203125,572.2849877073900,568.2599552674770,569.4754735923460,36927100
2025-08-28,574.9451293945310,575.8617088595210,570.3422257905410,571.9860851866180,46787900
2025-08-29,568.2898559570310,572.9027323513420,566.4366907257230,572.5340452045850,56030400
2025-09-02,563.527587890625,563.8762688061980,557.4700627066660,559.2335343759410,65876800
2025-09-03,567.9610595703130,569.585034325084,564.6333889904670,567.1241403555320,54230200
2025-09-04,573.1019287109380,573.4705550386210,566.9249141338810,568.6285491052420,47526300
2025-09-05,573.9288940429690,578.9701724080200,569.4156841594210,578.3424981949750,68342500
2025-09-08,576.728515625,578.6912594012140,575.6326093036280,576.2303653317650,46371400
2025-09-09,578.3624267578130,578.7908286858920,574.9052323196160,577.5255075617650,44007600
2025-09-10,578.5517578125,581.6104078841150,576.4096872460330,581.5804896782810,49308000
2025-09-11,581.9192504882810,582.7162787776650,579.4683292093010,581.0823312583440,44745800
2025-09-12,584.4896850585940,585.6852579441870,581.939157947032,582.8756829463210,50745900
2025-09-15,589.4910888671880,589.6006673309760,586.1136154844120,586.263084887294,44360300
2025-09-16,588.992919921875,590.6666974580140,588.3054701472680,590.417622334017,36942100
2025-09-17,587.8173217773440,589.560847731768,582.2081448420760,588.9132280535240,69384800
2025-09-18,593.11767578125,595.9272507480730,590.7664209781600,592.7091584852490,61069300
2025-09-19,597.1326904296880,597.83011295333,593.6456386208330,595.1202047360830,58196100
2025-09-22,600.667724609375,601.3360027595130,596.1990824942010,596.2190510860970,57154800
2025-09-23,596.6779174804690,601.0367933292060,595.4609900615410,600.8372900448080,64635500
2025-09-24,594.583251953125,598.3736318933130,591.8502333814110,598.0544387994100,49850300
2025-09-25,592.0198364257810,593.6057566967050,587.0026056631180,590.6932034651780,70920200
2025-09-26,594.4535522460940,594.7827296224770,589.5560723046870,592.8376791327270,54337400
2025-09-29,597.20654296875,600.5181027058710,595.8898943349650,597.5855809487720,48332900
2025-09-30,598.8424072265630,599.1815689140330,594.5832523790600,596.9073409482910,46533800
2025-10-01,601.7150268554690,602.2536309055720,594.8226361779190,595.6504804045830,46899600
2025-10-02,604.188720703125,605.6150748101590,601.3958573858610,605.5153536087710,43765400
2025-10-03,601.645263671875,605.7847287787450,599.859840058186,604.9668078782120,46482100
2025-10-06,606.1636962890630,607.8094613157000,604.4280726015550,606.9018036091140,41962100
2025-10-07,602.9718627929690,608.1586438162230,601.4956480641420,607.4703970532170,58209500
2025-10-08,609.8842163085940,610.193425090037,603.7199483921800,603.869530194898,50629800
2025-10-09,609.1461181640630,610.0537759298150,605.9342796270850,609.9241018375850,45551000
2025-10-10,588.0000610351560,611.6198017284070,587.5511938507610,609.8443624637230,97614800
2025-10-13,600.4782104492190,601.415821078074,595.7103438165700,598.1541220292100,65872600
2025-10-14,596.4784545898440,601.1565238344470,588.628483812035,593.7952965646050,69203200
2025-10-15,600.6876831054690,605.1563255984370,594.4137092888620,602.4731675952410,62805500
2025-10-16,598.46337890625,606.7622168482490,593.9848129790580,603.5703467351940,70982000
2025-10-17,602.393310546875,603.9693073296390,594.8525491800320,596.4285459627950,72024900
2025-10-20,609.9839477539060,611.2407514930890,605.5253506485600,605.5951798429430,45761700
2025-10-21,609.8244018554690,611.1609582497780,607.7696457807520,610.0837500489530,44538200
2025-10-22,603.9493408203130,609.8542605281880,598.2139715066550,609.2657958565490,61478800
2025-10-23,609.0264282226560,609.8143961922940,602.9818500103870,603.3708114071280,42844300
2025-10-24,615.52978515625,616.8464337655930,613.5648269782700,614.4226241256160,47632500
2025-10-27,626.4918823242190,626.9506729134800,622.4422152319880,622.930958710038,54098600
2025-10-28,631.3095703125,633.0651018787080,627.648925370604,628.7560864561590,61195700
2025-10-29,634.15234375,635.3891789092540,628.6463695521780,633.9728090539650,67422800
2025-10-30,624.45703125,631.8880872300180,624.3473257513070,630.5614543099160,61628600
2025-10-31,627.4694213867190,632.5863736464860,625.0954721134610,632.5564207552090,66305100
2025-11-03,630.4716796875,634.2021534587440,628.2473125587720,633.4939381480050,37154300
2025-11-04,617.67431640625,625.3547359077400,616.8863484805080,621.6940912807670,63830800
2025-11-05,621.6941528320310,625.0056518350640,615.6395900613110,616.9163015661200,48688500
2025-11-06,610.1136474609380,620.4572571227980,608.7471381645780,620.2078932237560,72115100
2025-11-07,608.1885375976560,608.3980251800010,597.1466973484640,606.7621834660790,81835400
2025-11-10,621.6442260742190,622.7214951546600,615.3203917446490,617.3451949289610,55919900
2025-11-11,619.9884643554690,621.1355017301040,615.9487814833330,618.9910087880350,44868800
2025-11-12,619.4996948242190,623.2700450530870,616.2379957742790,623.2501373408770,47444400
2025-11-13,606.8519897460940,616.5472286099420,604.5378855310530,615.9686873362170,71333600
2025-11-14,607.310791015625,611.7893568378090,595.6505328274210,598.0244819828540,80087300
2025-11-17,602.1240234375,610.9215891749510,598.3436886131180,604.7573208445990,63850400
2025-11-18,594.7926635742190,600.7773963408280,589.8353391548730,598.0942387152710,83327300
2025-11-19,598.3436279296880,604.6176011290700,593.0770945294740,595.5507646962520,73111500
2025-11-20,584.1797485351560,612.4676329241030,583.262106516965,610.0637310644660,117743200
2025-11-21,588.568603515625,595.4609945768990,579.2623261905870,585.9751825584980,103344200
2025-11-24,603.6201782226560,605.1363301511910,593.6456226504140,593.7653733267490,60168100
2025-11-25,607.3407592773440,608.7072685888150,595.8001905964920,601.9744432402350,57560900
2025-11-26,612.70703125,614.6221288317280,608.8368989020180,610.9514997668100,42393600
2025-11-28,617.67431640625,617.7441455966100,613.8540448070680,614.5422915350680,23034400
2025-12-01,615.599609375,617.8638528985130,610.961477711232,612.0686387329200,40957600
2025-12-02,620.4172973632810,622.1628444217790,616.0185455630000,617.8837824065500,54541800
2025-12-03,621.9334716796880,622.6316418245010,616.4574507356940,618.0433708850140,47841600
2025-12-04,621.35498046875,623.3498916256300,617.9636071501100,623.339907329069,47067800
2025-12-05,623.8884887695310,627.3197383563270,622.1230338136670,622.7913119974150,53614200
2025-12-08,622.6915283203130,627.2399228158020,620.1080918729880,625.6140655337880,43462400
2025-12-09,623.4595336914060,624.2774544880870,619.4198511857300,621.4247464351750,37156000
2025-12-10,626.0130615234380,627.6090269272690,619.4099106697120,622.2626189242520,55031400
2025-12-11,623.98828125,624.1877845427600,616.148234091509,622.2327496814810,58272800
2025-12-12,612.0586547851560,621.9533965533450,609.8043955563880,620.497150448988,75158700
2025-12-15,608.9865112304690,616.8464661142880,607.7696446385380,616.7966055109870,49538200
2025-12-16,610.1934204101560,611.9489518835390,605.3657088583530,606.7123103516170,55152800
2025-12-17,598.8822631835940,612.0886258751330,598.7526499708690,611.5001003103560,70654300
2025-12-18,607.5601196289060,611.3704070362720,605.375689596093,608.248366375679,78875800
2025-12-19,615.47998046875,616.0485374798800,610.313167643226,610.392981139488,60369800
2025-12-22,618.4302368164060,620.8671665076670,616.9920478025750,620.5674955378030,43703100
2025-12-23,621.3265380859380,621.6261480926280,617.0020349130730,617.42148892244,41120400
2025-12-24,623.144287109375,623.4938829346670,620.9370481838330,621.2067276835870,18468700
2025-12-26,623.1043090820310,624.7322611929130,622.3552536061640,623.873297918951,28959800
2025-12-29,620.088134765625,621.995763643064,617.9508150333830,619.3190849184410,32458300
2025-12-30,618.64990234375,621.3964390816570,618.4401448660530,619.0594201394990,31226800
2025-12-31,613.536376953125,619.1792861072610,613.2766946262740,618.8696789386980,40746500
2026-01-02,612.347900390625,622.0656280105540,609.381669736326,619.2791633693980,61859200
2026-01-05,617.2117309570310,620.0281869343080,615.9433108116910,618.5400731036630,46828400
2026-01-06,622.6348876953130,623.2341686687000,617.7610283782290,618.4501618747350,43137500
2026-01-07,623.2341918945310,627.1492383750700,621.7760085257350,622.2553845556760,44880300
2026-01-08,619.6885986328130,622.6348958217860,617.0219780933960,622.2454332860370,50435900
2026-01-09,625.86083984375,627.0992684709720,618.280371644388,620.6273877403380,49688700
2026-01-12,626.3801879882810,628.0580650499220,621.4763979710710,621.5263228144310,37388700
2026-01-13,625.4513549804690,628.6772678768710,622.9145755930200,626.4800871429720,44481400
2026-01-14,618.769775390625,622.6648884214620,613.7860691564840,621.4563902550670,72598700
2026-01-15,620.9970092773440,629.206628407055,619.9682771169510,625.8108857117000,53934900
2026-01-16,620.4776611328130,625.2915986535980,618.1006533744520,624.7123119754500,61058100
2026-01-20,607.2942504882810,614.2854351912490,606.2855126563830,609.7611716460690,81988900
2026-01-21,615.50390625,619.6386461402020,607.0944662344780,608.7024240227940,79837900
2026-01-22,619.978271484375,621.6761428244050,617.0020437780020,621.5662350217960,42254800
2026-01-23,621.935791015625,624.612469784726,617.8709699342950,618.949566020391,43645800
2026-01-26,624.67236328125,626.81961915323,621.3365426117720,622.425196766994,35983000
2026-01-27,630.335205078125,631.2440322678260,626.5499998769390,628.1179690883870,38997200
2026-01-28,632.4225463867190,635.7982947738300,631.014348844542,634.6597767228700,50691700
2026-01-29,628.6373291015630,632.8719797654480,617.4914101080950,631.8533057393620,79944000
2026-01-30,621.0868530273440,627.4688205124430,618.5200822009820,624.9220440060530,65650700
2026-02-02,625.3515014648440,627.6985176699920,617.8808797571520,617.9208683974970,49020300
2026-02-03,615.7435913085940,629.1866011443990,610.1905958568020,627.5087242048250,81234000
2026-02-04,604.9871826171880,614.3253838343160,599.7138024298950,614.2455284678140,81850700
2026-02-05,596.2781982421880,604.0483693053460,594.0110373128410,599.4541864003900,89354500
2026-02-06,608.8822631835940,610.6399955270390,598.0159600076650,599.434154665902,78019300
2026-02-09,613.54638671875,615.6837064208920,604.3080353554790,606.7748955946630,56797600
2026-02-10,610.699951171875,616.2430108652890,610.2405694597210,614.5351423104310,53938900
2026-02-11,612.337890625,616.7423712103640,606.9247331463700,615.6037921922690,58575100
2026-02-12,599.8836059570310,615.0344847338600,598.8149461335120,613.9358943887880,81378900
2026-02-13,601.1619873046880,605.7162424752420,595.6689134343200,599.673873409497,69237500
2026-02-17,600.542724609375,603.1894116444830,592.5927882610700,597.626419057608,69013800
2026-02-18,605.027099609375,609.0021290003770,599.9634770047900,601.3517411914930,64250700
2026-02-19,602.7100219726560,605.0570991965420,599.993476524114,602.0508799312080,60960800
2026-02-20,608.0433349609380,609.581373723881,598.4753818004270,599.3642756707150,74127300
2026-02-23,600.652587890625,607.2443127599430,598.2955745850620,605.8460514657050,63859100
2026-02-24,607.1044921875,608.2230768722750,598.9747284234800,601.6414099286680,55023700
2026-02-25,615.9033813476560,616.053216829597,610.2305417280920,610.3004608891120,55710700
2026-02-26,608.4727783203130,614.8148183820400,603.2193924504020,614.8148183820400,96178900
2026-02-27,606.5252075195310,607.5539396831470,601.4316544188310,602.2206376135270,68125200
2026-03-02,607.32421875,609.1518702196470,597.2369017749590,598.1058012495890,75264600
2026-03-03,600.8224487304690,603.1994564784980,591.1246545665930,595.5790600436340,97015500
2026-03-04,609.9808959960940,612.108218610738,602.6701065956440,603.3991678160900,70943900
2026-03-05,608.1431274414060,611.9883154244910,601.5015388569160,606.6350803018900,89602400
2026-03-06,598.9946899414060,605.2368188486740,597.5764953219960,599.5539822531660,86302300
2026-03-09,606.99462890625,608.5027370453230,590.5853272955470,593.4816386137260,93068200
2026-03-10,607.004638671875,612.5176457382480,604.65756151405,607.0146358319370,64078900
2026-03-11,606.9247436523440,611.6587648578190,604.2681201890960,608.1831666985170,60114800
2026-03-12,596.5078735351560,603.3792143506390,596.2981160455260,602.0009473234560,71836600
2026-03-13,592.9722900390630,602.8398528802120,591.8237748266750,598.9747313072240,63145500
2026-03-16,599.6239013671880,603.099499235842,598.3554812666720,599.2843027330100,49077200
2026-03-17,602.5502319335940,605.1369970937810,601.1120429286620,602.3804630878030,47106600
2026-03-18,594.15087890625,602.400426051188,593.8112802396880,600.7325461165640,56128000
2026-03-19,592.273193359375,595.0496606380130,586.3406715242520,588.7676039624900,75597600
2026-03-20,581.3269653320310,590.4254777892630,577.8113788279010,590.3156309505810,91964700
2026-03-23,588.0,595.0800170898440,585.9600219726560,590.52001953125,89936100
2026-03-24,583.97998046875,587.9299926757810,581.9299926757810,584.8099975585940,57750900
2026-03-25,587.8200073242190,591.3699951171880,585.6900024414060,589.1400146484380,60475500
2026-03-26,573.7899780273440,584.6300048828130,573.4299926757810,582.5999755859380,81492100
2026-03-27,562.5800170898440,571.02001953125,561.5700073242190,570.8099975585940,82702200
2026-03-30,558.280029296875,568.0499877929690,555.5999755859380,567.3800048828130,70602600
2026-03-31,577.1799926757810,578.6400146484380,564.2100219726560,564.2899780273440,95317800