Date,Close,High,Low,Open,Volume
2021-03-29,12.915698051452600,13.029661010785400,12.668072141761800,12.788019583374800,273520000
2021-03-30,12.839387893676800,12.942628040628200,12.673057179994900,12.809712820109100,200204000
2021-03-31,13.314692497253400,13.436634761447100,12.949861691430900,12.982778720855700,314776000
2021-04-01,13.777026176452600,13.835129204542900,13.477280798414800,13.538128259715100,308276000
2021-04-05,13.952333450317400,13.97876657407880,13.698472914587200,13.832635263043800,255672000
2021-04-06,13.82664966583250,14.018915037379200,13.738871566976400,13.964552432362300,191744000
2021-04-07,14.107941627502400,14.207689643014700,13.677027574966000,13.845851593018900,251284000
2021-04-08,14.281005859375,14.43511743681890,14.213176027468200,14.21691739862400,244416000
2021-04-09,14.36379623413090,14.371776494039400,14.139362482793100,14.178263990565400,195172000
2021-04-12,15.170762062072800,15.313901610058000,14.103701731984700,14.253823650541000,869324000
2021-04-13,15.640081405639600,15.660530051339100,15.08772349362150,15.193207722114000,676212000
2021-04-14,15.238594055175800,15.680978662596900,15.189218033930000,15.585718757163300,385500000
2021-04-15,16.096681594848600,16.173487680774600,15.592202403914000,15.623124606404800,598480000
2021-04-16,15.8724946975708,16.125108122447800,15.82536274319290,16.0126405831472,335208000
2021-04-19,15.323127746582000,15.767757295505500,15.194701596936300,15.497438724293300,404420000
2021-04-20,15.13310718536380,15.458037592088100,14.92538071636660,15.284724505863200,334132000
2021-04-21,15.321882247924800,15.323877075097700,15.064281282601500,15.080739320235300,216776000
2021-04-22,14.812914848327600,15.399686073698200,14.746332141113500,15.336345317338900,277788000
2021-04-23,15.226872444152800,15.296446921011600,14.862790304524400,14.896704270923400,227500000
2021-04-26,15.439087867736800,15.44008575706990,15.086975624680400,15.146825202745100,197796000
2021-04-27,15.343079566955600,15.63110332965210,15.31589778572030,15.539334614947000,164572000
2021-04-28,15.238343238830600,15.493201692864100,15.177247490188100,15.325873065531100,209416000
2021-04-29,15.28622055053710,15.3976892392755,15.033607148432100,15.361281030191200,173196000
2021-04-30,14.971765518188500,15.326372008336500,14.959297133568600,15.13635161976730,201912000
2021-05-03,14.799448013305700,15.208417054015900,14.7503221859339,15.08697327520050,203912000
2021-05-04,14.315166473388700,14.600696871673500,13.975024242433600,14.600447637230100,405324000
2021-05-05,14.422148704528800,14.776256666947100,14.351327112045200,14.672018629638600,292024000
2021-05-06,14.48648738861080,14.53461628081530,14.182254838103700,14.45880713985870,193380000
2021-05-07,14.775008201599100,14.93310940887280,14.634861387469100,14.771018547850900,229328000
2021-05-10,14.229884147644000,14.768775720170100,14.21417381350000,14.750072669633800,268904000
2021-05-11,14.270282745361300,14.318660873983000,13.715431575761700,13.790242830465000,285584000
2021-05-12,13.723908424377400,14.224396914953200,13.674782598990000,13.974276811259600,303408000
2021-05-13,13.630892753601100,14.04534874580520,13.425161115583600,13.998466030075900,285404000
2021-05-14,14.207192420959500,14.291978764788400,13.713935458707900,13.855080192512500,258616000
2021-05-17,14.129884719848600,14.13362513937640,13.818669829056000,14.121405991656700,216980000
2021-05-18,13.980512619018600,14.36803609551160,13.968791939261800,14.231131212096800,186256000
2021-05-19,14.030386924743700,14.04410243148700,13.509200522328300,13.532391695784700,344000000
2021-05-20,14.575763702392600,14.646834538609400,14.234623498296400,14.266542637893300,321592000
2021-05-21,14.954059600830100,15.183731096129900,14.832117340430800,15.125627113969400,672992000
2021-05-24,15.572749137878400,15.705414174003700,15.137844497008400,15.174252706728900,554816000
2021-05-25,15.60841178894040,15.778732192207000,15.443577398975900,15.726364404401600,435408000
2021-05-26,15.660529136657700,15.754043443944200,15.547065605147300,15.69469328900030,370440000
2021-05-27,15.449060440063500,15.71040181104530,15.421130958607200,15.660278094852800,581476000
2021-05-28,16.203659057617200,16.236577036281300,15.46202947906420,15.46202947906420,644536000
2021-06-01,16.223608016967800,16.347047573880400,15.863266335432500,16.229094980518500,472804000
2021-06-02,16.736064910888700,16.87621267756660,16.194680117402600,16.211388338449300,594168000
2021-06-03,16.92708396911620,17.215608058599500,16.54130706968030,16.658761189100900,580008000
2021-06-04,17.534055709838900,17.616596077162200,17.052519499034800,17.06947505300830,617120000
2021-06-07,17.57469940185550,17.76771339539240,17.149522583386600,17.527070892104800,575756000
2021-06-08,17.413114547729500,17.577200286108300,17.20763114477440,17.48318750071490,323848000
2021-06-09,17.318574905395500,17.53483058843350,17.216310173340100,17.475716134562600,381656000
2021-06-10,17.38517189025880,17.452020091808000,17.13674237056940,17.3103444553602,287772000
2021-06-11,17.78451156616210,17.898251342387300,17.403883229039900,17.439550960234800,416308000
2021-06-14,17.977567672729500,17.998270294606800,17.622382309836600,17.865076259269300,321376000
2021-06-15,17.74785041809080,17.975080751295200,17.687489476614100,17.874062427345800,243032000
2021-06-16,17.769546508789100,17.913717005111100,17.5443124591101,17.75009224553800,307124000
2021-06-17,18.614606857299800,18.79195023048880,17.715667091470900,17.733874892512500,809656000
2021-06-18,18.596153259277300,19.330720564613100,18.541527942897900,18.74107162605110,968856000
2021-06-21,18.3851375579834,18.494138905663000,17.78201922276800,18.393118696833000,672384000
2021-06-22,18.843585968017600,18.920411562226600,18.34398078046080,18.429286096445200,580144000
2021-06-23,19.013696670532200,19.10897936391850,18.864538436254100,18.96431028230060,332356000
2021-06-24,19.161609649658200,19.37561988275200,19.04462715758130,19.18380992868430,320924000
2021-06-25,18.987503051757800,19.301285040207200,18.851315628683000,19.236433070795300,278364000
2021-06-28,19.939319610595700,20.032855320198100,19.27484156420650,19.316994670965200,495436000
2021-06-29,19.980979919433600,20.052813964606800,19.612073999620800,19.837058731492400,367632000
2021-06-30,19.956783294677700,20.116417450244800,19.818350342257400,19.95354060100910,326568000
2021-07-01,20.16580581665040,20.40924764246020,19.973246122217300,20.079004759784200,480136000
2021-07-02,20.440176010131800,20.458385715167400,20.241382131269400,20.39353374130320,342764000
2021-07-06,20.65118980407720,20.79436118669730,20.303736350858000,20.690100221574800,446708000
2021-07-07,20.32518768310550,20.827287563769400,20.285529389265700,20.805837070095600,418428000
2021-07-08,19.857261657714800,20.086984820407000,19.65572366995780,19.811117972492700,503300000
2021-07-09,20.004423141479500,20.03435525988890,19.709100137865700,19.916874216592700,296624000
2021-07-12,20.465621948242200,20.48582408605360,20.141613226484800,20.193743724149100,321984000
2021-07-13,20.203720092773400,20.41448760068870,20.068031230618000,20.353875481303700,290708000
2021-07-14,19.79615592956540,20.371089112577900,19.707609813917800,20.311226762267800,380100000
2021-07-15,18.922903060913100,19.801640805909600,18.815399378990500,19.766471657258300,550564000
2021-07-16,18.119491577148400,19.113215466884000,18.03169335944510,18.9870054099986,688224000
2021-07-19,18.736831665039100,18.99848131527800,17.82466976343860,17.874307343819000,749060000
2021-07-20,18.5694580078125,18.79494127146190,18.12248204844720,18.68718832530130,434687000
2021-07-21,19.36564064025880,19.48237382941790,18.699168004217100,18.838847442192400,371017000
2021-07-22,19.549222946167000,19.84155264123150,19.23194885961390,19.59711358975880,323826000
2021-07-23,19.5133056640625,19.65498135662070,19.206008957458200,19.611081283394400,195672000
2021-07-26,19.249900817871100,19.397561350560700,18.870768308556600,19.266862159313200,203943000
2021-07-27,19.164094924926800,19.5771481706099,18.69816142497150,19.22096384383670,248863000
2021-07-28,19.458425521850600,19.601098340577900,18.951587150781000,19.274846044574700,202191000
2021-07-29,19.6170654296875,19.807628906073600,19.283827210408300,19.4743906867944,190781000
2021-07-30,19.45443344116210,19.585132640892700,19.218972784196300,19.373617296753000,183497000
2021-08-02,19.70486068725590,19.915378880901800,19.316749821197500,19.654975725192700,217444000
2021-08-03,19.769712448120100,20.175781820042900,19.176071129798500,19.6948831028393,301811000
2021-08-04,20.2276611328125,20.27156118889960,19.782679477126900,19.94430985832060,231309000
2021-08-05,20.589832305908200,20.68561356328150,20.29550646605200,20.45314629356310,211435000
2021-08-06,20.3194522857666,20.522986511252400,20.163808690158600,20.47709211719840,178497000
2021-08-09,20.248619079589800,20.46113164731860,20.096966025159200,20.399273064432900,146443000
2021-08-10,19.890439987182600,20.383310504258200,19.78966907249900,20.275557520496300,179238000
2021-08-11,19.65397834777830,20.003178821250400,19.385594031751800,19.99719201633090,185925000
2021-08-12,19.85951042175290,19.98322568110960,19.57516190406230,19.82459056189550,151652000
2021-08-13,20.141862869262700,20.16780442422180,19.8056331423008,19.859510585376000,183063000
2021-08-16,19.90440559387210,20.240635283225100,19.408539829296200,20.08898224870650,210876000
2021-08-17,19.41352653503420,19.72481369476370,19.222963104205100,19.64000698314390,204585000
2021-08-18,18.99648666381840,19.589128991914900,18.956577166874200,19.455434460739300,285913000
2021-08-19,19.75275421142580,20.44816179796090,18.71912067132580,19.449448117020800,766555000
2021-08-20,20.7684268951416,20.817314696928400,19.887445490471500,19.945311597000600,675741000
2021-08-23,21.907812118530300,21.946722537110500,20.902116621288400,20.9230685315231,575807000
2021-08-24,21.743192672729500,21.90881365504370,21.48578289478910,21.70328507988880,297299000
2021-08-25,22.1622371673584,22.418649828588900,21.672359999754700,21.68732511210210,347701000
2021-08-26,22.017560958862300,22.288938621319600,21.74019649272150,22.149259221965,237940000
2021-08-27,22.584266662597700,22.670070557019200,22.11633866678470,22.133300012367400,304722000
2021-08-30,22.636146545410200,22.990334740001800,22.499460525203300,22.777822203844700,262580000
2021-08-31,22.337778091430700,22.64712359993540,22.073337729589900,22.64712359993540,259850000
2021-09-01,22.39366340637210,22.64912392300390,22.309840959662500,22.437571217978400,201767000
2021-09-02,22.348752975463900,22.545337883825000,22.247966214051800,22.470495343605500,187834000
2021-09-03,22.794809341430700,22.93750730917340,22.153166206014800,22.27790249793310,280532000
2021-09-07,22.614194869995100,22.850694428151000,22.47448890756110,22.784833671238900,198107000
2021-09-08,22.291879653930700,22.562307925362600,21.93064182704280,22.465512411701900,254434000
2021-09-09,22.13021469116210,22.490453174173300,22.08431220635340,22.264930118963200,196856000
2021-09-10,22.430583953857400,22.578270564497400,22.223022541074000,22.30085711920520,248376000
2021-09-13,22.105268478393600,22.91555575401910,21.811888077680900,22.63614575794390,297500000
2021-09-14,22.195077896118200,22.362722745195600,22.039406863407000,22.228007318619200,199755000
2021-09-15,22.29387092590330,22.31981705301160,21.919661994088600,22.261938841506700,166538000
2021-09-16,22.195077896118200,22.23000390634260,21.8807419007731,22.136202349836200,156033000
2021-09-17,21.85379981994630,22.273911214791900,21.78394779506990,22.252955607329,294503000
2021-09-20,21.068462371826200,21.38778701785790,20.61841355645310,21.10139179807720,349440000
2021-09-21,21.20117950439450,21.379800833477800,20.905804421130300,21.37181828897260,204688000
2021-09-22,21.89471435546880,21.91367337565560,21.151285132509700,21.32092658519890,268726000
2021-09-23,22.434572219848600,22.48745990832770,21.843820146489400,22.093292745342200,248555000
2021-09-24,22.034420013427700,22.102277360773,21.814884783571200,22.02344353743370,217655000
2021-09-27,21.614303588867200,21.753010278654100,21.280011254389200,21.664197342175200,245215000
2021-09-28,20.65533447265630,21.373816837113800,20.607435394582400,21.169249364639100,343069000
2021-09-29,20.473716735839800,20.97266191637050,20.423821075791900,20.89582469355390,218394000
2021-09-30,20.672298431396500,21.02156047404020,20.64435762025100,20.72418878114170,221009000
2021-10-01,20.698246002197300,20.814997869776800,20.16038154346580,20.706228547845800,240978000
2021-10-04,19.69037628173830,20.498667077843100,19.51374961230620,20.460747131129300,345635000
2021-10-05,20.407861709594700,20.604446668323900,19.812120875182800,19.907919046676800,279282000
2021-10-06,20.65633201599120,20.676288377439800,20.0376391312872,20.077555660834200,297202000
2021-10-07,21.030542373657200,21.277021060392000,20.927759015939800,21.047504806233400,256919000
2021-10-08,20.78705596923830,21.16126489932200,20.73117434597140,21.056486855696500,151258000
2021-10-11,20.651342391967800,21.0185661050647,20.46773053541930,20.53159660479380,163388000
2021-10-12,20.62739372253420,21.01257912959570,20.484695733535400,20.78406211740240,162134000
2021-10-13,20.894826889038100,20.94571989479940,20.669303819377600,20.873871281370200,180652000
2021-10-14,21.70012855529790,21.70910844363070,21.07744429344670,21.24309449297670,243589000
2021-10-15,21.815881729126000,21.884736417584200,21.616304770157000,21.763991377195500,226994000
2021-10-18,22.17511749267580,22.24397216428210,21.59833590187190,21.703115825760700,189494000
2021-10-19,22.242977142334000,22.3317881818893,21.99051062121750,22.229004834810000,161473000
2021-10-20,22.056373596191400,22.38567737363950,21.935628560572900,22.257947135216400,146276000
2021-10-21,22.64413070678710,22.66309163127970,22.036416137205100,22.05038654332590,187590000
2021-10-22,22.67806053161620,23.081207644909000,22.51340958016110,22.7748560370343,249384000
2021-10-25,23.117130279541000,23.30573075031010,22.72196575698430,22.9245366329956,230235000
2021-10-26,24.664857864379900,25.20571622107300,23.873531450575500,23.93839486421810,485898000
2021-10-27,24.399417877197300,25.037069768657300,24.23077377880670,24.422370071571100,245990000
2021-10-28,24.888389587402300,24.897371379412500,24.471272044998400,24.825522753307300,234204000
2021-10-29,25.513059616088900,25.654760230410600,24.947256404225100,24.948253746323800,292503000
2021-11-01,25.772518157959000,25.83937625950010,25.173783464529500,25.59489414765000,265740000
2021-11-02,26.34531021118160,26.62172634851400,25.745578095990200,25.76753295417270,294112000
2021-11-03,26.541887283325200,26.727495711922800,26.179654119222300,26.613735891491200,239910000
2021-11-04,29.738136291503900,31.298836258876900,27.060795434947000,27.171561344732300,1153631000
2021-11-05,29.689239501953100,31.333761888131000,29.3479599854821,30.12332134440190,851260000
2021-11-08,30.73902130126950,31.034396431529600,29.843912215673000,30.08540230696260,503101000
2021-11-09,30.592327117919900,32.241841813464800,29.900790147535100,32.2139010026745,646746000
2021-11-10,29.396854400634800,30.784920762665600,28.717291247821400,29.29407294809420,636206000
2021-11-11,30.325889587402300,30.52546843492160,29.714183788640900,30.40372606119840,332172000
2021-11-12,30.325889587402300,30.615278725972800,29.567492631484000,29.946692061105600,413054000
2021-11-15,29.96166229248050,30.57935600274200,29.185303594652700,30.487551019533000,384909000
2021-11-16,30.139286041259800,30.325891839785300,29.643334719095900,29.696224316711500,264484000
2021-11-17,29.19927215576170,30.444640534447600,28.739244216455600,30.353830996008000,428508000
2021-11-18,31.608179092407200,32.690889311922700,31.25492578342420,32.2987206204707,781711000
2021-11-19,32.91541290283200,33.018196245585700,31.83769143046510,32.174977704789000,533867000
2021-11-22,31.888582229614300,34.57390504765400,31.832700615691400,33.446287927689200,754335000
2021-11-23,31.679027557373000,32.29173255622800,30.814853381586100,31.468472250509600,532163000
2021-11-24,32.605072021484400,32.78568994748820,30.862755024040700,31.39463157257880,435162000
2021-11-26,31.43654441833500,32.64099706934780,31.2838672949203,32.531228506198700,283069000
2021-11-29,33.30559158325200,33.34151493953770,31.968418209027400,32.29772388938830,454964000
2021-11-30,32.60707092285160,33.28264478706330,31.79678541007750,33.09903100381720,622066000
2021-12-01,31.372528076171900,33.222845580609200,31.31763707417920,33.15298499754880,484368000
2021-12-02,32.062164306640600,32.413466061880600,30.963352187992800,31.15197772160690,472890000
2021-12-03,30.632001876831100,32.0651488092906,30.070119147107600,31.936403568189200,544325000
2021-12-06,29.9773006439209,30.180893752438700,27.982273206253100,29.820611196733000,658938000
2021-12-07,32.362548828125,32.384508270203100,30.590079592743400,30.89547307149780,593053000
2021-12-08,31.76275062561040,32.22582919300090,31.358554819452600,31.935407148072900,475551000
2021-12-09,30.429405212402300,32.14099894850160,30.367528154513900,31.670932420721500,488507000
2021-12-10,30.13798713684080,31.242787533822300,29.801656967245900,31.088094881745900,488825000
2021-12-13,28.10503387451170,30.233796207467400,28.060123228578700,30.188885561534400,598344000
2021-12-14,28.280685424804700,28.621007355370900,27.195845739872200,27.6439528427401,667035000
2021-12-15,30.398469924926800,30.439388813076700,27.782678223157200,28.343561661628600,698297000
2021-12-16,28.33057975769040,31.098069115239600,28.037165364074700,31.090085593980800,707366000
2021-12-17,27.745746612548800,28.86451893479830,27.70482773381930,27.929380931127200,713758000
2021-12-20,27.663911819458000,28.088066423723300,27.091053166532400,27.250735034271600,461847000
2021-12-21,29.0172176361084,29.062128280070500,27.34654282285210,28.31761057753920,524385000
2021-12-22,29.341569900512700,29.49626253795650,28.39245970985010,28.833582616767900,395184000
2021-12-23,29.581100463867200,29.99926847519760,29.372516142297200,29.695871713962300,343022000
2021-12-27,30.883502960205100,31.025220962783200,29.58109607103310,29.60105678205720,403686000
2021-12-28,30.26173973083500,31.267735891884300,29.952354442300400,31.249772014643800,420591000
2021-12-29,29.941375732421900,30.48728951276,29.30763749732150,30.212836426014600,343139000
2021-12-30,29.527196884155300,30.396466020296700,29.481288783387000,29.767717108742500,308864000
2021-12-31,29.352548599243200,29.97031979961120,29.272707665423900,29.61502640680270,266530000
2022-01-03,30.06113624572750,30.649963801294500,29.725803587995500,29.755744649714500,391547000
2022-01-04,29.231794357299800,30.407452874103200,28.29266437490380,30.216832454107200,527154000
2022-01-05,27.54914093017580,29.357540102995400,27.47828288572460,28.89146724200370,498064000
2022-01-06,28.121999740600600,28.381483256103200,27.01121270492410,27.58506883228340,454186000
2022-01-07,27.192848205566400,28.36551411614280,27.003225284481800,28.085072447229500,409939000
2022-01-10,27.34554672241210,27.41440984015940,25.593035959641200,26.528174103667000,594681000
2022-01-11,27.761714935302700,28.009223147677300,26.785659911463400,27.268697246348500,404089000
2022-01-12,27.9433536529541,28.53816789323050,27.553130003657600,28.011217393989700,383413000
2022-01-13,26.522186279296900,28.423399112254000,26.445337738615400,28.322600004609800,540171000
2022-01-14,26.888456344604500,27.142950637215500,26.1579107320568,26.24773202314800,395832000
2022-01-18,25.851524353027300,26.585064339420300,25.718789234872600,26.207815257948400,424270000
2022-01-19,25.017181396484400,26.490247833386200,25.00221181655370,26.02717118789250,488315000
2022-01-20,24.102005004882800,25.52816592790520,24.030147591877100,25.25371283114110,435181000
2022-01-21,23.327547073364300,24.77366673764390,23.216767613789900,23.460282170555100,718958000
2022-01-24,23.325550079345700,23.33353360141310,20.846487542973100,22.285621139528900,913982000
2022-01-25,22.279634475708000,22.897405710454300,21.9562789612793,22.501193412508600,664616000
2022-01-26,22.726741790771500,24.009187801451100,22.255679732041700,23.193812088529300,755959000
2022-01-27,21.900390625,23.94731523787380,21.63192420739020,23.52116377527100,573353000
2022-01-28,22.794605255127000,22.812569129559300,21.25367335760820,21.968249899217800,543774000
2022-01-31,24.43733787536620,24.46029288211660,23.006187716140200,23.135928523428000,564680000
2022-02-01,24.589035034179700,25.095027394146600,23.842520509649400,25.054108511883600,518925000
2022-02-02,25.191837310791000,25.76569347477140,24.50420547493790,25.742740370347100,543419000
2022-02-03,23.900409698486300,25.027165823091100,23.73274428459630,24.40939643808450,410178000
2022-02-04,24.270668029785200,24.586039987928000,23.585033117362400,23.92435754479340,354829000
2022-02-07,24.678855895996100,25.131952179111500,24.153900300504700,24.32356251647180,376868000
2022-02-08,25.05810546875,25.179862772847600,23.93234675869270,24.3105933248436,410359000
2022-02-09,26.651927947998000,26.671888658006200,25.30261555051220,25.571080056956800,524282000
2022-02-10,25.77267837524410,26.871490147981900,25.549124513702200,25.94333997182690,513200000
2022-02-11,23.90140724182130,26.10003039508260,23.72575830389790,25.86449932037970,605472000
2022-02-14,24.218772888183600,24.825564374214500,23.70778938191040,23.88643449693500,440424000
2022-02-15,26.44234275817870,26.492242623139100,24.734742881710100,24.8994139589256,699869000
2022-02-16,26.458314895629900,26.529174849502000,25.501221062795600,26.206816786682100,732676000
2022-02-17,24.458295822143600,25.733755858622600,24.11697644225440,25.579063213609600,810595000
2022-02-18,23.595016479492200,24.936345412834700,23.054093778189100,24.61897658197620,761255000
2022-02-22,23.343517303466800,24.016177674838400,22.95429294527260,22.989223238774200,633422000
2022-02-23,22.342506408691400,24.106994175655700,22.256678790095100,23.754695100866600,566511000
2022-02-24,23.7008056640625,23.75270237205630,20.8484854605416,20.9732370526292,735801000
2022-02-25,24.108989715576200,24.168869937955400,23.33453287499,23.673857307735500,528866000
2022-02-28,24.33654022216800,24.61598446694240,23.659888105648200,23.944321576419400,477319000
2022-03-01,23.430341720581100,24.328554607430000,23.086028049661000,24.24272507991100,412056000
2022-03-02,24.17598533630370,24.3646429560286,23.372449827907300,23.71282974706900,389642000
2022-03-03,23.6709041595459,24.281791456450600,23.426348571587400,24.217906685184200,365095000
2022-03-04,22.894319534301800,23.636966955127200,22.441144110309100,23.341505344158700,431415000
2022-03-07,21.31319808959960,22.99114500980660,21.291238708054600,22.775536020572500,450821000
2022-03-08,21.474903106689500,22.332341322019500,20.61247291155510,21.270275724010500,557467000
2022-03-09,22.972179412841800,23.177804449774200,22.20657299008880,22.34631797597660,492742000
2022-03-10,22.616825103759800,22.74658802016600,21.842234335180800,22.490055090571000,428066000
2022-03-11,22.059837341308600,23.10293830541670,22.005934624302800,22.980160740629000,367209000
2022-03-14,21.291236877441400,22.221542360192000,21.1205481082041,21.829256910095500,385354000
2022-03-15,22.93124771118160,22.996130111197100,21.28324922029350,21.47889215070770,491996000
2022-03-16,24.451480865478500,24.552297138914400,23.12988771835890,23.457290722488500,671422000
2022-03-17,24.720989227294900,24.796849408752700,23.86255164423220,24.076163405788200,471941000
2022-03-18,26.404926300048800,26.52071662131350,24.579251558233100,24.753932770637800,730719000
2022-03-21,26.685413360595700,27.10265486766900,25.919807094663300,26.45882662219230,591727000
2022-03-22,26.475797653198200,27.188500789536500,26.02461941553550,26.678427854459300,547007000
2022-03-23,25.587413787841800,26.563635115722000,25.52852099865220,26.078518306597200,502120000
2022-03-24,28.098840713501000,28.268531837117300,25.859917039185800,26.11844711768970,877379000
2022-03-25,27.641672134399400,28.306462114881700,27.22143772985280,27.835319803468400,579016000
2022-03-28,28.167713165283200,28.19865696132910,27.15655375747080,27.705555300817000,425494000
2022-03-29,28.603927612304700,28.893399646009000,27.929155418165800,28.64285630138050,488984000
2022-03-30,27.639677047729500,28.44421198896580,27.45301662520500,28.252561491091700,463487000
2022-03-31,27.23641014099120,28.196661710311600,27.2204403767065,27.73150900758,523440000
2022-04-01,26.6634578704834,27.44603355303060,26.219266845372300,27.325253149263800,517235000
2022-04-04,27.310274124145500,27.507914215731200,26.564632046975800,26.67942280733350,397120000
2022-04-05,25.883872985839800,27.269350934287900,25.773074655335600,27.20446853162700,436615000
2022-04-06,24.36264419555660,25.254020976142000,23.959379064062000,24.88868689300520,703833000
2022-04-07,24.16400718688970,24.67707303806540,23.435334266714500,24.396583559935100,557992000
2022-04-08,23.07698631286620,23.8795260910143,23.020090688541900,23.873536476701500,524781000
2022-04-11,21.87717056274410,22.27943807836630,21.62063763333050,22.17363171495150,575207000
2022-04-12,21.46491813659670,22.683699749756600,21.243321479658500,22.496041696902700,662258000
2022-04-13,22.162647247314500,22.45910836108210,21.41600747437880,21.68851203835290,516943000
2022-04-14,21.219364166259800,22.73560447190070,21.124537508973200,22.46409755288010,569097000
2022-04-18,21.743412017822300,22.047856104528100,21.040691011493300,21.161471392693200,525701000
2022-04-19,22.15765953063970,22.332340741600300,21.27526524698660,21.680527560297800,512781000
2022-04-20,21.442960739135700,22.628801491972300,21.161473633865300,22.476079663374400,468974000
2022-04-21,20.146320343017600,22.351305380675200,19.963652360371000,21.66954608901940,656209000
2022-04-22,19.47953224182130,20.448768187334100,19.464560112515500,20.26610021349830,624713000
2022-04-25,19.865833282470700,19.908754409123200,19.061298239164500,19.167104604165600,641566000
2022-04-26,18.753856658935500,19.75203935812220,18.636071069969400,19.682166873800300,653143000
2022-04-27,18.38153839111330,19.132170809703100,18.256765532864200,18.56420451525650,499460000
2022-04-28,19.74604606628420,20.00058367334220,18.456394441911,18.932526784881500,570327000
2022-04-29,18.513294219970700,20.091420341877600,18.48334805551460,19.36673991620480,500435000
2022-05-02,19.49750328063970,19.538427232283200,18.35757845927690,18.507305480868100,572049000
2022-05-03,19.566375732421900,19.788971942411200,19.098228203230400,19.364743170731700,475751000
2022-05-04,20.297046661377000,20.36292670436250,18.716923264105500,19.886794272202100,648855000
2022-05-05,18.80975341796880,19.888788220846600,18.466378728953100,19.830894968407900,626331000
2022-05-06,18.64105796813970,19.476536638322900,17.957303468839000,18.701947924887700,633297000
2022-05-09,16.919198989868200,18.22182592676910,16.796421410513100,18.001228764705800,644455000
2022-05-10,17.563024520874000,18.164929349233400,16.994060667065300,17.656853560798700,761474000
2022-05-11,16.599773406982400,17.720733401801700,16.537887724428100,17.315471187551700,670167000
2022-05-12,16.145601272583000,16.75748801691550,15.538707458895300,16.189521927319200,708728000
2022-05-13,17.673824310302700,17.895421017236500,16.562847872141300,16.757493216581500,670437000
2022-05-16,17.23262596130370,17.75567386028930,17.074914055272400,17.477181558942800,521446000
2022-05-17,18.143966674804700,18.337614359006000,17.601954209019900,18.04115321875000,585830000
2022-05-18,16.907217025756800,18.08507282771540,16.8333521055283,17.672823297029900,545161000
2022-05-19,17.09288215637210,17.65485877694170,16.70358958474400,16.906221705811100,621310000
2022-05-20,16.66366195678710,17.378360361940000,15.726368287812400,17.30050299605300,739105000
2022-05-23,16.867294311523400,16.88426361777240,16.1496009881176,16.244427672325000,639889000
2022-05-24,16.1246395111084,16.566835152715100,15.751319657965500,16.479993381421700,588550000
2022-05-25,16.94415855407720,17.07991113623180,15.970929647882700,15.990893766874500,781132000
2022-05-26,17.81855583190920,18.059117040216800,15.992879547579300,16.006854041805600,996575000
2022-05-27,18.776813507080100,18.846685983699800,18.06710524448990,18.15294938885790,738379000
2022-05-31,18.6380672454834,19.165107560609000,18.316651930916000,18.945506160051800,664100000
2022-06-01,18.28670883178710,19.018376635802300,18.089068680482000,18.68997592200460,544514000
2022-06-02,19.556396484375,19.58334784646,18.16493055901780,18.258759605191500,648656000
2022-06-03,18.685977935791000,19.296867114895200,18.48833782299090,19.047321460231900,598779000
2022-06-06,18.75185775756840,19.301856968127400,18.53026109692930,19.104216857601900,422406000
2022-06-07,18.891603469848600,18.965468384281500,18.154943882331000,18.438428121556200,388914000
2022-06-08,18.618043899536100,19.14918886431720,18.505224558437900,18.768800398425900,363252000
2022-06-09,18.01900863647460,18.90258723082810,18.012019911507100,18.451313643542300,395574000
2022-06-10,16.946735382080100,17.66857359163240,16.841902597628900,17.571729282064000,465248000
2022-06-13,15.621865272522000,16.285796991229600,15.580930768510500,15.974297907810300,604153000
2022-06-14,15.810563087463400,16.040193181616100,15.387243419467000,15.705731253766600,469680000
2022-06-15,16.50045394897460,16.840905821966900,15.90041852007140,16.069146736449700,563936000
2022-06-16,15.575939178466800,15.916391969438800,15.376260638736400,15.834522958828400,545749000
2022-06-17,15.854491233825700,15.969306274754200,15.303377894797800,15.622863557257200,630334000
2022-06-21,16.53938865661620,16.98067807199890,16.380643675300800,16.448535233491100,483089000
2022-06-22,16.333723068237300,16.63523803952560,16.15401188075240,16.199937522982900,437135000
2022-06-23,16.19894027709960,16.558360761085400,15.827537079076800,16.492466783521400,463680000
2022-06-24,17.098485946655300,17.112463394239200,16.283796893806400,16.473492185505800,472153000
2022-06-27,16.84190559387210,17.302165607517400,16.599295854163100,17.284194868332500,427968000
2022-06-28,15.956326484680200,17.17436596206080,15.919385267288100,16.87285105635570,461149000
2022-06-29,15.517034530639600,15.794587854289800,15.145632337338000,15.788597926333100,482352000
2022-06-30,15.134651184082000,15.541995824627700,14.838128310223600,15.336326385518300,686070000
2022-07-01,14.49967098236080,15.038803524181900,14.368881846227100,14.875067404671000,577610000
2022-07-05,14.939962387085000,14.946951112194400,14.032423111650400,14.152230235873300,651397000
2022-07-06,15.105698585510300,15.294395146665000,14.765245737410300,14.985891441568400,529066000
2022-07-07,15.832528114318800,15.919388265162500,15.364281576027000,15.431174346701200,492903000
2022-07-08,15.812560081481900,16.01124079035870,15.364280941862400,15.405215450126900,467972000
2022-07-11,15.127662658691400,15.502060318211600,15.013845450277400,15.501061520744400,437321000
2022-07-12,15.057775497436500,15.406214920659800,14.85310483880760,15.243476620007900,458483000
2022-07-13,15.139642715454100,15.350304243121300,14.4417660630257,14.56656528451450,521918000
2022-07-14,15.347306251525900,15.44814383814880,14.704340715980600,15.083730400494800,456235000
2022-07-15,15.736680030822800,15.756647407739000,15.420188870669300,15.63384580216970,385935000
2022-07-18,16.075136184692400,16.8698570674019,15.976296187145700,16.275813524039400,670517000
2022-07-19,16.964704513549800,17.082514988009000,16.146022071860000,16.45951683745520,702366000
2022-07-20,17.778396606445300,17.90419557403470,16.774013886344800,16.919779281556800,760538000
2022-07-21,18.021005630493200,18.11485450174300,17.516817646879100,17.856271659241300,557049000
2022-07-22,17.29118537902830,17.938143482148700,17.109476564713000,17.86426292263890,536671000
2022-07-25,16.99665069580080,17.09649042421540,16.622253142459400,16.991657662023600,480748000
2022-07-26,16.50644302368160,16.891822649479700,16.451531068699500,16.861870154684500,397865000
2022-07-27,17.76142120361330,17.907186562588500,16.88582930041580,17.004637608445800,569776000
2022-07-28,17.95511245727540,18.11086201941650,17.41198753684130,17.946128040860200,474646000
2022-07-29,18.133825302124000,18.214694569102200,17.663581188162500,17.784387118127700,435460000
2022-08-01,18.411376953125,18.815727059641700,17.96110121179730,18.15279222547970,476469000
2022-08-02,18.49624252319340,18.90758142194780,18.062939600781200,18.09289210018400,489527000
2022-08-03,18.86264991760250,18.93753019924970,18.107863838709700,18.154789221456000,418146000
2022-08-04,19.184139251709000,19.243044507997800,18.729870096019300,18.818727855336100,409652000
2022-08-05,18.958498001098600,19.198112256942900,18.636016886602400,18.779784678395000,386068000
2022-08-08,17.764415740966800,18.20970031636090,17.214302203916900,17.473884755972600,981859000
2022-08-09,17.058557510376000,17.418977745827800,16.69713942952310,17.224291252645400,668263000
2022-08-10,18.067934036254900,18.088900216176000,17.289186130000700,17.669574713467600,597422000
2022-08-11,17.91318130493160,18.67695387002050,17.84728732822930,18.101878818020600,509327000
2022-08-12,18.678945541381800,18.68793186075140,17.92415946001400,18.130827666952800,478094000
2022-08-15,19.001428604126000,19.13321654286930,18.583102920928500,18.67096091199570,457666000
2022-08-16,18.848676681518600,19.111254744277200,18.471283557711000,18.88961119385510,451240000
2022-08-17,18.30554962158200,18.657983276915700,18.115856168463800,18.49324928823040,446799000
2022-08-18,18.742847442627000,18.83469872730570,18.153794950823000,18.271605449183800,415447000
2022-08-19,17.820331573486300,18.490253330046300,17.74145799231610,18.376436118791400,441588000
2022-08-22,17.00663948059080,17.529797971537500,16.93874791361990,17.461906404566500,409593000
2022-08-23,17.153398513793900,17.436942664447800,16.94273704308190,16.961707525081700,369986000
2022-08-24,17.194339752197300,17.378044243797800,16.86786528424410,16.98467604437700,522661000
2022-08-25,17.88422393798830,17.918169715102500,16.805958969898200,16.816940979132900,770691000
2022-08-26,16.23387908935550,17.895205487932900,16.210915322065300,17.828313684831400,769127000
2022-08-29,15.775619506835900,16.311756661031300,15.741674674911400,15.994268556184200,496132000
2022-08-30,15.443154335022000,16.013236290955300,15.157613482274300,15.934363667656100,530181000
2022-08-31,15.069754600524900,15.515038296538900,14.934971220455100,15.359288739855000,573710000
2022-09-01,13.914613723754900,14.356901987282400,13.248685287003800,14.186176179149000,1178865000
2022-09-02,13.625078201293900,14.14823567963120,13.569167449536400,14.077350584914700,743157000
2022-09-06,13.443371772766100,13.756867534549600,13.329554567237000,13.708944300191500,535751000
2022-09-07,13.696039199829100,13.819877351748100,13.328521120783100,13.545236934215900,512657000
2022-09-08,13.971678733825700,13.989655763301300,13.35149264648820,13.441373984164700,624873000
2022-09-09,14.368159294128400,14.455045254829900,14.107501412023900,14.138460000064600,486612000
2022-09-12,14.486003875732400,14.527948688246300,14.179405773307700,14.350182305946900,484159000
2022-09-13,13.113802909851100,13.903767364016500,13.081845229225600,13.783924633033100,714956000
2022-09-14,13.110806465148900,13.27259399594670,12.896087899117600,13.236640893849900,588507000
2022-09-15,12.912069320678700,13.215671132338700,12.773251402722800,12.997957145239800,523625000
2022-09-16,13.180716514587400,13.19469811993350,12.600477035450100,12.72531334171150,670751000
2022-09-19,13.364474296569800,13.445368542937600,12.99296174366860,12.994958979609400,569685000
2022-09-20,13.158745765686000,13.465343911425600,13.039902113440300,13.197695205969700,524818000
2022-09-21,13.243633270263700,14.012625346801600,13.092830994775000,13.195696747526300,807679000
2022-09-22,12.544550895690900,13.1317811906846,12.411725641921500,13.052884170953100,759162000
2022-09-23,12.499608993530300,12.594484849369600,12.240948352013500,12.403734995875800,663309000
2022-09-26,12.211987495422400,12.642423822702900,12.198005888949600,12.474643592604300,547343000
2022-09-27,12.396743774414100,12.719320720938100,12.241947032432900,12.490620532839400,553854000
2022-09-28,12.71932315826420,12.806209131167400,12.337823391068100,12.393749819157400,542414000
2022-09-29,12.203994750976600,12.483627745803500,11.930353463161700,12.431695808664500,532763000
2022-09-30,12.123102188110400,12.616455658995800,12.05918587570380,12.07117024380660,565638000
2022-10-03,12.495614051818800,12.661397019747200,12.089146528346200,12.330830178093500,547478000
2022-10-04,13.149755477905300,13.20268651528480,12.862132554320000,12.862132554320000,584182000
2022-10-05,13.19170093536380,13.303554723315100,12.6044716440018,12.894091817678400,507131000
2022-10-06,13.112804412841800,13.638115559922200,13.085839346699000,13.202686696750800,644157000
2022-10-07,12.060186386108400,12.653408390945100,12.006257199525600,12.48862450071270,672478000
2022-10-10,11.654716491699200,12.108121431783000,11.3930595354897,12.02123547777350,698699000
2022-10-11,11.57082748413090,11.830486265809200,11.268223841612800,11.545859652529300,667482000
2022-10-12,11.484939575195300,11.719631475815300,11.330142830208700,11.563836589027900,492590000
2022-10-13,11.944337844848600,12.062183348670500,10.798839583929300,10.956632667736900,850103000
2022-10-14,11.212298393249500,12.095140613196100,11.189328748128100,12.041211425664200,713432000
2022-10-17,11.872429847717300,11.932351684916100,11.501916408490700,11.502914550196000,580774000
2022-10-18,11.951327323913600,12.475639372211800,11.602784417601000,12.327833437876700,659362000
2022-10-19,12.03521728515630,12.333826444729300,11.818501467347700,11.863442610170800,523131000
2022-10-20,12.178030014038100,12.752276757936700,12.089145874513700,12.097135770429700,652398000
2022-10-21,12.449673652648900,12.481632285200700,11.871432413251400,12.0821555690685,609494000
2022-10-24,12.582496643066400,12.693351305967600,12.048197587876900,12.491616239481700,517457000
2022-10-25,13.243633270263700,13.282582706939800,12.647414970734900,12.677376368924300,505482000
2022-10-26,12.879112243652300,13.370467582837400,12.691358709095700,12.852148126630100,532953000
2022-10-27,13.158745765686000,13.819879536767900,13.104816577345700,13.61215172839000,583113000
2022-10-28,13.81588363647460,13.831863430742700,13.043896137118400,13.08684004841620,521040000
2022-10-31,13.479323387146000,13.819877352516700,13.27958550774580,13.759955512484000,486341000
2022-11-01,13.525263786315900,13.90676347391890,13.50129505001380,13.792912452696700,432817000
2022-11-02,13.201687812805200,14.191390140892400,13.1936988689507,13.83186195195650,672628000
2022-11-03,13.403423309326200,13.762952460821800,12.93903307601990,13.025919033651300,500065000
2022-11-04,14.137460708618200,14.210365058332500,13.67906125202420,13.967683273201900,612576000
2022-11-07,14.282272338867200,14.393127044208500,13.935727569364600,14.209367978816200,410061000
2022-11-08,14.582877159118700,14.871498236897600,14.197382040182700,14.781615950345600,595292000
2022-11-09,13.75795841217040,14.192389137520300,13.740980477958300,14.143452570834000,454414000
2022-11-10,15.729373931884800,15.75234357507590,14.527949302036700,14.78061823441490,700819000
2022-11-11,16.30561637878420,16.367535452388700,15.461723751407200,15.786297912123400,655487000
2022-11-14,16.27366065979000,16.51834065367650,15.901148984019100,16.1967618318074,527852000
2022-11-15,16.644174575805700,16.975738615290800,16.36054610593410,16.70010099439710,545876000
2022-11-16,15.88916301727300,16.34057071172930,15.852211772174600,16.140833788396300,649547000
2022-11-17,15.65647029876710,16.24469967737210,15.514656056143000,15.694420642704500,710894000
2022-11-18,15.388821601867700,15.981045452536400,15.100199550162200,15.945091392326700,492072000
2022-11-21,15.296939849853500,15.456730146887800,15.060249781863100,15.127162421148200,404739000
2022-11-22,16.016996383667000,16.03697064838450,15.10219563199430,15.307926177427600,472866000
2022-11-23,16.49736785888670,16.50535870885120,16.02698585665370,16.076919620889100,427241000
2022-11-25,16.248695373535200,16.465410273649300,16.150824128322300,16.296632854209100,167934000
2022-11-28,15.806273460388200,16.335580086090900,15.704407750431800,16.005012266171600,303741000
2022-11-29,15.618518829345700,15.9111353323506,15.499675191959900,15.806272346937800,298384000
2022-11-30,16.90515899658200,16.912151586236600,15.580556739527200,15.680450741354000,565298000
2022-12-01,17.116939544677700,17.246801683340000,16.617466556173600,16.98108321190140,470977000
2022-12-02,16.85820770263670,16.915148722341900,16.42766233403230,16.64143742283550,371389000
2022-12-05,16.592491149902300,16.977085530136800,16.454636135071000,16.66141865731800,352255000
2022-12-06,15.970148086547900,16.55552985566230,15.802324959390100,16.512575914907600,352694000
2022-12-07,16.103010177612300,16.16894059762960,15.650486623430000,15.7553764476407,372388000
2022-12-08,17.150901794433600,17.16089148149890,15.942176334261000,16.255846411030700,515456000
2022-12-09,16.983078002929700,17.564465224613600,16.957106340396300,17.141910790847300,465338000
2022-12-12,17.516515731811500,17.5195128285567,16.779294713991600,17.01904149488720,457328000
2022-12-13,18.05295181274410,18.770195420423200,17.692332261799100,18.51146764054300,656589000
2022-12-14,17.65536880493160,18.232760529632600,17.401636847702700,17.9680385827717,496888000
2022-12-15,16.934127807617200,17.30173986952120,16.68239457922900,17.127923524585200,478542000
2022-12-16,16.55353546142580,17.0230413617946,16.392705835711000,16.846227851112200,478232000
2022-12-19,16.23686408996580,16.59148937740910,16.127979749041500,16.55452963419860,354039000
2022-12-20,16.068042755127000,16.292805947862600,15.83528952764600,16.047064984160800,403260000
2022-12-21,16.483606338501000,16.60947488301720,16.085026742432400,16.097015130166400,325025000
2022-12-22,15.322831153869600,16.120989680017000,14.866313091281300,16.077035434762500,565045000
2022-12-23,15.189970970153800,15.322830189395100,14.867311505326400,15.17998128298210,349326000
2022-12-27,14.106115341186500,15.08408346858160,14.041183324202600,15.058110852321800,464902000
2022-12-28,14.021203994751000,14.24696558584250,13.869363801000800,13.912318692934700,351066000
2022-12-29,14.587606430053700,14.667522024551800,14.212003326446300,14.386819046661800,354923000
2022-12-30,14.598594665527300,14.613578243254600,14.217995786415300,14.318889147477500,310490000
2023-01-03,14.299910545349100,14.980193431350500,14.081141524221900,14.835345814456600,401277000
2023-01-04,14.733451843261700,14.837342302451900,14.225987933937800,14.5516444923479,431324000
2023-01-05,14.249961853027300,14.54864642697690,14.133084617886100,14.475723430978000,389168000
2023-01-06,14.843337059021000,14.994177909991900,14.019206897315300,14.458742666002000,405044000
2023-01-09,15.611526489257800,16.03907482336760,15.125039380250200,15.267889243337100,504231000
2023-01-10,15.892229080200200,15.945172704430000,15.455689492558600,15.490652443025200,384101000
2023-01-11,15.984129905700700,16.011101866917300,15.546591955018100,15.823300346058500,353285000
2023-01-12,16.493593215942400,16.619459833672300,15.475667427433100,16.083027207439700,551409000
2023-01-13,16.881181716918900,16.904158181928300,16.147956399715800,16.260836215041600,447287000
2023-01-17,17.683338165283200,17.709311731541300,16.881185193204800,16.881185193204800,511102000
2023-01-18,17.358684539794900,17.85416011409160,17.263783455353800,17.64837787383120,439624000
2023-01-19,16.747325897216800,17.178871599912800,16.71336324869980,17.01804012030740,452932000
2023-01-20,17.8201961517334,17.837178429750600,16.80726509622480,16.993067946601400,564967000
2023-01-23,19.17276954650880,19.2247147792948,17.799218927189400,18.044958004082800,655163000
2023-01-24,19.244691848754900,19.474450850170100,18.800161235155000,18.80715382585870,496204000
2023-01-25,19.30263328552250,19.349584631047900,18.56041638575590,18.893065582760700,449537000
2023-01-26,19.781124114990200,20.14474069411190,19.257676365647300,19.680230760238200,489535000
2023-01-27,20.343530654907200,20.606253883767400,19.384543617188200,19.441482734234400,542142000
2023-01-30,19.141799926757800,20.11876764644550,19.129811540746900,19.928969317759100,488611000
2023-01-31,19.516408920288100,19.66625044123850,18.93002771708950,19.149795154127600,498017000
2023-02-01,20.920923233032200,21.169659387182800,19.590326660737400,19.670242250628700,660477000
2023-02-02,21.686113357543900,21.925860113730400,20.6781782034606,20.977861172359200,564276000
2023-02-03,21.0777587890625,21.72207934933690,20.767085792265100,20.977863818383500,429366000
2023-02-06,21.066770553588900,21.54726252016350,20.764088546903100,20.78406792196350,452197000
2023-02-07,22.149627685546900,22.235537474634300,21.12770531761480,21.3594611160502,664150000
2023-02-08,22.181589126586900,22.853879916035100,21.984796321260600,22.363396450827900,559651000
2023-02-09,22.313451766967800,22.99573229825380,22.09668147789320,22.58216918763520,523876000
2023-02-10,21.242586135864300,22.054728961620200,20.7890660834922,21.6671393301779,550737000
2023-02-13,21.765029907226600,22.024756028474800,20.939900511928800,21.515293472026800,474919000
2023-02-14,22.946786880493200,23.02470377641570,21.343477267064600,21.555253690620300,675474000
2023-02-15,22.739999771118200,22.83090343317730,22.082694463199200,22.52522629397230,420575000
2023-02-16,21.978805541992200,22.526226251527600,21.903883847439100,22.109666050196300,412026000
2023-02-17,21.365455627441400,21.717083871627400,20.952890859592000,21.608199514245400,465888000
2023-02-21,20.63322639465330,21.47134072519900,20.596264744241400,20.977862013234800,410015000
2023-02-22,20.732118606567400,21.081749979909300,20.399469508148200,20.6851691802944,513184000
2023-02-23,23.639053344726600,23.86281813728650,23.00072702935600,23.415290457504500,1117995000
2023-02-24,23.261451721191400,23.44925516678760,22.922810291543000,23.200517108251900,589716000
2023-02-27,23.47622299194340,23.854823133033600,23.429273564014500,23.64504544483230,452994000
2023-02-28,23.191524505615200,23.799883635514500,23.181534819315400,23.347360182285300,455963000
2023-03-01,22.674074172973600,23.231486553591100,22.48427391696800,23.167552933250100,460026000
2023-03-02,23.289426803588900,23.35535722599570,22.408356440030100,22.4642990788848,389415000
2023-03-03,23.86481285095220,23.874802536880500,23.10561386843540,23.29541409039910,412393000
2023-03-06,23.529170989990200,24.222437736222600,23.462240277861400,23.865815628810800,437429000
2023-03-07,23.26740074157720,24.103660267777400,23.220441431129100,23.5791250368648,515154000
2023-03-08,24.159610748291000,24.17859494826270,23.403280373872500,23.466224373577800,513573000
2023-03-09,23.41526985168460,24.4323690005714,23.362315331755300,24.15361456298330,501257000
2023-03-10,22.944690704345700,23.60610591009380,22.70590174749070,23.388298290096700,474866000
2023-03-13,22.945690155029300,23.27739729031590,22.277283050243000,22.731880605336300,421890000
2023-03-14,24.04171371459960,24.197575854977500,23.439246485120000,23.475215844075700,474910000
2023-03-15,24.206571578979500,24.264518937841300,23.33933927282560,23.739983668370700,524486000
2023-03-16,25.518407821655300,25.565365225905700,23.872863426440100,24.005747106314700,583253000
2023-03-17,25.70224380493160,26.375647364778100,25.645293114759800,25.959016429831400,848547000
2023-03-20,25.877092361450200,26.000983238469200,25.107772930663300,25.59234458217970,432747000
2023-03-21,26.17582893371580,26.36865903671040,25.358553488198900,26.156846636843400,547408000
2023-03-22,26.444589614868200,27.564598386349700,26.21379303359340,26.401626474238200,797295000
2023-03-23,27.166950225830100,27.474678371615000,26.66639389662090,27.091017232493700,564889000
2023-03-24,26.755311965942400,27.142969248408900,26.3316872285577,27.007089867354000,454920000
2023-03-27,26.507535934448200,26.97612101034620,26.341682380127200,26.81326506197410,361026000
2023-03-28,26.386640548706100,26.489550086858400,25.827136394951300,26.42360847823860,356104000
2023-03-29,26.960132598877000,27.054049321086500,26.57347575940690,26.801274739572300,393694000
2023-03-30,27.358779907226600,27.474678436555600,27.078028306822100,27.204916786801200,364516000
2023-03-31,27.75243377685550,27.809382571922800,27.081027225666900,27.115996118368200,433933000
2023-04-03,27.940269470214800,27.975238365719000,27.31182601230270,27.484673356173100,398716000
2023-04-04,27.4287166595459,27.97523371673920,27.282845889494700,27.941263393705500,368592000
2023-04-05,26.857229232788100,26.974124441531300,26.37165894915070,26.805275171459400,515015000
2023-04-06,27.013084411621100,27.05604564313860,26.40362339232600,26.560484102488200,397654000
2023-04-10,27.55460548400880,27.59656814998940,26.645410576438600,26.79927368503430,395279000
2023-04-11,27.144968032836900,27.76541901115850,27.1020048950003,27.699477407319000,314378000
2023-04-12,26.4715633392334,27.44370219574790,26.424604031246000,27.345789313498300,446259000
2023-04-13,26.439592361450200,26.863217112653800,26.305712014928600,26.71035256577280,353615000
2023-04-14,26.734333038330100,26.859222480822300,26.196808771126600,26.48055798084650,395660000
2023-04-17,26.97811508178710,26.98211125376260,26.40961817014210,26.541501373639400,321471000
2023-04-18,27.64253044128420,28.08513943393580,27.332805146499500,27.508650082334100,604812000
2023-04-19,27.906295776367200,27.975234992237000,27.20791461166310,27.33680022607390,358660000
2023-04-20,27.08002471923830,28.005206202430400,26.97611662299650,27.646522604245400,427713000
2023-04-21,27.095014572143600,27.158959050915900,26.6983663319222,26.928162455219400,345103000
2023-04-24,27.018083572387700,27.341796428628400,26.64741139924110,26.989109891102200,339282000
2023-04-25,26.217788696289100,27.22289939376250,26.20180400715180,27.05404825153500,378527000
2023-04-26,26.932153701782200,27.305823404724500,26.68137628889600,26.978114442564600,406337000
2023-04-27,27.201921463012700,27.470684568616700,26.601453148375800,27.338801338428000,377161000
2023-04-28,27.724456787109400,27.733447698531900,27.047055069952600,27.200920093091000,292216000
2023-05-01,28.884428024292000,29.032297830068700,27.755428384065600,27.81537477855390,570329000
2023-05-02,28.185049057006800,28.810496754933300,28.058162478439400,28.654634590232300,402730000
2023-05-03,27.777408599853500,28.341909379215200,27.44770056792740,27.815375094782100,383387000
2023-05-04,27.537620544433600,27.834356814204100,27.21590486366880,27.626540615871200,321850000
2023-05-05,28.654634475708000,28.72956699907560,27.70647440681240,27.801389698676100,361494000
2023-05-08,29.125215530395500,29.194154745050700,28.32492531170620,28.49677215933890,344979000
2023-05-09,28.545730590820300,28.947375483780400,28.424839220759000,28.87344152488720,314869000
2023-05-10,28.859451293945300,29.087250267046000,28.435826537614000,28.97934408614240,369350000
2023-05-11,28.55272102355960,28.92439362497090,28.221015861335900,28.87044053584290,322149000
2023-05-12,28.31493377685550,28.75454513594310,28.02119319112190,28.503765785473200,274222000
2023-05-15,28.927391052246100,28.943377647743500,28.127100823911400,28.482784946357500,293926000
2023-05-16,29.187158584594700,29.8435789202714,28.806496990692400,28.81548790146730,449405000
2023-05-17,30.151308059692400,30.17228939441910,29.403970448812800,29.557833570142300,432535000
2023-05-18,31.649980545043900,31.799847490044000,30.293181883981200,30.383102432113500,748725000
2023-05-19,31.236347198486300,31.552067683944500,30.888655428377300,31.508105976511000,473908000
2023-05-22,31.148427963256800,31.492123586083500,30.652866345174700,30.8736696538163,372000000
2023-05-23,30.66085433959960,31.260323984561700,30.60390555229100,30.972578631206400,356253000
2023-05-24,30.5109920501709,30.57993126993220,29.779639086306000,30.183281114614400,721419000
2023-05-25,37.9463996887207,39.44507268027200,36.60258835333980,38.488918579888400,1543911000
2023-05-26,38.911556243896500,39.13535716800430,37.516790924073200,37.8564903887327,714397000
2023-05-30,40.07552719116210,41.90091111611420,39.91367170883160,40.55910031587390,923401000
2023-05-31,37.800533294677700,40.25935493570890,37.78854287268500,39.453069566174200,1002580000
2023-06-01,39.73482894897460,40.01458010495210,38.30609329724920,38.45495978773050,635873000
2023-06-02,39.29220962524410,40.46417228382390,39.023446585861200,40.061528913678000,482731000
2023-06-05,39.13636016845700,39.53000892549240,38.672769810202100,38.87459083409060,396094000
2023-06-06,38.61981201171880,39.125365001144500,38.11425902229300,38.79565884971590,388729000
2023-06-07,37.44572448730470,39.46814549212030,37.32681796379230,38.88460205575030,511998000
2023-06-08,38.47991943359380,38.833643027365400,37.47570715034150,37.694534053593000,417772000
2023-06-09,38.73971176147460,39.67997469301630,38.536871237623600,39.006501462599800,427717000
2023-06-12,39.4511604309082,39.499123275212600,38.58783685686490,39.16938300880250,388701000
2023-06-13,40.98996353149410,41.06890421553940,39.708967017457000,40.154617863223800,613208000
2023-06-14,42.963417053222700,42.966413063286000,40.52032331528580,40.79211402973290,740465000
2023-06-15,42.619686126709000,43.2551909701653,42.11408081517460,42.56872727104230,568622000
2023-06-16,42.658653259277300,43.6868488037051,42.62767543128520,43.416060581927200,655709000
2023-06-20,43.773780822753900,43.95564168389910,42.64066770306490,42.96441594228360,451153000
2023-06-21,43.01137161254880,43.580929837926400,42.04712912539950,43.46701666816400,551603000
2023-06-22,42.991390228271500,43.39207412960290,42.20100779460610,42.21999014630880,417737000
2023-06-23,42.176025390625,42.77555513779790,41.982176702107100,42.43082724844620,358140000
2023-06-26,40.60026168823240,42.73059631968800,40.06867574743640,42.42783159494470,594322000
2023-06-27,41.843284606933600,41.90723378479610,40.41640261431230,40.76712632853290,462175000
2023-06-28,41.08488464355470,41.812316652912200,40.486353490200000,40.628240868259900,582639000
2023-06-29,40.79011154174810,41.56750370507980,40.56828482936420,41.52553669526220,380514000
2023-06-30,42.268959045410200,42.516766447959400,41.46858596097830,41.64744701058790,501148000
2023-07-03,42.37986373901370,42.864485450578900,42.169030043008500,42.48378258219760,198209000
2023-07-05,42.28395080566410,43.143275924330200,42.05212974638510,42.102089932908300,323618000
2023-07-06,42.07011413574220,42.14605498586680,41.31370545626280,41.81131756799600,303582000
2023-07-07,42.46979904174810,43.18024602401450,42.14705329030630,42.288940665727600,355881000
2023-07-10,42.147056579589800,42.77756426984940,41.616469261927700,42.623685218893500,353908000
2023-07-11,42.371883392334000,42.72460836398590,42.034149908557300,42.447824255018300,298244000
2023-07-12,43.86771011352540,43.90068528368810,42.743588811592900,42.999389377359600,481277000
2023-07-13,45.94109344482420,46.11895201895110,44.45725261049980,44.48323328046500,478204000
2023-07-14,45.43349075317380,48.050444811535800,45.02480978329470,46.546619140200800,772075000
2023-07-17,46.42470932006840,46.459681830207700,45.2266483214971,46.25284659122240,510488000
2023-07-18,47.45690155029300,47.85858797189120,45.69827797708260,46.66452170058570,569164000
2023-07-19,47.04023361206060,47.78065603639920,46.70549615415560,47.42693241076300,427502000
2023-07-20,45.484439849853500,47.05021703797440,45.02679746035020,46.47066830923720,537865000
2023-07-21,44.274391174316400,45.83017811976030,44.06555477681700,45.75223611318820,963769000
2023-07-24,44.577152252197300,45.07376568294940,44.005600454709000,44.6960587806985,382516000
2023-07-25,45.6433219909668,46.14692613209550,44.88791196755600,44.90589946333250,348081000
2023-07-26,45.416500091552700,46.01703242805520,44.5951435044959,45.98505592696080,364237000
2023-07-27,45.8641471862793,47.35797831429430,45.71426283263290,46.48266314205840,455976000
2023-07-28,46.71348571777340,46.99026979268210,46.344774445154000,46.63154903236520,331194000
2023-07-31,46.69249725341800,47.093184983951000,46.4696718790696,46.71747924909830,251055000
2023-08-01,46.47067642211910,46.86337103094520,45.9910517758365,46.42371224639770,237858000
2023-08-02,44.23442459106450,45.80419670368740,43.353113509905200,45.79520486142880,530142000
2023-08-03,44.48023223876950,45.08276192345430,43.76579051634060,43.76579051634060,324176000
2023-08-04,44.64509963989260,45.60634618505480,44.35832507301120,44.94986170170470,362666000
2023-08-07,45.381526947021500,45.504431975857,44.528193870776700,45.07576619174700,322154000
2023-08-08,44.629119873046900,45.20666758358330,44.02159299987500,44.817971444919200,353843000
2023-08-09,42.52075958251950,44.277385732589200,42.101085685540600,44.23941340389370,586449000
2023-08-10,42.35490036010740,43.53997505454450,41.80233078646620,42.127077761381100,492705000
2023-08-11,40.82309341430660,41.98518717020070,40.60726249812490,41.7183935825012,533085000
2023-08-14,43.71882247924810,43.765786651430600,40.27951352736410,40.45437607089750,690286000
2023-08-15,43.90568542480470,45.232651303193100,43.67586549160290,44.52520400479390,676512000
2023-08-16,43.45203399658200,44.640104468597100,43.37209465339350,44.4852267558164,527451000
2023-08-17,43.310150146484400,44.02758789498410,42.96741571162870,43.93566069220140,452395000
2023-08-18,43.265174865722700,43.543956241722700,41.627455303744800,42.60169211486710,583768000
2023-08-21,46.93031311035160,47.028236135596100,44.187458298338900,44.45924519865090,692573000
2023-08-22,45.63232421875,48.14935742594030,45.29758682975090,48.097396095839000,755293000
2023-08-23,47.07920837402340,47.163142412730500,45.172697380646600,45.83018449557040,779046000
2023-08-24,47.126163482666000,50.22674065271710,47.122168802250800,50.176780465500900,1156044000
2023-08-25,45.9820556640625,47.767658540303800,44.98882881073540,46.975278705672100,925341000
2023-08-28,46.79841995239260,46.943307161709600,44.85294200358460,46.445695012544500,685192000
2023-08-29,48.74589157104490,49.04266044648470,46.35475936686290,46.62954606851410,701397000
2023-08-30,49.225521087646500,49.88800143615990,48.387175707748200,49.005691704274300,735206000
2023-08-31,49.31645202636720,49.70514814643910,48.9197627338808,49.34143402541550,528570000
2023-09-01,48.471107482910200,49.76109942188400,48.10439357486220,49.72313090360500,463830000
2023-09-05,48.51008605957030,48.81285082996850,47.82262363775040,48.185339110764900,382653000
2023-09-06,47.028114318847700,48.515073458793,46.547451450862800,48.40715103407180,468670000
2023-09-07,46.20868682861330,46.31161549020900,45.120447146044800,45.49318758272590,433330000
2023-09-08,45.54015350341800,46.57343135473320,45.239365149462800,45.909897697113300,473069000
2023-09-11,45.146427154541000,46.130735550235400,44.28103126100680,46.115746643442700,473966000
2023-09-12,44.83864212036130,45.64108235714800,44.49987832466090,44.706734397330000,349256000
2023-09-13,45.453216552734400,45.89790529019350,44.47190049902720,44.56883283924790,398355000
2023-09-14,45.54915237426760,45.95486692026360,45.099466041293600,45.917894023696700,370097000
2023-09-15,43.869327545166000,45.56713791255010,43.777388961117800,45.30931876274770,506831000
2023-09-18,43.935272216796900,44.211080299105800,41.97064663049680,42.7181249588287,500271000
2023-09-19,43.489585876464800,43.93527332902400,42.97194633294250,43.802366857424900,373064000
2023-09-20,42.20948791503910,43.872326816521400,42.193500252380800,43.56953710623470,367108000
2023-09-21,40.988338470459000,42.07058192849430,40.95136557382750,41.55394487986270,450736000
2023-09-22,41.5809211730957,42.08556931771520,41.20218442357060,41.54294571690650,479236000
2023-09-25,42.1924934387207,42.506273177622500,41.14822175071880,41.56193389222180,419091000
2023-09-26,41.881717681884800,42.79008299471650,41.62589602088140,41.97165495479980,402282000
2023-09-27,42.438323974609400,42.84204482057060,41.59991333679480,42.30042372625330,444935000
2023-09-28,43.05888366699220,43.41563258671690,42.085565419671900,42.430321689918000,424663000
2023-09-29,43.468605041503900,44.113154796580000,43.276737862234000,43.79637496273020,397830000
2023-10-02,44.75070571899410,45.14342881532190,43.83034792394180,43.9992285379224,433298000
2023-10-03,43.4865837097168,45.09845913874490,43.215773206538100,44.776681779419800,470850000
2023-10-04,44.010223388671900,44.112153297816700,43.26174626009730,43.71143255099350,361821000
2023-10-05,44.65677261352540,44.868626271295500,43.85733240049330,44.01921794767320,393483000
2023-10-06,45.73002624511720,45.757007806644200,43.99523916079720,44.16212229169970,434436000
2023-10-09,45.241363525390600,45.573132266606400,44.33699712951300,44.810664938003,409675000
2023-10-10,45.765995025634800,46.22667139823050,45.05649211437220,45.27833709467450,368582000
2023-10-11,46.773292541503900,46.8262569088581,46.017820302651000,46.16371818891470,378137000
2023-10-12,46.91219711303710,47.57573461020600,46.297628975923400,46.744315234100000,481325000
2023-10-13,45.429229736328100,47.08307579073530,45.24835646569820,46.92718276252740,474115000
2023-10-16,46.06279373168950,46.19270015345540,44.88061784699000,45.03151331618370,375099000
2023-10-17,43.90730285644530,44.722734656513300,42.450321291409700,43.96925981519670,812333000
2023-10-18,42.1665153503418,43.18880316775220,41.79577619709710,42.561239807706800,627294000
2023-10-19,42.07158279418950,43.26674621056970,41.85273405618410,42.78108575212410,501233000
2023-10-20,41.35808181762700,42.4403252529677,41.049295810508600,41.860728698935200,477266000
2023-10-23,42.944969177246100,43.217781037891600,40.91638888400310,41.20019083203980,478530000
2023-10-24,43.63248825073240,43.66646488934990,42.66117113532340,43.04689918780670,401463000
2023-10-25,41.74980926513670,43.61950423451800,41.52596674486630,43.36767758718180,398379000
2023-10-26,40.297821044921900,42.22647269652660,39.852133556535900,41.8237544285133,541001000
2023-10-27,40.471702575683600,41.177210573030800,39.987040836148400,41.1012634608965,416784000
2023-10-30,41.132240295410200,41.73681712722260,40.45271510334960,41.05829449956600,388028000
2023-10-31,40.75151062011720,40.8504442966851,39.202594184094300,40.421743134321300,517969000
2023-11-01,42.295433044433600,42.35139367956080,40.84044890706070,40.855437818322300,437593000
2023-11-02,43.47560119628910,43.85333542629520,42.864029312261000,43.297724168934700,409172000
2023-11-03,44.97355270385740,45.27733731815710,43.69244703893820,43.989240387190000,424610000
2023-11-06,45.71902847290040,45.90290181424290,44.867622664486800,45.25335451197860,400733000
2023-11-07,45.922889709472700,46.18570260804150,45.12644574728520,45.687054558944500,343165000
2023-11-08,46.54145431518560,46.834248828050000,45.93587499644730,46.06778272127610,346719000
2023-11-09,46.91718673706060,48.19629090693490,46.7173257575099,47.43382369058900,540496000
2023-11-10,48.30122375488280,48.43812905946530,47.24996072733800,47.466808147596900,421245000
2023-11-13,48.58602523803710,49.08168084897680,48.065389383307900,48.28623562834100,384136000
2023-11-14,49.62130355834960,49.79918059248540,49.005736641538500,49.64528886328260,416954000
2023-11-15,48.853843688964800,49.925093307072600,48.16632465148740,49.900113061154400,475497000
2023-11-16,49.44542694091800,49.490397480832700,48.296232754650500,48.64498792594150,339756000
2023-11-17,49.26355743408200,49.68226341163360,48.9727603803161,49.489397461523000,325205000
2023-11-20,50.373779296875,50.512682115669000,49.14663666812380,49.27754565599920,414120000
2023-11-21,49.909095764160200,50.481693358553200,49.18760022799970,50.09096777649300,565747000
2023-11-22,48.68196105957030,50.29982932340880,47.65667696410160,49.817168906440500,899420000
2023-11-24,47.742618560791000,48.8868189750065,47.711638178101000,48.43613388773010,294645000
2023-11-27,48.208290100097700,48.49608705256930,47.6187022270162,47.766597618423100,395662000
2023-11-28,47.7875862121582,48.28923817471280,47.439829789625700,48.20229716306380,401491000
2023-11-29,48.106361389160200,48.727928411184900,47.826558260033500,48.345196613263300,382005000
2023-11-30,46.73731994628910,48.07638377452520,46.3895635380406,47.990441518765100,526247000
2023-12-01,46.73232650756840,47.16702396235710,46.1547312180282,46.49249632095060,369317000
2023-12-04,45.47819900512700,46.044804165615900,44.97854837139350,46.044804165615900,437543000
2023-12-05,46.53755569458010,46.571531508809800,45.243344800588900,45.43822537417420,371718000
2023-12-06,45.475196838378900,47.35804843216660,45.38425283422850,47.18615263660440,380590000
2023-12-07,46.567535400390600,46.60051618631750,45.57614082890340,45.67208285394520,350823000
2023-12-08,47.47697830200200,47.71183534651790,46.52156105756750,46.566535548739400,359224000
2023-12-11,46.59851837158200,47.50196552269280,45.80200812005120,47.46199285274280,509728000
2023-12-12,47.627891540527300,47.6368849146668,46.017875514105,46.017875514105,372387000
2023-12-13,48.058624267578100,48.56431567041090,47.5789179572985,47.59990503689140,447792000
2023-12-14,48.320457458496100,48.64026163902280,47.393026859915200,48.360433934153600,391232000
2023-12-15,48.860137939453100,49.37382393315780,48.0906077891267,48.16456390223080,479948000
2023-12-18,50.04640579223630,50.4021872923408,49.1199739909024,49.369821256751600,412587000
2023-12-19,49.573692321777300,49.66963433728470,48.86512588284420,49.39380199579270,464444000
2023-12-20,48.08160400390630,49.96845091462430,48.068611458987100,49.62465933137440,397894000
2023-12-21,48.96007537841800,49.065010780060300,48.38942122420050,48.781183869365600,300425000
2023-12-22,48.800174713134800,49.35283451146830,48.43739367116180,49.16494962310720,252507000
2023-12-26,49.2488899230957,49.569692938536500,48.93008458769600,48.93807912022650,244200000
2023-12-27,49.386810302734400,49.64965012045700,49.05501239405430,49.48075464580010,233648000
2023-12-28,49.49174880981450,49.85352719386830,49.38181539341570,49.6126770927999,246587000
2023-12-29,49.49174880981450,49.96646094313930,48.72121986722190,49.7825714182401,389293000
2024-01-02,48.138572692871100,49.26488309320300,47.565924699352900,49.21391556134480,411254000
2024-01-03,47.539939880371100,48.15456203597890,47.2910914479061,47.45599156277330,320896000
2024-01-04,47.96868133544920,48.47037358886090,47.4789789763883,47.737819636783600,306535000
2024-01-05,49.06700897216800,49.51673484987400,48.27649179251620,48.43239854255900,415039000
2024-01-08,52.22107696533200,52.24306669740860,49.44877334196530,49.48175412771330,642510000
2024-01-09,53.107540130615200,54.29181767502080,51.65842506490770,52.36899311649790,773100000
2024-01-10,54.31679916381840,54.56664645309510,53.45632503855140,53.58325017590930,533796000
2024-01-11,54.78850555419920,55.312187494704800,53.527279337957900,54.965399369459800,596759000
2024-01-12,54.67657470703130,54.93641799826660,54.29680960809760,54.58662953889080,352994000
2024-01-16,56.34755325317380,56.80027560728270,54.86646024002660,54.98438817814630,449580000
2024-01-17,56.01875686645510,56.43650076516490,54.70655929384400,56.3125759716749,474394000
2024-01-18,57.072113037109400,57.5648119047759,56.07272391506560,57.225019450786300,491650000
2024-01-19,59.454654693603500,59.463648066531200,57.19003646845250,57.953569636409700,543501000
2024-01-22,59.61756134033200,60.29414976562130,59.03391842649560,60.01232052303930,452955000
2024-01-23,59.836429595947300,59.873405745227400,58.54921431651320,59.5336132708294,294654000
2024-01-24,61.32451248168950,62.810603561548200,59.901382639629500,60.26716017281770,560271000
2024-01-25,61.57936477661130,62.68069286197910,60.81283115751820,62.311914954127900,482777000
2024-01-26,60.993717193603500,61.74526054571480,60.53600059416140,60.92276141821590,390309000
2024-01-29,62.426841735839800,62.450825336358300,60.869794823781100,61.1945932389414,348733000
2024-01-30,62.73565673828130,63.45421935159410,62.22197074363450,62.86158304254550,410735000
2024-01-31,61.48941421508790,62.230961514394300,60.66291975637590,61.40246556305650,453795000
2024-02-01,62.98849868774410,63.1523999678792,61.61234096321600,62.06206301871130,369146000
2024-02-02,66.11957550048830,66.55930144641190,63.651079802410300,63.93490665601150,476578000
2024-02-05,69.28964233398440,69.45454244217240,67.16394292298220,68.18331639891430,680078000
2024-02-06,68.18132019042970,69.71138308978900,66.25949848302590,69.58745829595590,683111000
2024-02-07,70.0561752319336,70.17710350841660,67.5587013332111,68.2772638618389,495575000
2024-02-08,69.59845733642580,70.7507528828607,69.41257394689300,70.03119148834120,414422000
2024-02-09,72.08893585205080,72.14089841148940,70.16910418058400,70.48990722179020,436637000
2024-02-12,72.20386505126950,74.56542046599530,71.2064736279646,72.55564739281090,613710000
2024-02-13,72.08393859863280,73.40512964528040,69.57747501499300,70.3569973280816,602580000
2024-02-14,73.85486602783200,74.19065934700840,71.89406636072600,73.15729429339050,504917000
2024-02-15,72.61360931396480,73.92980608164120,72.35577132172900,73.82387565740020,420122000
2024-02-16,72.56864166259770,74.35655027525980,72.45671056832470,74.0547328068878,495327000
2024-02-20,69.40956115722660,71.91202875960460,67.69260871411590,71.90303157562510,704833000
2024-02-21,67.43079376220700,68.8459293516135,66.20754225691250,67.96446422295410,673755000
2024-02-22,78.49002838134770,78.52700071768930,74.17466516688730,74.97917375101000,865100000
2024-02-23,78.76885986328130,82.34367088132630,77.52261988480990,80.74065432651750,829388000
2024-02-26,79.04369354248050,80.59674521461000,78.45704646976240,79.6513162598183,503973000
2024-02-27,78.65292358398440,79.43145470230730,77.11486980989690,79.33250852556470,391705000
2024-02-28,77.61555480957030,78.88477556464640,77.07788148076840,77.57258181183750,393110000
2024-02-29,79.06367492675780,79.9411369643908,78.30213934805530,79.04568817875620,507289000
2024-03-01,82.2287368774414,82.24972776986830,79.38647244624790,79.95112973995110,479135000
2024-03-04,85.18494415283200,87.64144320283320,83.66787347235840,84.07861795539890,615616000
2024-03-05,85.91551208496090,86.04844030428550,83.36995155382470,85.22190326590310,520639000
2024-03-06,88.64997100830080,89.67339555623480,86.98091470216240,87.97235961581460,582520000
2024-03-07,92.61672973632810,92.71467403344540,89.55145830366480,90.10714445366250,608119000
2024-03-08,87.4786376953125,97.34507194141520,86.45721088913100,95.08434657912660,1142269000
2024-03-11,85.72562408447270,88.74691405918400,84.11852931570180,86.3802534333582,678364000
2024-03-12,91.86116790771480,91.90813847414770,86.10141744907260,87.99934858682110,668075000
2024-03-13,90.83673858642580,91.45238847114440,88.38511917925780,91.0036442134583,635713000
2024-03-14,87.8943862915039,90.59486542464840,86.55114274535380,89.52646826118790,602318000
2024-03-15,87.7874526977539,89.49548835416290,86.20834970674180,86.88096661769570,642086000
2024-03-18,88.40511322021480,92.3528823706334,87.03588315502400,90.33702166642150,668976000
2024-03-19,89.34758758544920,90.49293740706630,84.96206166270110,86.65110342037200,672171000
2024-03-20,90.32102966308590,90.35901024319510,88.17323967680370,89.74634940187570,479063000
2024-03-21,91.38343048095700,92.59575144201280,90.35401259550210,92.24794813241260,480372000
2024-03-22,94.23580932617190,94.72453187599700,90.78275659770240,91.0895826139038,586719000
2024-03-25,94.94841003417970,96.71141493346600,93.45725487677140,93.88801151365490,552136000
2024-03-26,92.5087890625,96.3206408094852,92.44982423178190,95.79693429152610,513648000
2024-03-27,90.1990966796875,93.18740810778950,89.07273343467560,93.0594819501001,586067000
2024-03-28,90.3050308227539,91.24849853375160,89.14268488587940,89.9492288448454,435212000
2024-04-01,90.31202697753910,92.17297617207030,89.15368416261290,90.24806771473160,452441000
2024-04-02,89.40154266357420,90.04317879660560,87.57057538202240,88.39810360146310,433064000
2024-04-03,88.91382598876950,90.32303448482290,88.35014869042180,88.43410095294550,370067000
2024-04-04,85.8565444946289,90.58288102989090,85.83155707073560,90.35500517909670,434965000
2024-04-05,87.95836639404300,88.4310991932804,85.87753991776990,86.81700456921510,399678000
2024-04-08,87.08384704589840,88.77988827828310,86.68307229452100,88.64995673788220,283220000
2024-04-09,85.30584716796880,87.58556628736340,82.97516956737530,87.39267436773330,501700000
2024-04-10,86.98990631103520,87.35070274664700,83.66178279831280,83.87866326449000,431929000
2024-04-11,90.56489562988280,90.68782736368460,86.87698174129010,87.37069882551850,431637000
2024-04-12,88.13626098632810,90.1241452492344,87.48063273280800,89.64840815742120,426805000
2024-04-15,85.95249938964840,90.56189797510770,85.88054139689570,89.04775296579600,443077000
2024-04-16,87.36569213867190,88.06829089560240,86.01545628049770,86.38424380509480,370453000
2024-04-17,83.98760223388670,88.72492641813320,83.90264346955810,88.29016660250520,495400000
2024-04-18,84.62324523925780,86.14139337931330,82.35552770602680,84.9220802095837,447260000
2024-04-19,76.15702056884770,84.27643922651330,75.56336143765270,83.10310538210790,875198000
2024-04-22,79.47315216064450,80.02783946358340,76.35691439393000,78.05994814693270,596341000
2024-04-23,82.37650299072270,82.72230848851260,80.21872426508080,80.7234366574032,438559000
2024-04-24,79.63206481933590,84.03457921776210,79.13834013698540,83.90264988256480,512208000
2024-04-25,82.58540344238280,83.27600801866920,78.17888569012330,78.82351858715130,424641000
2024-04-26,87.68551635742190,88.28118087279600,83.33996914129990,83.77072580488380,551011000
2024-04-29,87.70751190185550,87.94237235498610,85.21791179771560,87.54560070216140,388971000
2024-04-30,86.35326385498050,88.76890032049820,86.25132401291080,87.19078860426960,363709000
2024-05-01,82.9941635131836,85.95149420957610,81.20916774332880,85.02901827783360,559863000
2024-05-02,85.76859283447270,86.18835408667040,83.15306466582870,84.4013606664833,377898000
2024-05-03,88.7389144897461,89.23063371341580,86.9909005732954,87.73947860212800,398341000
2024-05-06,92.08802795410160,92.16798466023730,89.00476895897280,89.3395790876885,376203000
2024-05-07,90.50292205810550,91.72922732116890,88.96079315014340,91.04661392300340,437342000
2024-05-08,90.36100769042970,91.14256430274750,89.36956281384660,89.43253081814440,325721000
2024-05-09,88.69695281982420,91.02063858717590,88.18124497678550,90.47794554376880,378013000
2024-05-10,89.82730865478520,91.34945233112950,89.17667483195360,90.25406978590550,335325000
2024-05-13,90.3480224609375,90.94668368485890,88.47907428372560,90.4269726636133,289680000
2024-05-14,91.30448150634770,91.5993133075769,88.88384272491610,89.5484686052902,296507000
2024-05-15,94.57662200927730,94.80849340867990,91.54733338803840,92.41984207783550,417735000
2024-05-16,94.3057861328125,95.7649618311796,94.04992617640090,94.85647788998740,323952000
2024-05-17,92.42683410644530,94.68656039026550,91.75421718471640,94.31577507944350,359691000
2024-05-20,94.72654724121090,95.14630855060350,93.38730659931330,93.69712933361370,318764000
2024-05-21,95.33219909667970,95.3461911389766,93.12744211033530,93.54620449229950,328946000
2024-05-22,94.89644622802730,95.96584245517250,93.19640917175740,95.4051618418388,548648000
2024-05-23,103.74046325683600,106.26003756449900,101.46274160839000,101.9704583406550,835065000
2024-05-24,106.40894317627000,106.41493649766200,102.94189825157200,104.39007837740100,429494000
2024-05-28,113.83676147460900,114.87417806167200,109.82102986026300,110.18182631936300,652728000
2024-05-29,114.7602310180660,115.42685462015800,110.83844833840400,112.98623828974100,557442000
2024-05-30,110.43767547607400,115.75367568258600,109.60114957621600,114.58533630630300,484553000
2024-05-31,109.57115936279300,112.65341931534400,106.879677688503,112.45652422078100,613263000
2024-06-03,114.93513488769500,114.93513488769500,111.93982368190700,113.55691490102500,438392000
2024-06-04,116.37133026123000,116.53424034822800,113.98068096958700,115.65074383289000,403324000
2024-06-05,122.37094116210900,122.37993114467400,117.40174545593500,118.30423600418800,528402000
2024-06-06,120.92975616455100,125.51616477933000,118.25326519915900,123.97803133753300,664696000
2024-06-07,120.81982421875,121.62337164710600,117.95544321860900,119.70245088550600,412386000
2024-06-10,121.7213134765630,123.03057221935300,116.94401053331100,120.30211616184800,313434100
2024-06-11,120.85173034668000,122.81078479761100,118.68277039590000,121.71130884876200,222551200
2024-06-12,125.1396713256840,126.81886214949500,122.51094129451400,123.00070306062500,299595000
2024-06-13,129.5475311279300,129.7374419918800,127.09871503024400,129.32763594350700,260704500
2024-06-14,131.8164520263670,132.7759808624210,128.2581700274140,129.89737910282300,309320400
2024-06-17,130.91688537597700,133.66556033801300,129.5175660413330,132.92592665460300,288504400
2024-06-18,135.5146484375,136.26428691629800,130.62700616579100,131.07678620278400,294335100
2024-06-20,130.71697998046900,140.69216665961400,129.45759262565200,139.73263779445000,517768400
2024-06-21,126.50899505615200,130.56704338904000,124.24009251378400,127.05873301557000,649445800
2024-06-24,118.05307006835900,124.40000776140400,117.98310411429000,123.18059459700800,476060900
2024-06-25,126.02923583984400,126.43904192857400,119.2625015362160,121.14159285282000,414192600
2024-06-26,126.3390884399410,128.0582531537490,122.54091663746900,126.06921428451600,362975900
2024-06-27,123.93024444580100,126.34908399185900,122.8607604065950,124.04019204451800,252571700
2024-06-28,123.48046875,127.648457456266,122.69084852465300,124.5199685039100,315516700
2024-07-01,124.24010467529300,124.7798377464590,118.77273936918600,123.41050281013500,284885500
2024-07-02,122.61088562011700,123.35053451744300,120.97167651778800,121.07162680437500,218374000
2024-07-03,128.21817016601600,128.21817016601600,121.30150730962700,121.60136576540100,215749000
2024-07-05,125.76935577392600,128.78790450042000,125.61942654400900,127.3186041478140,214176700
2024-07-08,128.13818359375,130.70695175433700,126.97874686873900,127.42852684489500,237677300
2024-07-09,131.3166961669920,133.7555228326680,128.58800070420900,130.28719371816900,285366600
2024-07-10,134.84500122070300,135.03491211498700,132.35619546389500,133.965420342518,248978600
2024-07-11,127.33860778808600,136.0843835595480,126.98877797734200,135.6845824191090,374782700
2024-07-12,129.17774963378900,131.856451337425,127.15871841221500,128.19821072594700,252680500
2024-07-15,128.3781280517580,131.32670387529500,127.11873290604200,130.49710188740200,208326200
2024-07-16,126.29910278320300,128.97780386568000,124.51996185494700,128.3781021800120,214769500
2024-07-17,117.93313598632800,121.7912763806820,116.66375138152600,121.29151734126500,390086200
2024-07-18,121.0316390991210,122.34101295266500,116.50382347473700,121.79127496540800,320979500
2024-07-19,117.8731689453130,121.54139851435900,117.31344125378100,120.29200089882100,217223800
2024-07-22,123.48046875,124.01021213044000,119.8022417845170,120.29200352530100,258068900
2024-07-23,122.53092193603500,124.62991607602900,122.04116019537200,122.72083281792700,173911000
2024-07-24,114.19495391845700,119.89220458664000,113.38534661974700,119.11258161370100,327776900
2024-07-25,112.22587585449200,116.57377747572000,106.24876269608900,112.985511642852,460067000
2024-07-26,113.00550842285200,116.14399449340700,111.52622597755100,116.13400480341200,293399100
2024-07-29,111.5362319946290,116.22397478096400,111.24637842799700,113.63522630987800,248152100
2024-07-30,103.68001556396500,111.93602955521300,102.49058658822700,111.46625482947700,486833300
2024-07-31,116.96359252929700,118.28295597890600,110.82655264429800,112.84558326649300,473174200
2024-08-01,109.15736389160200,120.10209097077000,106.75851907796800,117.47335365334000,523462300
2024-08-02,107.21829986572300,108.66760564065500,101.32114936142900,103.70999693537800,482027500
2024-08-05,100.4015884399410,103.36016867781100,90.6462974352404,92.0156323292122,552842400
2024-08-06,104.19976043701200,107.65809209854000,100.50154657011000,103.78995436151900,409012100
2024-08-07,98.8623275756836,108.74755983917500,98.64243239882660,107.75803154331900,411440400
2024-08-08,104.9194107055660,105.44915405082500,97.47299667346620,101.95084088326200,391910000
2024-08-09,104.69951629638700,106.54862317361400,103.38015276837300,105.58908675557800,290844200
2024-08-12,108.96746826171900,111.01648357411300,106.20880358471600,106.26877223508500,325559900
2024-08-13,116.08402252197300,116.1739831093700,111.52622277964600,112.38580888904500,312646700
2024-08-14,118.02310943603500,118.54285553833300,114.01503936808100,118.47288957022100,339246400
2024-08-15,122.80079650878900,123.180610648127,117.41339446628100,118.70277375276100,318086700
2024-08-16,124.51995849609400,124.93975424016900,121.12159565561800,121.88123149659900,302589900
2024-08-19,129.93734741210900,129.93734741210900,123.36051676677000,124.22010290586200,318333600
2024-08-20,127.18867492675800,129.81741234204900,125.82932973595100,128.3381146113760,300087400
2024-08-21,128.43804931640600,129.2876456264650,126.59894005268600,127.2586178970320,257883600
2024-08-22,123.68035888671900,130.68698241163700,123.04066795762900,129.9573385202000,376189100
2024-08-23,129.30764770507800,129.53754784198000,125.15965381933400,125.79934477343200,323230300
2024-08-26,126.3990478515630,131.196729770517,124.31005885081000,129.50755712849100,331964700
2024-08-27,128.23817443847700,129.1377346219970,123.82029866993200,124.98974063480100,303134600
2024-08-28,125.54946899414100,128.26815944285800,122.580899020736,128.05825393148800,448101100
2024-08-29,117.53331756591800,124.37002462838800,116.65374447412300,121.30150468369600,453023300
2024-08-30,119.31246948242200,121.69131963851600,117.16350420185500,119.47238840117300,333751600
2024-09-03,107.94794464111300,116.15398655476400,107.23828777198500,115.95408600386300,477155100
2024-09-04,106.1588134765630,113.21540862229500,104.06982436712500,105.3592035946600,372470300
2024-09-05,107.15834045410200,109.59716719188600,104.70952402528700,104.93940893047400,306850700
2024-09-06,102.78044128418000,108.09787692095100,100.90134249947500,107.98792932713500,413638100
2024-09-09,106.41868591308600,106.49864918568700,103.64002700878600,104.8294482794320,273912000
2024-09-10,108.04789733886700,109.34727382600200,104.89941402443900,107.75803619556100,268283700
2024-09-11,116.8536605834960,117.13352442144700,107.36822866067500,109.33728046789600,441422400
2024-09-12,119.0927734375,120.7421209186120,115.33426173002500,116.79368208487400,366052700
2024-09-13,119.05278015136700,119.91243980632900,117.55337484057800,119.03279143615900,238358300
2024-09-16,116.73370361328100,118.13315013570300,114.31466480568300,116.74370178435900,248772300
2024-09-17,115.54417419433600,118.75290839853000,114.78448096424100,118.12315326202000,231925900
2024-09-18,113.3250503540040,117.65332766764700,113.17510830530000,115.84404779202800,310318900
2024-09-19,117.82328033447300,119.61257171272600,117.20352335036800,117.30348218616000,293506400
2024-09-20,115.95402526855500,118.57298961925200,115.344266422119,117.01360271419100,382462400
2024-09-23,116.21391296386700,116.94361929782000,114.81446644323900,116.50379891378400,206228500
2024-09-24,120.82209014892600,121.75172180406900,115.33426088161100,116.47380837806100,354966800
2024-09-25,123.4610366821290,124.89047006468200,121.5617884105280,121.97162190060200,284692900
2024-09-26,123.9908218383790,127.61937987933600,121.75171208350100,126.7497296956910,302582900
2024-09-27,121.35187530517600,123.98082995705600,119.21272426875300,123.92085618310600,271009200
2024-09-30,121.3918685913090,121.451842369324,118.10317169758400,118.26310431441500,226553700
2024-10-01,116.95361328125,122.39145893750000,115.74409392230900,121.72171877480600,302094500
2024-10-02,118.80288696289100,119.33267565347300,115.09435850244600,116.39384623986500,221845900
2024-10-03,122.80130004882800,124.31070361178100,120.29229289145800,120.87206480654900,277118000
2024-10-04,124.87047576904300,124.99043094258600,121.78170440743000,124.89047211115200,243678100
2024-10-07,127.66936492919900,130.58820542607200,124.90045886173700,124.94044391837000,346250200
2024-10-08,132.83731079101600,133.42707320550800,129.36868536610200,130.20834865989500,285722500
2024-10-09,132.597412109375,134.46668122269000,131.32792651292900,134.0568400839600,246191600
2024-10-10,134.7565460205080,134.94647312682800,130.94805910825600,131.85770195813800,242311300
2024-10-11,134.74656677246100,135.72617401836600,133.60701929174700,133.9568713960580,170209500
2024-10-14,138.01527404785200,139.54466630986300,136.24597143489600,136.4159022137040,232347700
2024-10-15,131.54783630371100,138.5150744275190,128.68896947491200,137.8153397242490,377831000
2024-10-16,135.6662139892580,136.56585120891100,131.52785532391900,133.92689807815500,264879700
2024-10-17,136.87570190429700,140.83413853249200,136.81572813387200,139.28475003463700,306435900
2024-10-18,137.94529724121100,138.8449343829920,137.22558142669000,138.61502982502400,176090200
2024-10-21,143.6530303955080,143.6530303955080,137.94528751258600,138.07524085271400,264554500
2024-10-22,143.5330810546880,144.3627538949320,141.72380093133500,142.85335791004800,226311600
2024-10-23,139.50466918945300,142.37352650102300,137.40551088321000,141.97369118156800,285930000
2024-10-24,140.35433959960900,141.293969386979,138.40511570705500,140.76418072009900,172354900
2024-10-25,141.48388671875,144.0728716327460,140.74418981710000,140.8741279131320,205122100
2024-10-28,140.4643096923830,143.08326638426800,139.99449475491200,142.9433224828560,173586700
2024-10-29,141.19400024414100,142.20359433012100,138.8449258203990,140.23437413304600,157593600
2024-10-30,139.28475952148400,140.27437255912200,136.75576367804000,139.48467718743100,179418100
2024-10-31,132.70738220214800,137.55546626582200,132.05764589589000,137.54547571977300,270039600
2024-11-01,135.34632873535200,137.25557537634600,134.5166711244240,134.64660922766100,207127800
2024-11-04,135.99606323242200,138.90491316378300,135.5162578090520,137.15560698724300,187528200
2024-11-05,139.85455322265600,140.31436236962400,137.27557392202500,137.3955214816270,160537400
2024-11-06,145.5522918701170,146.4319479858600,141.90374455387300,142.90334822985700,242043900
2024-11-07,148.8209991455080,148.8709671267730,146.1120664908760,146.33198051831100,207323300
2024-11-08,147.57147216796900,149.7106230852880,146.20200497714400,148.7110195677980,175665800
2024-11-11,145.202392578125,148.79098057849500,143.51307554919700,148.62103456850700,182325600
2024-11-12,148.231201171875,149.5906625866310,145.95210633724600,146.72180532829100,198634700
2024-11-13,146.21202087402300,149.27080540839800,145.84215717514000,149.01091396688400,191903300
2024-11-14,146.70181274414100,148.94093020600900,145.49230097997500,147.5814687564350,194463300
2024-11-15,141.92369079589800,145.18240774117900,140.0244503789860,144.81254410002100,250132900
2024-11-18,140.09442138671900,141.49387540802300,137.09561095173200,139.44468522690000,221205300
2024-11-19,146.95172119140600,147.07168399645100,140.9341184421500,141.26398946372600,227834900
2024-11-20,145.83216857910200,147.5015047606030,142.67341754276400,147.3515703217150,309871700
2024-11-21,146.6118621826170,152.8293979645090,140.64422730754500,149.290807835149,400946600
2024-11-22,141.8937225341800,147.1016638018940,141.04406865837000,145.87214043901800,236406200
2024-11-25,135.96607971191400,141.99368792347000,135.7661620516240,141.93371415065700,344941900
2024-11-26,136.86572265625,139.2447840977320,135.61621816013400,137.64541224160700,190287700
2024-11-27,135.2863311767580,137.1655905980090,131.74774157257600,134.95646019838500,226370900
2024-11-29,138.19520568847700,139.29477581313400,135.99608069190300,136.7257870913170,141863200
2024-12-02,138.5750274658200,140.39429776497200,137.7653511333100,138.7749450999510,171682800
2024-12-03,140.20440673828100,140.48429454860700,137.8953246767260,138.2051993772480,164414000
2024-12-04,145.0824737548830,145.73221002899100,140.23438993110300,141.94371889092600,231224300
2024-12-05,145.0124969482420,146.49200804389400,143.9028598130550,145.06248362625500,172621200
2024-12-06,142.39334106445300,145.6522676421260,141.2637063556290,144.55263713920400,188505600
2024-12-09,138.7645263671880,139.90415231737700,137.08508402113700,138.92447761551300,189308600
2024-12-10,135.0257568359380,141.77354545828400,133.74616214517600,138.96445323342700,210020900
2024-12-11,139.2643585205080,140.12407738797400,135.16571086465200,137.31500040642400,184905200
2024-12-12,137.29501342773400,138.39465924672200,135.75552453494300,137.03510407678800,159211400
2024-12-13,134.20602416992200,139.55427778956900,132.4965775973190,138.89449032268400,231514900
2024-12-16,131.9567413330080,134.3559487102740,130.3772572956880,134.13601958775000,237951100
2024-12-17,130.3472900390630,131.54689392732600,126.81844751374300,129.04771280436400,259410300
2024-12-18,128.8677978515630,136.65524065308200,128.23799923564900,133.81617414487100,277444500
2024-12-19,130.63717651367200,133.98608501684700,129.50755712091300,131.7168244915270,209719200
2024-12-20,134.65586853027300,135.2356803497190,128.1779956829600,129.76747112980000,306528600
2024-12-23,139.62425231933600,139.74420813475000,135.07573952144800,136.23536324975800,176053500
2024-12-24,140.174072265625,141.85351466107900,138.60457919611500,139.9541431061550,105157000
2024-12-26,139.88417053222700,140.8038826879710,137.68489400549000,139.65425012018700,116205600
2024-12-27,136.96511840820300,138.97446981750300,134.66588395063500,138.50462254046800,170582600
2024-12-30,137.4449462890630,140.22403398735400,133.97608228188000,134.78581438230400,167734700
2024-12-31,134.2460174560550,138.02479365615300,133.7861766339880,137.98479821279500,155659200
2025-01-02,138.26467895507800,138.83449951090400,134.58589206435900,135.9554382894450,198247200
2025-01-03,144.4226837158200,144.85253555834600,139.68423069189700,139.96413776465600,229322500
2025-01-06,149.38104248046900,152.11015917129000,147.77158452702800,148.5413213081190,265377400
2025-01-07,140.09408569335900,153.07983530547900,139.9641234037020,152.97986196669800,351782200
2025-01-08,140.06411743164100,143.90285624874400,137.51494945407600,142.53330977712500,227349900
2025-01-10,135.86549377441400,139.87417502688800,134.17604480086800,137.40498271998100,207602500
2025-01-13,133.1863555908200,133.4462801889750,129.4675728747110,129.94742663109300,204808900
2025-01-14,131.7168426513670,136.33533995791200,130.00741122442500,136.0054462036020,195590500
2025-01-15,136.1953887939450,136.4053114797540,131.24699764678500,133.60622538989400,185217300
2025-01-16,133.52626037597700,138.70455649670000,133.44628474718100,138.59459191383000,209235600
2025-01-17,137.66490173339800,138.45463626831500,135.41563868932800,136.6452315490250,201188800
2025-01-21,140.78387451171900,141.78354697270900,137.0450940162500,139.1144233323200,197749000
2025-01-22,147.0218505859380,147.7416007949870,143.62295473278500,144.61263605764100,237651400
2025-01-23,147.17178344726600,147.18177468068200,143.67292977389000,145.0024960002280,155915500
2025-01-24,142.57327270507800,148.92119854206600,141.83352489203200,148.32138900097800,234657600
2025-01-27,118.3812026977540,128.35792888769200,116.6617649651340,124.75911743279200,818830900
2025-01-28,128.94775390625,128.95774513931500,116.21192149182400,121.77009783396600,579666400
2025-01-29,123.65948486328100,126.84844257022400,120.0106863497110,126.458570906435,467120600
2025-01-30,124.60917663574200,124.9590604797060,118.06131881584700,123.05968123503600,392925500
2025-01-31,120.03067016601600,127.80812056780900,119.15096116009800,123.73945402173600,388161100
2025-02-03,116.62179565429700,118.53116613291400,112.9729895620070,114.71241754878400,371235700
2025-02-04,118.61112976074200,121.16028976109200,116.66176403788000,116.92168099297400,256550000
2025-02-05,124.78911590576200,124.95905839472400,120.72044926950500,121.72012173666300,262230800
2025-02-06,128.6378631591800,128.72784528628200,125.16900563533200,127.37828117148000,251483600
2025-02-07,129.79745483398400,130.32727996151200,124.95904429961300,129.17766285547100,228186300
2025-02-10,133.52626037597700,134.955784699492,129.91744211571300,130.04738916543800,216989100
2025-02-11,132.7565155029300,134.43595803743200,130.9770996135580,132.5365863252510,178902400
2025-02-12,131.0970458984380,132.19669170682800,129.03772306980700,129.97741762356100,160278600
2025-02-13,135.24566650390600,136.455276767875,131.12702127315100,131.51689288233600,197430000
2025-02-14,138.8045196533200,139.20438251414300,135.45561099221800,136.43528567888600,195479600
2025-02-18,139.35433959960900,143.3930250185800,137.8848198127300,141.22373753647100,219176600
2025-02-19,139.1844024658200,141.31370984182300,137.17506616632800,139.46430955469100,167536000
2025-02-20,140.06411743164100,140.6139403685730,136.74519734237100,139.9841417995600,143903600
2025-02-21,134.38595581054700,141.41366694156100,133.98609294492100,139.99411868487,228217600
2025-02-24,130.23733520507800,138.544611438826,130.03740375103900,136.51527743543000,251381100
2025-02-25,126.5885238647460,130.1573543264650,124.39924631174100,129.93742515974900,271428700
2025-02-26,131.23699951171900,133.68619399138000,128.44792005609300,129.9474287481870,322553800
2025-02-27,120.11064910888700,134.96577503505500,119.97069557287400,134.9557838016940,443175800
2025-02-28,124.87908172607400,125.04902421362000,116.36187573271200,117.98134023479700,389091100
2025-03-03,114.02263641357400,123.65947815441600,112.2432206852500,123.46954557652600,411381400
2025-03-04,115.95201110839800,119.27092350243300,110.07393955565600,110.61376362073900,398163300
2025-03-05,117.26158142089800,118.2412561507130,114.47249437052400,117.54148848656000,284337900
2025-03-06,110.53378295898400,115.31221606989400,110.18389912538300,113.49281250827400,321181900
2025-03-07,112.6530990600590,113.44284126847400,107.52477413573800,111.21356818629900,341755500
2025-03-10,106.94496154785200,111.81336147496800,105.42545516002200,109.86400325750400,366487400
2025-03-11,108.72438049316400,112.20323643435500,104.73568182740600,106.95495594173300,354865700
2025-03-12,115.71273803710900,116.7325020716220,112.85341103244600,114.09312447156300,323857500
2025-03-13,115.55277252197300,117.73225924433900,113.76319330991800,117.0024278677370,299033100
2025-03-14,121.6413345336910,121.85128414551500,118.12216714928700,118.5820578648420,277593500
2025-03-17,119.50183868408200,122.86104771124900,118.00219206936800,122.711081524258,255501500
2025-03-18,115.4028091430660,118.99195980676400,114.51301940530800,117.97220343827100,299686900
2025-03-19,117.49231719970700,120.42162740294400,115.6527542355050,117.24237608211900,273426200
2025-03-20,118.50206756591800,120.17167220516000,116.44255543913000,116.52253841801000,248829700
2025-03-21,117.6722640991210,117.9621966837070,115.39280254041700,116.91244866461800,266498500
2025-03-24,121.38140106201200,122.19120779583400,119.31188140429400,119.8517551027080,228452500
2025-03-25,120.66156768798800,121.26142480153000,118.89198043130300,120.5216012824150,167447200
2025-03-26,113.73320007324200,118.81199741904800,112.68344440410900,118.70203035263700,293463300
2025-03-27,111.40375518798800,114.42304053099600,110.6339399022950,111.32377219977100,236902100
2025-03-28,109.6441650390630,112.84341584506400,109.04430789656100,111.46373602695400,229872500
2025-03-31,108.35446166992200,110.9338556226430,103.6255803841980,105.10522740759000,299212700
2025-04-01,110.12405395507800,110.17403760023100,106.4449205320370,108.49443304563400,222614000
2025-04-02,110.39398193359400,111.95361956622300,106.76483994973200,107.26472214391900,220601200
2025-04-03,101.7760238647460,105.60511590388700,101.57606639857300,103.48562015563700,338769400
2025-04-04,94.28778076171880,100.10640942744300,92.08830207120740,98.88670323249270,532273800
2025-04-07,97.61698913574220,101.72602116602200,86.59958951154500,87.43938789235720,611041300
2025-04-08,96.27731323242190,105.82505852328000,94.43774279946980,103.78553826456200,476243400
2025-04-09,114.30307006835900,115.07288532975400,97.50702445286700,98.86670469924480,612918300
2025-04-10,107.5446548461910,110.83388059600900,99.12664053501020,109.34423379452800,437812400
2025-04-11,110.90386962890600,111.52372632761100,107.45468536211300,108.4744417347210,313417300
2025-04-14,110.68392181396500,114.26308039077900,109.04430871921400,114.08312248391200,264705000
2025-04-15,112.1735610961910,113.5932323217660,110.47396469045400,110.94385517244900,228966900
2025-04-16,104.46538543701200,106.76484672728200,100.4263361362670,104.52537649088800,397016900
2025-04-17,101.46607971191400,104.44538077133700,100.02642426353700,104.4253812132840,292517500
2025-04-21,96.88717651367190,99.41657935183270,95.01761424618040,98.74673137333840,288501100
2025-04-22,98.86669158935550,99.78647292005910,97.25707044682600,98.75671690551090,241004800
2025-04-23,102.68579864502000,104.77531016741200,101.99595878138000,104.4953697335840,247526000
2025-04-24,106.40492248535200,106.51489717655000,103.08570507328500,103.45562063709800,220815000
2025-04-25,110.98385620117200,111.8936379045770,105.70510100806100,106.82483233532900,251064700
2025-04-28,108.70439910888700,110.34401230383400,105.9950305600340,109.66417212830000,207708500
2025-04-29,108.99431610107400,110.17403844763400,107.41469407982800,107.64463563001300,170444300
2025-04-30,108.89433288574200,108.89433288574200,104.05547701680900,104.44538450923900,235044600
2025-05-01,111.58370208740200,114.91291927434700,111.27377757314000,113.05335693358100,236121500
2025-05-02,114.47303009033200,115.37281962529500,113.34329900218800,114.15310576985600,190194800
2025-05-05,113.7931900024410,114.64298826396600,112.63346720059000,112.88340831442700,133163200
2025-05-06,113.51325988769500,114.7129742117390,110.7938992837600,111.4537475013020,158525600
2025-05-07,117.03242492675800,117.65228163619800,112.25355204144100,113.02337494499000,206758800
2025-05-08,117.34235382080100,118.65204278244100,115.82270761670800,118.22214377270900,198428100
2025-05-09,116.62252044677700,118.20215005190200,115.18285724943900,117.32235248570700,132972200
2025-05-12,122.97102355957000,122.97102355957000,120.25166311897600,121.94126742822700,225023300
2025-05-13,129.89938354492200,131.18908818741500,124.44067836401000,124.95056035306100,330430100
2025-05-14,135.30810546875,135.40808800730600,131.6489642323910,133.16861033831800,281180800
2025-05-15,134.79824829101600,136.26790331471500,132.62876117393400,134.25836692241,226632600
2025-05-16,135.36810302734400,136.31789147723800,133.42857277146300,136.18791721458000,226542500
2025-05-19,135.53805541992200,135.83797251007500,132.35879696756500,132.35879696756500,193154600
2025-05-20,134.3483428955080,134.54829272140600,132.58874781514000,134.2583525069390,161514200
2025-05-21,131.76895141601600,137.36762292180600,130.55922977564500,133.02864907240000,270608700
2025-05-22,132.7987060546880,134.21836966107500,131.51900885300900,132.19884131725300,187344000
2025-05-23,131.25906372070300,132.64873565144900,129.12957588399600,129.96937433383000,198821300
2025-05-27,135.4680633544920,135.6280293045700,133.27857708527500,134.1183754403960,192953600
2025-05-28,134.7782440185550,137.2176717346690,134.75824445795800,135.9979578766120,304021100
2025-05-29,139.15721130371100,143.45620133736600,137.87751407348700,142.21648797143900,369241900
2025-05-30,135.09817504882800,139.58710766728800,132.88868890141000,138.6873257641090,333170900
2025-06-02,137.34764099121100,138.08745689917100,135.36809645457500,135.45808684638100,197663100
2025-06-03,141.1867218017580,141.9665367692300,137.91748812723800,138.74729436292000,225578800
2025-06-04,141.88656616210900,142.3564566649140,139.5071219355860,142.15650682983000,167120800
2025-06-05,139.95701599121100,143.96606551828800,138.79728569106700,142.13649493837000,231397900
2025-06-06,141.6865997314450,143.23623746842900,141.47664251332300,142.47640682683600,153986200
2025-06-09,142.59640502929700,144.96584183837200,141.9065651342000,143.15627066729000,185114500
2025-06-10,143.92608642578100,144.25599524562200,141.4966510569610,142.65638139553200,155881900
2025-06-11,142.80625915527300,144.96590375930000,141.84641202362200,144.5859620448180,167694000
2025-06-12,144.9759063720700,144.9759063720700,141.82643588786800,141.94641106631300,162365000
2025-06-13,141.94639587402300,143.556128789635,140.8265869783810,142.4563055840920,180820600
2025-06-16,144.66595458984400,146.1556971839990,143.1761967394350,143.32618096280000,183133700
2025-06-17,144.09603881835900,145.1958620737220,143.75609899624800,144.46598768948300,139108000
2025-06-18,145.455810546875,145.62578045464000,143.0962022725340,143.9860537050980,161494100
2025-06-20,143.8260955810550,146.17569581398800,142.6262828381710,145.42582047781200,242956200
2025-06-23,144.1460418701170,144.7559411184860,142.00639807778800,142.47632119978900,154308900
2025-06-24,147.8754119873050,147.9354148301800,145.4758169849000,145.53580457152200,187566100
2025-06-25,154.28436279296900,154.4243389252030,149.23519867353300,149.24520677628500,269146500
2025-06-26,154.99423217773400,156.69394650127500,153.97439748110900,155.95406403411500,198145700
2025-06-27,157.72377014160200,158.68361723049100,155.2341786737400,156.01404775885300,263234500
2025-06-30,157.96376037597700,158.6336472456000,155.93409881773200,158.37368067249700,194580300
2025-07-01,153.2745361328130,157.17388214393200,151.46483925954300,156.26402965591900,213143600
2025-07-02,157.22386169433600,157.57380961936800,152.94457434217000,152.9545671877060,171224100
2025-07-03,159.3135223388670,160.95324924613100,157.74379112425600,158.34368228178900,143716100
2025-07-07,158.21371459960900,159.28352889047800,157.31385497697000,158.17371270193400,140139000
2025-07-08,159.97340393066400,160.19336858156900,158.36367094336200,159.30351713245500,138133000
2025-07-09,162.85293579101600,164.39267314506100,161.13322041798900,161.1932080055650,183656400
2025-07-10,164.07273864746100,164.4726660794990,161.5831469026990,164.29270331195800,167704100
2025-07-11,164.89259338378900,167.862101078866,163.44283738179500,163.6927958392510,193633300
2025-07-14,164.04273986816400,165.4625020418880,161.99307751467900,165.3425116109200,136975800
2025-07-15,170.671630859375,172.37134531045600,169.17188012202300,171.1615549258280,230627400
2025-07-16,171.34152221679700,171.72146396229500,168.87193138356400,171.03157616389200,158831500
2025-07-17,172.97125244140600,174.13106334471100,170.80161486292100,171.99141956059900,160841100
2025-07-18,172.38134765625,174.22103817113300,171.23152964225800,173.61113894806000,146456400
2025-07-21,171.35153198242200,173.35119970444800,170.97159023323600,172.72129949000900,123126100
2025-07-22,167.00225830078100,171.36153479867300,164.55266825003200,171.31154005146300,193114300
2025-07-23,170.75161743164100,171.23153339032100,167.94208685699200,169.5018251648930,154082200
2025-07-24,173.7111358642580,173.80111724784400,171.27153886755500,172.41134882841200,128984600
2025-07-25,173.47117614746100,174.69097468726900,172.9312725713390,173.58115848322200,122316800
2025-07-28,176.7206268310550,176.97058528484700,173.94109004538600,173.99108478739500,140023500
2025-07-29,175.4808349609380,179.35020236643500,174.99092613442100,177.93044011853800,154077500
2025-07-30,179.24021911621100,179.86011122312900,176.01074478620900,176.48066791766400,174312200
2025-07-31,177.84043884277300,183.26954448460800,175.9007587673990,182.86960179799500,221685400
2025-08-01,173.69113159179700,176.51065501732400,170.86160006411600,174.06106522140900,204529000
2025-08-04,179.9700927734380,180.17005649193500,174.49100755408600,175.1309006070300,148174600
2025-08-05,178.23037719726600,180.23004490386900,175.87076869322400,179.59015184800600,156407600
2025-08-06,179.3901824951170,179.87009845788000,176.22071111043500,176.30069964693700,137192300
2025-08-07,180.73997497558600,183.84945895635600,178.7703010091290,181.53984513179400,151878400
2025-08-08,182.6696319580080,183.26953833968600,180.3700111699140,181.51982919208700,123396700
2025-08-11,182.0297393798830,183.80944232526800,180.2200426409660,182.01974653412300,138323200
2025-08-12,183.1295623779300,184.44933506001800,179.4301803710300,182.9295986692800,145485700
2025-08-13,181.55982971191400,183.93943921657500,179.3202115957670,182.58965738273300,179871700
2025-08-14,181.98974609375,182.98957985829200,179.43017409752200,179.72011917648800,129554000
2025-08-15,180.42001342773400,181.86976944489300,178.01041021115300,181.84978375259000,156602200
2025-08-18,181.979736328125,182.90958965389800,180.55997422620700,180.56998232776300,132008000
2025-08-19,175.61080932617200,182.46966985536900,175.46084035755900,182.39967416584800,185229200
2025-08-20,175.370849609375,175.9707560164780,168.77195541250900,175.1408920976950,215142700
2025-08-21,174.95091247558600,176.87059152353500,173.78110877087900,174.8209444570090,140040900
2025-08-22,177.96043395996100,178.56032512128600,171.17155351750000,172.58132291943200,172789400
2025-08-25,179.78012084960900,181.87977802218600,176.54066896263800,178.3203719824880,163012800
2025-08-26,181.7397918701170,182.35968393651800,178.7802771456410,180.03006938032200,168688200
2025-08-27,181.56982421875,182.45967569067800,179.07023971825100,181.94975068857400,235518900
2025-08-28,180.1400604248050,184.43934897141500,176.3806906932070,180.7899615720410,281787800
2025-08-29,174.1510467529300,178.12038822306500,173.12121914292000,178.08040158317500,243257900
2025-09-02,170.75161743164100,172.351357635579,167.19221149694400,169.9717482776900,231164900
2025-09-03,170.59165954589800,172.38137081666600,168.851958278929,171.03158891427200,164424900
2025-09-04,171.63148498535200,171.83144870716800,169.381858788342,170.54166973363500,141670100
2025-09-05,166.9922637939450,169.0019244592770,164.04275681292200,168.00209055003200,224441400
2025-09-08,168.2820281982420,170.93159698121400,167.32219627229100,167.5221599855100,163769100
2025-09-09,170.7316131591800,170.95157781434400,166.71229229208500,169.0618925540680,157548400
2025-09-10,177.300537109375,179.26020289704100,175.44084555220000,176.61064931709600,226852000
2025-09-11,177.1505584716800,180.26021784214300,176.4606317396980,179.66027757334600,151159300
2025-09-12,177.80047607421900,178.5803891806410,176.43061617633300,177.75047851465600,124911000
2025-09-15,177.73049926757800,178.83038469078600,174.49084923140500,175.650725630949,147061600
2025-09-16,174.86080932617200,177.4805168617990,174.36086420825100,176.98057174387900,140737800
2025-09-17,170.27130126953100,173.18098551277300,168.39151800406500,172.62104942275700,211843800
2025-09-18,176.2206573486330,177.08056354559600,172.94101865721900,173.96089569350600,191763300
2025-09-19,176.6505889892580,178.06043774665900,175.16074718989900,175.7506939671920,237182100
2025-09-22,183.58984375,184.52974299714700,174.69082690233400,175.28075846993000,269637000
2025-09-23,178.410400390625,182.3999677661600,176.19065819153000,181.95002022927700,192559600
2025-09-24,176.9505615234380,179.76025041106200,175.38072666046600,179.75025700209700,143564100
2025-09-25,177.67050170898400,180.2402117285650,173.11100459099500,174.4608472798890,191586700
2025-09-26,178.17044067382800,179.750269051669,174.91078879334000,178.15043859744400,148573700
2025-09-29,181.83004760742200,183.97980553666200,180.30021674934400,180.41019002973700,193063500
2025-09-30,186.55950927734400,187.32942897828700,181.4600633204030,182.06000352373000,236981000
2025-10-01,187.21945190429700,188.11934700723300,183.87980694521100,185.21967144700400,173844900
2025-10-02,188.8692626953130,191.0290292282150,188.03935198339800,189.57919146332600,136805800
2025-10-03,187.5994110107420,190.33911589327700,185.35966652947800,189.16924608680700,137596900
2025-10-06,185.51962280273400,187.20943969834000,183.3098739831840,185.4796339074750,157678100
2025-10-07,185.01968383789100,189.03924688644500,183.97980469837800,186.20955566811100,140088000
2025-10-08,189.0892333984380,189.57918508139600,186.51950830089400,186.5495190429730,130168900
2025-10-09,192.54885864257800,195.27855455286500,191.039014711271,192.20888438710800,182997200
2025-10-10,183.139892578125,195.59851591827900,182.03001384654100,193.4887469873260,268774400
2025-10-13,188.29933166503900,190.08912842775600,185.93959015922400,187.9493639887040,153482800
2025-10-14,180.01022338867200,184.77970370013500,179.6802578066600,184.74970821605300,205641400
2025-10-15,179.8102569580080,184.84969686580200,177.2705272995110,184.77971248532200,214450500
2025-10-16,181.7900390625,183.2598789113640,179.75026972003700,182.20999112544500,179723300
2025-10-17,183.19989013671900,184.07979842608100,179.7302697995740,180.1602152773480,173135200
2025-10-20,182.6199493408200,185.1796658652690,181.7100455780640,183.10990104163800,128544700
2025-10-21,181.14010620117200,182.76991679751700,179.7802549646250,182.76991679751700,124240200
2025-10-22,180.2602081298830,183.4198648953590,176.74059027394600,181.12011433169900,162249600
2025-10-23,182.13999938964800,183.0098989665470,179.7702492811970,180.4001849787380,111363700
2025-10-24,186.23953247070300,187.44940625639600,183.47984116964900,183.81980015643100,131296700
2025-10-27,191.46897888183600,191.97891738858800,188.4093020699800,189.9691435897380,153452700
2025-10-28,201.0079345703130,203.12769700573300,191.8889404255140,193.0288146936140,297986200
2025-10-29,207.01727294921900,212.1667169482570,204.7575264516480,207.95717223581000,308829600
2025-10-30,202.8677215576170,206.13736677538800,201.38788833733000,205.12746791137400,178864400
2025-10-31,202.4677734375,207.94716749796000,202.04782138156000,206.42733011185800,179802200
2025-11-03,206.85728454589800,211.31678618801200,205.53742218982800,208.05714970598200,180267300
2025-11-04,198.66818237304700,203.9476013046770,197.90825607143500,202.9777066091780,188919300
2025-11-05,195.18858337402300,202.89772869539200,194.6286320152980,198.7481902403630,171350300
2025-11-06,188.05935668945300,197.59830279082200,186.35954634625900,196.39843756369200,223029800
2025-11-07,188.1293487548830,188.29934352754700,178.8903723972710,184.87970536775800,264942300
2025-11-10,199.0281524658200,199.91805415635900,193.76872011438100,195.08858253564600,198897100
2025-11-11,193.1387939453130,195.3985402959950,191.2789975702350,195.13857433756400,176483300
2025-11-12,193.7787322998050,195.86849924763900,191.1090271797130,195.69851973704600,154935300
2025-11-13,186.8394775390630,191.4189763426970,183.82981362374800,191.02901978717700,207423100
2025-11-14,190.14910888671900,190.98901295495200,180.56016596494000,182.8399142970660,186591900
2025-11-17,186.5795135498050,188.9792438771450,184.29976516169700,185.9495778546050,173628900
2025-11-18,181.340087890625,184.7797126313020,179.6302689297590,183.3598703733930,213598900
2025-11-19,186.49952697753900,187.8393762025220,182.8099296469330,184.76970592228700,247246400
2025-11-20,180.6201629638670,195.97847686300800,179.83025642841700,195.92847930218100,343504800
2025-11-21,178.86036682128900,184.5397359279590,172.91100782704100,181.22010834266500,346926200
2025-11-24,182.52996826171900,183.4798609481750,176.4606271183830,179.47030653663700,256618300
2025-11-25,177.80047607421900,178.14043506786700,169.53138015579200,174.89079203873600,320600300
2025-11-26,180.24020385742200,182.8899220695920,178.22043661727500,181.6100638206840,183852000
2025-11-28,176.98056030273400,179.2703020816570,176.48061521713300,178.99033405428900,121332800
2025-12-01,179.90025329589800,180.2802164760200,173.66093259662900,174.7408159055670,188131000
2025-12-02,181.44007873535200,185.63961443899000,179.98023235974800,181.7400335835940,182632200
2025-12-03,179.57028198242200,182.4299686383780,179.09033894604900,181.06012391136400,165138000
2025-12-04,183.37008666992200,184.51002440204900,179.95027347354200,181.61017209543600,167364900
2025-12-05,182.40013122558600,184.6500094505640,180.9002124089340,183.88004685245300,143971100
2025-12-08,185.5399627685550,187.98982714518400,182.39012406320600,182.6301165694490,204378100
2025-12-09,184.95999145507800,185.70995086836600,183.31008684903000,185.54995586495300,144719700
2025-12-10,183.77005004882800,185.46995496958300,182.03013874897000,184.9599880707460,162785400
2025-12-11,180.92019653320300,181.31019006497000,176.61043233199800,180.27023782951800,182136600
2025-12-12,175.01052856445300,182.81010931847600,174.61054106596100,181.10019518559300,204274900
2025-12-15,176.28045654296900,178.4103461991080,175.02053019793700,177.93037643785200,164775600
2025-12-16,177.71038818359400,178.48035080582100,174.8905333961460,176.25046044282300,148588100
2025-12-17,170.93075561523400,176.12047730871900,170.30078481189700,176.0904801521760,222775500
2025-12-18,174.1305694580080,176.14045512074800,171.8107030234880,174.52054772862800,176096000
2025-12-19,180.98020935058600,181.4401759084780,176.3304518785620,176.6604358481610,324925900
2025-12-22,183.6800537109380,184.15002947617000,182.34012994783200,183.91003698180800,129064400
2025-12-23,189.19976806640600,189.31975669034500,182.89009670029100,182.96010023623100,174873600
2025-12-24,188.59979248046900,188.899779295176,186.57989753660100,187.92983057380200,65528500
2025-12-26,190.51968383789100,192.67957056140100,187.98982202804400,189.9097162518430,139740300
2025-12-29,188.20980834960900,188.749772392931,185.8999358866870,187.6998414610300,120006100
2025-12-30,187.52984619140600,188.9797799436450,186.91987858592900,188.22982052336900,97687300
2025-12-31,186.4899139404300,190.54969193131700,186.47991997410400,189.55975523635500,120100500
2026-01-02,188.83978271484400,192.91954841717500,188.24980305842200,189.82971935613100,148240500
2026-01-05,188.1098175048830,193.61952916959000,186.13992286460300,191.74961996436100,183529700
2026-01-06,187.22987365722700,192.15959956375200,186.80989821500900,190.50969495089800,176862600
2026-01-07,189.09976196289100,191.35963411085100,186.54989697142700,188.55979791265700,153543200
2026-01-08,185.0299835205080,189.53974931649200,183.70006889406100,189.09977067708200,172457000
2026-01-09,184.84999084472700,186.32990643372700,183.66005283935600,185.06998015284400,131327500
2026-01-12,184.92999267578100,187.10986736077900,183.010098425574,183.2100845491030,137968500
2026-01-13,185.79994201660200,188.0998205983220,183.3900687774690,184.9899882929180,160128900
2026-01-14,183.1300811767580,184.45001701406100,180.79021156477000,184.3100252062830,159586100
2026-01-15,187.03988647460900,189.6897370464890,186.31992419508700,186.48991316970100,206188600
2026-01-16,186.21990966796900,190.4296883714220,186.06992389502700,189.06976141755600,187967200
2026-01-20,178.06036376953100,182.37012791600900,177.60038196777600,181.89014292514400,223345300
2026-01-21,183.31008911132800,185.3699752173060,178.3903418724370,179.04031586008500,200381000
2026-01-22,184.82998657226600,186.15991637883000,183.92003219020100,184.7399951080080,139636600
2026-01-23,187.6598358154300,189.58973923983300,186.80989099781200,187.48984685190600,142748100
2026-01-26,186.4599151611330,189.1097657209080,185.97994539629800,187.1498802806870,124799600
2026-01-27,188.50979614257800,189.9897117301410,185.6899415183400,187.22986667366500,143711600
2026-01-28,191.5096435546880,192.33960048487300,189.82972650403400,191.25965707901600,148552700
2026-01-29,192.49957275390600,193.46952146246300,186.04992498376700,191.32963792417500,171764400
2026-01-30,191.11965942382800,194.47947816452200,189.45974561417200,191.19965692455500,179489500
2026-02-02,185.59996032714800,190.2897090701950,184.87000408758900,187.1898706566700,165794100
2026-02-03,180.33023071289100,186.25991753048800,176.22045266395400,186.22992037566100,204019600
2026-02-04,174.18057250976600,179.57028010697400,171.90069716024300,179.45029148583000,207014100
2026-02-05,171.87069702148400,176.81043194569000,171.020736948564,174.92051964769400,206312900
2026-02-06,185.39996337890600,186.98987361565200,174.59055120100800,176.6804343618600,231346200
2026-02-09,190.0297088623050,193.64952333361800,183.9400420976920,184.25002288009900,196387400
2026-02-10,188.52978515625,192.46957427391500,188.10980972728600,191.36964298604600,136764800
2026-02-11,190.0397186279300,193.24953637655100,188.75978911487700,192.43958265041200,144192700
2026-02-12,186.9298858642580,193.5995230748730,186.49990120030000,193.01955263160700,189932500
2026-02-13,182.80010986328100,187.4898586352180,181.58017462912400,187.4698554447330,161888000
2026-02-17,184.95999145507800,187.13986615921200,179.17029624003700,181.74016448672600,162276900
2026-02-18,187.96981811523400,190.3596881055440,186.7498829478330,188.73978069812700,164749100
2026-02-19,187.88983154296900,188.41980165789600,185.64996245587100,187.04988063530700,126554500
2026-02-20,189.8097381591800,190.31970507557400,185.92994318264100,186.5599139825130,178422300
2026-02-23,191.53964233398400,193.93950641757900,189.56974766836500,191.3896412925320,171584800
2026-02-24,192.83956909179700,193.75951747058700,187.38985183856100,191.47964208446200,175123600
2026-02-25,195.54940795898400,197.61930319203400,193.77949953248800,194.43946745531200,250637100
2026-02-26,184.87998962402300,194.27947461393600,184.31002841741300,194.25948668245000,360807900
2026-02-27,177.180419921875,182.5801217841230,176.3704661683340,181.2401979138720,311636500
2026-03-02,182.47012329101600,183.45008125730600,174.63055110847400,175.00052620838000,209095300
2026-03-03,180.04025268554700,180.8901975001600,176.91041730394700,178.4803396065270,178099400
2026-03-04,183.03009033203100,184.69000418349400,180.0502558302460,180.4302401537760,177731200
2026-03-05,183.330078125,184.05004039552600,177.87038204113800,181.1601973472640,198779700
2026-03-06,177.8103790283200,182.7500987288970,176.81043317462300,179.83025866705600,189021900
2026-03-09,182.64010620117200,182.90010189125700,175.55049367782200,176.82042919903400,177213600
2026-03-10,184.760009765625,186.42991760168200,182.00014929336900,182.39012758732300,179118500
2026-03-11,186.02999877929700,187.6199951171880,184.4499969482420,185.91000366210900,145280400
2026-03-12,183.13999938964800,184.94000244140600,181.75,184.0500030517580,155762700
2026-03-13,180.25,186.08999633789100,179.94000244140600,184.9199981689450,160988400
2026-03-16,183.22000122070300,188.8800048828130,181.41000366210900,182.97000122070300,217307400
2026-03-17,181.92999267578100,185.39999389648400,181.67999267578100,185.05999755859400,182497800
2026-03-18,180.39999389648400,183.3800048828130,180.3300018310550,182.47999572753900,156683100
2026-03-19,178.55999755859400,179.97999572753900,175.7899932861330,178.00999450683600,170968500
2026-03-20,172.6999969482420,178.25999450683600,171.72000122070300,178.0,241323500
2026-03-23,175.63999938964800,178.3699951171880,174.75999450683600,177.25999450683600,182836300
2026-03-24,175.1999969482420,176.22000122070300,173.97999572753900,174.8300018310550,147667800
2026-03-25,178.67999267578100,181.22000122070300,176.85000610351600,177.10000610351600,162602100
2026-03-26,171.24000549316400,176.50999450683600,171.13999938964800,176.07000732421900,185384200