publish_date,title,source,nvda_relevance,overall_sentiment_score,url,summary
2022-08-29 20:56:00,AMD launching what it claims is ‘fastest processer in the world for gaming’ in September,MarketWatch,0.647212,0.185227,https://www.marketwatch.com/story/amd-claims-its-launching-fastest-processer-in-the-world-for-gaming-in-september-11661820971?gaa_at=eafs&gaa_n=AWEtsqfV7JpU3g-9ciK5pQRdAacx7T9b6fXVG4WkS47T0LY_ynr8_q6gxYyk&gaa_ts=699ac6d6&gaa_sig=TJSL8c1zFt-4Csbe5SvDgTMkIk72_VLzIhkAhh5mkE8zDnvU0ud9dAK17TwT1mGrYP-7m87qS5VRe23-GpinWA%3D%3D,"AMD announced the launch of its new Ryzen 7000 series gaming processors, touted as the ""fastest processor in the world for gaming"" by CEO Lisa Su. The processors are based on a 5-nanometer Zen 4 core architecture. This release comes amidst a challenging period for PC sales, with the low-end Ryzen 5 7600x model priced at $299."
2022-08-25 11:08:00,AMD Set To Become TSMC’s Second Largest 5nm Customer Courtesy Of Ryzen 7000,Wccftech,0.624243,0.049854,https://wccftech.com/amd-set-to-become-tsmcs-second-largest-5nm-customer-courtesy-of-ryzen-7000/,"AMD is projected to become TSMC's second-largest customer for 5nm technology, primarily driven by its upcoming Ryzen 7000 series processors. These new CPUs, including desktop, notebook, and datacenter variants, will extensively utilize TSMC's 5nm process node. This increased demand will solidify AMD's position as a major client for the Taiwanese chip manufacturer, second only to Apple."
2022-08-24 16:45:00,"Nvidia sales forecast falls about $1 billion short of expectations, stock falls",MarketWatch,0.305622,0.037657,https://www.marketwatch.com/story/nvidia-sales-forecast-falls-about-1-billion-short-of-wall-street-expectations-11661373933?gaa_at=eafs&gaa_n=AWEtsqdL2VRhiXz7WrnGn8q3GD2oKMIOW2HGMg1vjnXHB0VfFLO5KYZwpqhM&gaa_ts=69079e73&gaa_sig=OBM1PeDUmj3ZwPMmK94X9cjSV99NdV3Y4JbJvncOJbg-RunRyExVmaAPBqeOpNoJtoptUPgbgk8o3MGDD-8XLA%3D%3D,"Nvidia's sales forecast for the current quarter fell approximately $1 billion short of analyst expectations, leading to a drop in its stock. The company confirmed a sharp reduction in profit and is working through inventory before releasing its new chip architecture. For the fiscal third quarter, Nvidia predicted revenue between $5.78 billion to $6.02 billion, while analysts had projected $6.91 billion."
2022-08-22 09:15:59,Intel shares new details about upcoming Meteor Lake processor series,SiliconANGLE,0.605617,0.187134,https://siliconangle.com/2022/08/22/intel-shares-new-details-upcoming-meteor-lake-processor-series/,"Intel has revealed new technical details about its upcoming Meteor Lake processor series, which will utilize chiplet technology for desktop and laptop CPUs. These processors will feature five chiplets, with the primary CPU module manufactured by Intel and other vital components like the GPU and I/O module produced by TSMC. This chiplet architecture allows for greater flexibility in design, improved manufacturing efficiency, and better performance through 3D stacking with Intel's Foveros technology."
2022-08-18 09:32:08,Report: Qualcomm plans to return to the server chip market,SiliconANGLE,0.593677,0.082383,https://siliconangle.com/2022/08/18/report-qualcomm-plans-return-server-chip-market/,"Qualcomm Inc. is reportedly planning to re-enter the server chip market four years after exiting it, seeking customers for a new server processor. This new processor is based on technology acquired from Nuvia Inc. for $1.4 billion and is being evaluated by Amazon Web Services Inc. The move aligns with Qualcomm's strategy to expand beyond mobile and boost revenue, potentially increasing competition for Intel Corp. and Advanced Micro Devices Inc."
2022-08-17 09:20:49,Lam Research to open its second R&D centre in India,www.varindia.com,0.62288,0.398655,https://www.varindia.com/news/lam-research-to-open-its-second-rd-centre-in-india,"US-based semiconductor equipment supplier Lam Research is establishing its second R&D center in India in September, aiming to enable local design completion and reduce reliance on its US counterparts. The new facility will feature an advanced hardware engineering lab for deposition, etching, and wet processing, alongside AR/VR capabilities. This expansion underscores India's growing importance in the semiconductor design ecosystem, despite the manufacturing sector being in its early stages."
2022-08-10 08:50:28,AMD Stock Is a Bargain,Morningstar,0.736077,0.085434,https://www.morningstar.com/stocks/amd-stock-is-bargain,"Morningstar considers AMD stock a bargain with a fair value estimate of $130 per share, giving it a 4-star rating and a narrow economic moat. The company is praised for its impressive growth, market share gains against Intel, and strong execution in new chip designs, especially in the data center and PC markets. However, high uncertainty remains due to the cyclical semiconductor industry and AMD's smaller scale compared to Intel and Nvidia."
2022-08-09 09:26:54,"NVIDIA Announces Major Release of Omniverse With New USD Connectors and Tools, Simulation Technologies and Developer Frameworks",NVIDIA Newsroom,1.0,0.541751,https://nvidianews.nvidia.com/news/nvidia-announces-major-release-of-omniverse-with-new-usd-connectors-and-tools-simulation-technologies-and-developer-frameworks,"NVIDIA has announced a major update to its Omniverse platform, introducing new developer frameworks, tools, apps, and plugins designed to build and connect metaverse worlds. These enhancements include AI-powered tools like Omniverse Avatar Cloud Engine, DeepSearch, and NeuralVDB, along with 11 new USD Connectors to integrate with leading 3D applications and CAD software. The updates aim to simplify virtual world creation and foster collaboration across industries, bridging the physical and virtual realms."
2022-08-09 09:26:54,NVIDIA and Partners Build Out Universal Scene Description to Accelerate Industrial Metaverse and Next Wave of AI,NVIDIA Newsroom,0.349243,0.043674,https://nvidianews.nvidia.com/news/nvidia-and-partners-build-out-universal-scene-description-to-accelerate-industrial-metaverse-and-next-wave-of-ai,"NVIDIA, in collaboration with Pixar, Adobe, Autodesk, Siemens, and other industry leaders, is launching a multi-year initiative to expand Universal Scene Description (USD) as a foundational language for the open metaverse and 3D internet. The effort aims to extend USD's capabilities beyond visual effects to support industrial applications like architecture, engineering, manufacturing, robotics, and digital twins, introducing features such as international character support, geospatial coordinates, and real-time IoT data streaming. NVIDIA is also providing open-source resources, a compatibility testing suite, and developing USD plugins for popular 3D software to accelerate its adoption across various industries."
2022-08-09 06:19:00,Cathie Wood sells Block shares to double down on Nvidia,The Block,0.833739,-0.079059,https://www.theblock.co/post/162357/cathie-wood-sells-block-shares-to-double-down-on-nvidia,"Ark Invest, led by Cathie Wood, sold over $20 million worth of Block (SQ) shares and simultaneously purchased over $65 million worth of Nvidia (NVDA) shares across three of its funds. This move follows Ark's previous decision to exit PayPal (PYPL) to bet on Block, and comes amidst macroeconomic turbulence causing significant losses in various asset classes, including Block and Bitcoin. Ark also recently sold Coinbase (COIN) shares due to regulatory uncertainty."
2022-08-08 16:52:00,"Nvidia is hit by another ‘crypto hangover,’ and that isn’t the only problem",MarketWatch,1.0,-0.238619,https://www.marketwatch.com/story/nvidia-is-hit-by-another-crypto-hangover-and-that-isnt-the-only-problem-11659991965?gaa_at=eafs&gaa_n=AWEtsqeW-cx0JDHRHV3Ks0Ewpgy6BD9JozhLHTJzK5rnnK0qpmuCnHG9JYFw&gaa_ts=69079e81&gaa_sig=N3reemoQ7fRSkIUEelQCOA4MustJFnNvNaSAlRZNSZD7PsWNBz7mGgDdJ1Q9p1gg40nFD-oMmYChTH_MhwzWRw%3D%3D,"Nvidia is facing a ""crypto hangover"" and other issues as the pandemic-era booms in PC sales, videogames, and cryptocurrency decline. The company warned of a $1.4 billion revenue shortfall due to weak gaming equipment sales and excess inventory. Nvidia's stock fell 6.3% on the news, reflecting broader concerns about multiple challenges impacting its core business."
2022-08-08 09:26:54,Nvidia Warns of Sales Shortfall as Gaming Revenue Drops,The Wall Street Journal,1.0,-0.616175,https://www.wsj.com/business/earnings/nvidia-warns-of-sales-shortfall-as-gaming-revenue-drops-11659969222?gaa_at=eafs&gaa_n=AWEtsqdgPgIzL-P0Bg_fq9LKORdBUlvgjOOrn9aiH8cMn8h3zUMeR-kgH-CB&gaa_ts=699acf61&gaa_sig=EwZn58qVhQiOJVwg9E03J5kQ_n_5wbzVSzaL5-lAcDsB6hiT7NZGVlPnsbdnXhhtQeTbWj-JNHWzBaQWbX4OdQ%3D%3D,"Nvidia Corp. announced a significant sales shortfall for the quarter ending July 31, expecting revenue of $6.7 billion, which is 17% below its May forecast. This reduction is primarily due to a 33% drop in gaming revenue, signaling a potential slowdown in the computer chip market after a pandemic-era boom. The company's stock experienced a decline following this announcement."
2022-08-03 20:47:00,Pelosi’s Taiwan trip puts the world's biggest chipmaker back in the spotlight of U.S.-China rivalry,CNBC,0.605171,-0.056017,https://www.cnbc.com/2022/08/04/pelosi-taiwan-visit-puts-tsmc-back-in-spotlight-of-us-china-rivalry.html,"Nancy Pelosi's visit to Taiwan brought renewed attention to the island's critical role in the global chip supply chain, specifically highlighting Taiwan Semiconductor Manufacturing Co. (TSMC), a key manufacturer for tech giants like Apple and Nvidia. The visit underscored the strategic importance of semiconductors to U.S. national security and its rivalry with China. TSMC's dominance in the foundry market and the ongoing U.S. efforts to boost domestic chip manufacturing and secure supply chains were central themes, with concerns about China's potential actions towards Taiwan posing a significant risk to the global chip market."
2022-08-02 09:32:09,UCIe™ (Universal Chiplet Interconnect Express™) Consortium Announces Incorporation and New Board Members; Open for Membership,Business Wire,0.93728,0.533929,https://www.businesswire.com/news/home/20220802005203/en/UCIe-Universal-Chiplet-Interconnect-Express-Consortium-Announces-Incorporation-and-New-Board-Members-Open-for-Membership,"The UCIe™ (Universal Chiplet Interconnect Express™) Consortium has officially incorporated and announced new board members, including Alibaba and NVIDIA, joining founding members like ASE, AMD, Intel, and Samsung. The consortium aims to advance the UCIe specification to create a universal and interoperable chiplet ecosystem, with the UCIe 1.0 specification already available for download. They are actively seeking new members to contribute to the development of future specifications."
2022-07-28 10:29:22,"Enabling Enterprise Cybersecurity Protection with a DPU-Accelerated, Next-Generation Firewall",NVIDIA Developer,0.923155,0.323404,https://developer.nvidia.com/blog/enabling-enterprise-cybersecurity-protection-with-a-dpu-accelerated-next-generation-firewall/,"NVIDIA and Palo Alto Networks have collaborated to enhance cybersecurity by accelerating VM-Series Next Generation Firewalls (NGFW) using NVIDIA's BlueField Data Processing Unit (DPU). This partnership provides a 5x performance boost and significant CapEx savings by offloading packet inspection from host CPUs to the DPU. The joint solution includes an Intelligent Traffic Offload (ITO) service that optimizes firewall resources, ensuring deep security inspection only for necessary payload flows, thereby improving efficiency and enabling comprehensive zero-trust protection across all hosts."
2022-07-28 10:27:21,Pony.ai Express: New Autonomous Trucking Collaboration Powered by NVIDIA DRIVE Orin,NVIDIA Blog,1.0,0.424082,https://blogs.nvidia.com/blog/pony-ai-sany-autonomous-trucking-drive-orin/,"Pony.ai and SANY Heavy Truck, China's largest heavy equipment manufacturer, have partnered to develop level 4 autonomous trucks using NVIDIA DRIVE Orin. The collaboration aims to address the rapidly growing package delivery market and driver shortages, with small-scale deliveries starting this year and mass production by 2024. The venture plans to produce approximately 10,000 trucks annually, leveraging NVIDIA DRIVE Orin's high-performance compute capabilities for safe and efficient autonomous operations."
2022-07-27 10:31:03,Pony.ai and SANY Establish Joint Venture to Develop Next Generation of Autonomous Trucks for Mass Production,Business Wire,0.735325,0.704001,https://www.businesswire.com/news/home/20220727006184/en/Pony.ai-and-SANY-Establish-Joint-Venture-to-Develop-Next-Generation-of-Autonomous-Trucks-for-Mass-Production,"Pony.ai and SANY Heavy Truck have formed a strategic joint venture to develop and mass-produce next-generation Level 4 autonomous trucks. The collaboration aims to integrate Pony.ai's autonomous driving technology with SANY's heavy truck manufacturing expertise, with small-scale deliveries planned for 2022-2023 and mass production targeting 10,000 units annually by 2024. This partnership is expected to create a sophisticated intelligent logistics ecosystem, enhance road safety, reduce costs, and significantly lower greenhouse gas emissions by focusing on new energy vehicles."
2022-07-27 10:26:31,Nomura Malaysia launches Global Shariah Semiconductor Equity Fund,bernama,0.645433,0.341644,https://www.bernama.com/en/news.php?id=2104383,"Nomura Asset Management Malaysia Sdn Bhd has launched its Global Shariah Semiconductor Equity Fund to provide investors access to the rapidly expanding semiconductor sector, driven by global digitalisation trends and the rollout of 5G networks. The fund aims to capitalize on the increasing demand for semiconductor chips by focusing on high-growth potential Shariah-compliant companies with strong financials and intellectual property. This fund is the first of its kind in Malaysia, with Nomura Asset Management UK Ltd acting as the investment adviser."
2022-07-27 09:53:08,Arm: Business Strategy—SoftBank Group Report 2022,ソフトバンクグループ株式会社,0.641036,0.386381,https://group.softbank/en/ir/financials/annual_reports/2022/message/arm,"This article details Arm's business strategy as presented in the SoftBank Group Report 2022. It covers Arm's role as a global leader in semiconductor technology, its licensing business model, and strategic investments in R&D to maintain market leadership and expand into new areas like autonomous vehicles and IoT. The report highlights significant growth in both technology royalty and non-royalty revenues in fiscal 2021 and discusses the leadership transition with Rene Haas appointed as CEO."
2022-07-25 10:17:08,Intel to produce chips for MediaTek as part of new partnership,SiliconANGLE,0.564372,0.342876,https://siliconangle.com/2022/07/25/intel-produce-chips-mediatek-part-new-partnership/,"Intel will manufacture chips for MediaTek, a Taiwan-based semiconductor maker, as part of a new partnership announced today. MediaTek, a fabless chip designer, will use Intel's manufacturing facilities to produce chips for various ""smart edge devices"" using Intel's 16 manufacturing process. This deal is a significant achievement for Intel's Intel Foundry Services (IFS) business, which was established last year to produce chips for other companies based on their custom designs."
2022-07-19 10:27:21,Rescale integrates Nvidia’s AI software to power digital twins for the industrial metaverse,SiliconANGLE,1.0,0.436876,https://siliconangle.com/2022/07/19/rescale-integrates-nvidias-containerized-ai-software-power-digital-twins-industrial-metaverse/,"Rescale Inc. has integrated Nvidia's AI software into its platform to simplify the creation of digital twins for industrial applications, supporting the development of the ""industrial metaverse."" This partnership allows Rescale customers to access GPU-optimized software, including Nvidia's NGC Catalog and Modulus neural network platform, enhancing the physical accuracy of digital twins with AI-assisted engineering. The collaboration aims to accelerate innovation by providing engineers and scientists a robust foundation for building and testing designs virtually, as exemplified by Hankook Tire's use of Rescale's technology."
2022-07-18 17:18:00,Nancy Pelosi's husband buys millions of dollars’ worth of Nvidia stock ahead of vote on chip-manufacturing bill,MarketWatch,1.0,-0.406445,https://www.marketwatch.com/story/nancy-pelosis-husband-buys-millions-worth-of-nvidia-stock-ahead-of-chip-manufacturing-bill-vote-11658179117?gaa_at=eafs&gaa_n=AWEtsqfBTlzcxo9xKM3ZTq0wf-L5VFbPEbopBNBKiXqyk_Zoe2QvMCn-nDcw&gaa_ts=699add8c&gaa_sig=0tR0J8cKhNzZCtc9qlaRXzlTX5khvIizbCdgWq393sMBY2ny6M1XnTxwwpu63raCjUxMStWHm7CdTRlP7toNdg%3D%3D,"Paul Pelosi, husband of House Speaker Nancy Pelosi, purchased between $1 million and $5 million in Nvidia stock in June. This transaction occurred ahead of an anticipated congressional vote on a bill aimed at boosting domestic semiconductor manufacturing. The disclosure shows the investment in the software and computer-chip company Nvidia."
2022-07-14 17:07:02,Intel To Hike Chip Prices As Semiconductor Giant Deals With Inflation,CRN Magazine,0.6187,-0.138881,https://www.crn.com/news/components-peripherals/intel-to-hike-chip-prices-as-semiconductor-giant-deals-with-inflation,"Intel has announced price increases across its product lines, including chipsets and microprocessors, by as much as 20 percent, effective in Q4 2022. The company attributes these hikes to inflationary pressures, rising material costs, and increased production expenses. Other companies in the semiconductor industry, including TSMC and various material suppliers, are also implementing price increases, suggesting a broader trend of rising costs in the tech sector."
2022-07-14 10:24:55,Chip Shortage Turns into Surplus,VOA - Voice of America English News,0.8331,-0.227439,https://learningenglish.voanews.com/a/chip-shortage-turns-into-surplus/6657200.html,"The global chip shortage, exacerbated by the coronavirus pandemic and high demand for electronics, has unexpectedly turned into a surplus due to high inflation, China's COVID restrictions, and the war in Ukraine, which reduced consumer spending. This shift has severely impacted semiconductor stocks, with companies like Micron Technology reducing production and manufacturers, especially in computing and smartphones, now facing an oversupply. The situation is worsened by hoarding practices, though some sectors like Apple suppliers and, for now, automobile chipmakers, are less affected."
2022-07-12 10:27:21,NVIDIA Announces Hybrid Quantum-Classical Computing Platform,NVIDIA Newsroom,1.0,0.410551,https://nvidianews.nvidia.com/news/nvidia-announces-hybrid-quantum-classical-computing-platform,"NVIDIA has introduced QODA (Quantum Optimized Device Architecture), a unified computing platform designed to accelerate quantum research and development across various fields such as AI, HPC, health, and finance. QODA aims to make quantum computing more accessible by providing a coherent hybrid quantum-classical programming model, enabling developers to integrate quantum computing into existing applications. The platform has already garnered collaborations with leading quantum hardware providers, software providers, and supercomputing centers."
2022-07-12 10:27:21,Nvidia unveils QODA platform to accelerate hybrid quantum-classical computing research,SiliconANGLE,1.0,0.475239,https://siliconangle.com/2022/07/12/nvidia-unveils-qoda-platform-accelerate-hybrid-quantum-classical-computing-research/,"Nvidia has launched its Quantum Optimized Device Architecture (QODA) platform, designed to accelerate hybrid quantum-classical computing research. QODA aims to streamline development by providing a unified environment for supercomputers and quantum processors. This platform allows developers to integrate classical computing resources with quantum hardware from various partners, fostering breakthroughs in areas like chemistry and drug discovery."
2022-07-11 18:55:54,"Teledyne FLIR Introduces Prism AI, Software for the Development of Automotive Thermal Perception Systems",ActuIA,0.626857,0.236873,https://www.actuia.com/en/news/teledyne-flir-introduces-prism-ai-software-for-the-development-of-automotive-thermal-perception-systems/,"Teledyne FLIR has introduced Prism AI, a software framework designed to help automotive engineers integrate thermal cameras into advanced driver assistance systems (ADAS) and autonomous vehicle (AV) systems. Prism AI offers features like visible and thermal image fusion, enhancing detection of pedestrians and animals, especially in low-light conditions. This development aims to improve road safety and assist OEMs in meeting upcoming regulatory requirements for nighttime collision prevention."
2022-07-04 17:56:12,Artificial Intelligence at Nvidia – Two Current Use Cases,Emerj Artificial Intelligence Research,1.0,0.374883,https://emerj.com/artificial-intelligence-at-nvidia/,"This article examines two current use cases of Artificial Intelligence at Nvidia. The first use case details how Nvidia uses machine learning to enhance video resolution and audio quality during real-time video calls. The second use case explains how Nvidia, in collaboration with Adobe, uses AI algorithms to analyze marketing campaign effectiveness and optimize sales for a new GPU line."
2022-07-04 10:44:33,WNS acquires Vuram for $165Mn,www.varindia.com,0.606094,0.209732,https://www.varindia.com/news/wns-acquires-vuram-for-165mn,"WNS (Holdings) Limited has acquired Chennai-based enterprise automation services provider Vuram for $165 million. This acquisition will expand WNS' intelligent automation capabilities and is expected to add approximately 2 percent to WNS’ net revenue in fiscal 2023, while also being accretive to adjusted earnings for the same fiscal year. Both companies anticipate enabling clients to accelerate automation, optimization, and transformation of their business models."
2022-06-29 11:21:28,Siemens and NVIDIA to Enable Industrial Metaverse,NVIDIA Newsroom,1.0,0.426496,https://nvidianews.nvidia.com/news/siemens-and-nvidia-to-enable-industrial-metaverse,"Siemens and NVIDIA announced an expanded partnership to create an industrial metaverse by connecting Siemens Xcelerator and NVIDIA Omniverse platforms. This collaboration aims to transform the manufacturing industry by enabling full-fidelity digital twins and integrating AI systems from edge to cloud. The goal is to accelerate the use of digital twins, improve productivity, and facilitate immersive, physics-based simulations for faster and more confident decision-making across product lifecycles."
2022-06-24 08:30:40,7 Top Metaverse Stocks with Massive Potential,InvestorPlace,0.619104,0.325125,https://investorplace.com/2022/06/7-top-metaverse-stocks-with-massive-potential/,"The metaverse market is projected to reach $5 trillion by 2030, with a significant majority of consumers and industry leaders anticipating positive impacts. This article highlights seven top metaverse stocks and ETFs, including Global X Metaverse ETF (VR), ProShares Metaverse ETF (VERS), Roundhill Ball Metaverse ETF (METV), Meta Platforms (META), Nvidia (NVDA), Roblox (RBLX), and Unity Software (U), recommending them as key investment opportunities in this emerging sector. It notes that many of these stocks are currently oversold, presenting potential for future gains as the metaverse concept gains traction."
2022-06-20 11:24:38,Power GaN market to hit $2bn in 2027,Electronics Weekly,0.628695,0.309605,https://www.electronicsweekly.com/news/business/798258-2022-06/,"The power GaN market is projected to reach $2 billion by 2027, driven significantly by consumer products, which are expected to account for 48% of the market. Key growth areas also include datacom/telecom due to stricter regulations and increasing adoption of 48V-Point-Of-Load systems, as well as the automotive sector with GaN finding its way into DC-DC converters and OBCs. The market is also seeing new players, increased investments, and efforts to reduce manufacturing costs through 8-inch wafer capacity expansion and supply chain consolidation."
2022-06-17 18:57:32,$6.5B Texas Instruments Fab Could Be First of Four at Site Totaling $30B,Engineering News-Record | ENR,0.648443,0.352513,https://www.enr.com/articles/54315-65b-texas-instruments-fab-could-be-first-of-four-at-site-totaling-30b,"Texas Instruments plans to build up to four semiconductor chip fabrication plants in Sherman, Texas, with the first $6.5 billion fab already under construction and expected to begin production in 2025. The total investment for all four plants could reach nearly $30 billion, supported by significant local incentives. This development is part of a broader U.S. push to increase domestic semiconductor manufacturing amidst global shortages."
2022-06-15 11:21:29,All-In-One Financial Services? Vietnam’s MoMo Has a Super-App for That,NVIDIA Blog,1.0,0.344014,https://blogs.nvidia.com/blog/momo-app-financial-service/,"Vietnam-based fintech company MoMo has developed a super-app providing all-in-one financial services to over 30 million users. The company leverages NVIDIA GPUs and AI, specifically NVIDIA DGX systems, TensorRT, and Triton Inference Server, to enhance its chatbots, eKYC systems, recommendation engines, and credit scoring models. MoMo's use of AI has significantly sped up development, improved performance, and allowed for more accurate risk assessment, with plans to expand into graph neural networks and potentially make traditional credit scores obsolete."
2022-06-13 16:36:00,Advanced Micro Devices Inc. stock underperforms Monday when compared to competitors,MarketWatch,0.730777,-0.315798,https://www.marketwatch.com/story/advanced-micro-devices-inc-stock-underperforms-monday-when-compared-to-competitors-01655152587-ccc90936b78d?gaa_at=eafs&gaa_n=AWEtsqdDCpG5oop572C-ksTrs0_qndfF-kc8_bYdguBZY9Scz3rq9y-8CHcT&gaa_ts=699ae27f&gaa_sig=6fqLG7Q63GZ8WQlVorwtPkBHY_Tmy-MVKDgXSe8SOn0OU69KzkBGFlhDWLa0Pk18L5L9NZZBrlk0zigMQUFiVw%3D%3D,"Shares of Advanced Micro Devices Inc. (AMD) fell 8.26% on Monday, closing at $86.99, amidst a general market downturn with the S&P 500 and Dow Jones also dropping. The stock recorded its seventh consecutive day of losses and underperformed against competitors such as NVIDIA Corp., Intel Corp., and Texas Instruments Inc. Trading volume for AMD was also below its 50-day average."
2022-06-13 00:40:00,"AMD Reveals Roadmap for Zen 4-based laptop CPU, Zen 5, RDNA 3, and RDNA 4",Tech Times,0.609348,0.22615,https://www.techtimes.com/articles/276615/20220613/amd-reveals-roadmap-for-zen-4-based-laptop-cpu-zen-5-rdna-3-and-rdna-4.htm,"AMD has unveiled its roadmap for upcoming processors and graphics architectures, including the Zen 4-based Ryzen 7000 series, Zen 5, and RDNA 3, with RDNA 4 slated for 2024. The Zen 4 architecture promises significant performance and efficiency gains, competing with Intel's offerings, while Zen 5 will be a ground-up redesign with AI and machine learning enhancements. The RDNA 3 graphics architecture will be chipset-based and on a 5nm architecture, aiming for 50 percent better performance per watt than its predecessor."
2022-06-10 14:29:02,Fortinet (FTNT) to Split Stock in 5 to Attract More Investors,Yahoo Finance,0.627099,0.222517,https://finance.yahoo.com/news/fortinet-ftnt-split-stock-5-142902983.html,"Fortinet (FTNT) announced a five-for-one forward stock split to make its shares more accessible to employees and retail investors, with stockholder approval scheduled for June 17. If approved, the stock price will drop from approximately $300 to $60 per share. This move follows similar stock splits by other major tech companies like Alphabet, Amazon, and NVIDIA, aiming to boost demand and potentially increase share prices."
2022-06-10 12:51:00,Is the Roundhill Ball Metaverse ETF (METV) Right for You?,Market Realist,0.781274,0.353797,https://marketrealist.com/p/roundhill-ball-metaverse-etf-metv-holdings/,"The Roundhill Ball Metaverse ETF (METV) offers investors diversified exposure to companies benefiting from the metaverse's growth. This article examines METV's top holdings, including Meta Platforms, Nvidia, Roblox, Microsoft, and Autodesk, highlighting their roles in the metaverse ecosystem. It also discusses the fund's expense ratio and the potential market size of the metaverse industry."
2022-06-09 11:21:29,Nvidia’s Data Center Segment Becomes its Biggest Revenue Contributor for Q1 2022,Counterpoint Research,1.0,0.483644,https://counterpointresearch.com/en/insights/nvidias-data-center-segment-becomes-biggest-revenue-contributor,Nvidia's data center segment has surpassed its gaming segment to become the largest revenue contributor for the company in Q1 2022. This shift signifies the growing importance of AI and cloud computing in Nvidia's business model. The article highlights this significant financial performance change for Nvidia.
2022-06-08 11:30:00,TSMC Chairman Mark Liu on the revolution in semiconductors,Fortune,0.64523,0.37468,https://fortune.com/2022/06/08/tsmc-semiconductors-5g-artificial-intelligence-high-performance-computing-mark-liu/,"TSMC Chairman Mark Liu discusses how 5G, A.I., and high-performance computing (HPC) are ushering in a ""golden era"" for the semiconductor industry. He highlights how continuous innovation, exemplified by the pure-play foundry model pioneered by TSMC, has driven down costs and enabled widespread technological adoption. Liu projects significant growth for the industry, emphasizing the increasing value and omnipresence of semiconductors in modern society and foreseeing their critical role in future applications like VR/AR and personalized medicine."
2022-06-06 11:13:23,OpenLight launches as fabless silicon photonics outfit,The Register,0.593419,0.299366,https://www.theregister.com/2022/06/06/openlight_silicon_photonics/,"OpenLight, a new company formed by Synopsys and Juniper Networks, has launched with the goal of accelerating silicon photonics development. The company specializes in integrated on-chip lasers for high-performance photonic integrated circuits, using Tower Semiconductor's PH18DA fabrication process. OpenLight aims to overcome the challenge of integrating laser sources directly onto silicon photonics wafers, reducing costs and improving power efficiency for various applications like data communications, AI, and optical computing."
2022-05-31 17:56:11,Los Alamos National Laboratory Announces Details Of Supercomputer Collaboration With Nvidia,Los Alamos Reporter,1.0,0.35651,https://losalamosreporter.com/2022/05/31/los-alamos-national-laboratory-announces-details-of-supercomputer-collaboration-with-nvidia/,"Los Alamos National Laboratory (LANL) announced new details of its supercomputer collaboration with Nvidia and HPE, resulting in the ""Venado"" system. Venado will be the first U.S. customer to receive an Nvidia Grace central processing unit and will utilize a balanced architecture optimized for diverse scientific research, from materials science to power-grid modeling. It represents a significant step in developing a robust software ecosystem and leadership-class computing capabilities for the Laboratory, with delivery expected in 2023."
2022-08-25 09:00:41,Corsair Reveals Bendable OLED Ultrawide Gaming Monitor,Tom's Hardware,0.644625,0.362084,https://www.tomshardware.com/news/corsair-bendable-oled-gaming-ultrawide,"Corsair has introduced the Xeneon Flex 45WQHD240 OLED, a 45-inch ultrawide gaming monitor featuring a bendable OLED panel from LG. This monitor offers user-adjustable curvature up to 800R, or it can remain perfectly flat for productivity. It boasts impressive specs including a 0.03ms response time, 240Hz refresh rate, and 1000 nits peak brightness, making it suitable for immersive gaming and HDR content."
2022-08-18 09:26:54,Startup Digs Into Public Filings With GPU-Driven Machine Learning to Serve Up Alternative Financial Data Services,NVIDIA Blog,0.93674,0.304497,https://blogs.nvidia.com/blog/gpu-driven-machine-learning-alternative-financial-data-services/,"Intrinio, a startup based in St. Petersburg, Fla., uses GPU-driven machine learning to parse publicly available financial data, offering an alternative to traditional, bundled financial data products. Co-founded by Rachel Carpenter and Joseph French, Intrinio provides à la carte subscription services for equities, options, estimates, ETFs, and ESG data, making it more affordable and accessible for fintech innovators and startups. The company's technology significantly reduces errors and streamlines data cleansing and standardization, allowing clients like Robinhood, FTX, and Aiera to integrate high-quality financial data into their platforms."
2022-08-10 00:00:00,Chipmakers tumble on fears of worst downturn in 10 years,Al Jazeera,0.833596,-0.603652,https://www.aljazeera.com/economy/2022/8/10/chipmakers-tumble-on-fears-of-worst-downturn-in-a-decade,"Semiconductor stocks experienced a significant downturn following Micron Technology Inc.'s warning of slowing demand, raising concerns about the industry heading into a prolonged slump. Analysts believe the sector is entering its worst downturn in a decade, affecting every company and end market. Despite recent shortages and investments, the rapid evaporation of demand has taken experts by surprise, with some companies like Micron already cutting future spending."
2022-08-09 23:20:00,Nasdaq closes lower as chipmaker Micron's warning renews tech rout,Reuters,0.704817,0.02966,https://www.reuters.com/markets/europe/sp-500-nasdaq-futures-slip-after-chipmaker-microns-warning-2022-08-09/,"The Nasdaq closed lower on Tuesday following a grim forecast from Micron Technology, which dragged down chip makers and tech stocks. Investors are now anticipating critical U.S. inflation data, which could influence the Federal Reserve's future interest rate decisions to curb inflation. High inflationary figures, especially after a strong jobs report last week, would likely halt any near-term easing of rate hikes and potentially stop the market's recent rally."
2022-08-08 21:52:00,Nvidia warns of lower second-quarter revenue on gaming weakness,Reuters,1.0,-0.332476,https://www.reuters.com/technology/nvidia-expects-second-quarter-revenue-drop-gaming-weakness-2022-08-08/,"Nvidia Corp warned of a 19% drop in second-quarter revenue from the prior quarter due to weakness in its gaming business, sending its shares down by about 8%. This follows similar warnings from other chipmakers and is attributed to consumers weighing purchases of discretionary items amidst economic concerns, as well as continued supply chain issues. The company expects to report overall Q2 revenue of approximately $6.70 billion, significantly below analyst estimates."
2022-08-07 09:07:42,Turbocharging Multi-Cloud Security and Application Delivery with VirtIO Offloading,NVIDIA Developer,0.889005,0.352263,https://developer.nvidia.com/blog/turbocharging-multi-cloud-security-and-application-delivery-with-virtio-offloading/,"This article details how F5 and NVIDIA are addressing inefficiencies in data centers caused by increased virtualization and software-defined architectures by offloading VirtIO to the NVIDIA BlueField-2 DPU. This approach provides optimal acceleration, domain isolation, and dynamic composability, significantly reducing CPU reliance while maintaining flexibility. A demonstration showcased a 320% improvement in throughput and a 66% reduction in processing time when using hardware acceleration with the NVIDIA BlueField-2 DPU compared to running VirtIO on the host."
2022-08-02 17:00:00,Arista Buys Pluribus Networks To Grow Cloud Networking Offering,CRN Magazine,0.433604,0.319292,https://www.crn.com/news/networking/arista-buys-pluribus-networks-to-grow-cloud-networking-offering,"Arista Networks has acquired Pluribus Networks to enhance its Converged Cloud Fabric offering and strengthen its partnership with Ericsson. This is Arista's second acquisition in the quarter, following Untangle, as it focuses on acquiring technology and talent that align with its culture to expand its cloud networking solutions and address lower-end security and edge threat management markets. The acquisition was disclosed as Arista reported surpassing $1 billion in quarterly revenue for the first time, despite ongoing global supply chain challenges."
2022-08-02 09:24:17,Micron 232-Layer TLC NAND in Volume Production,StorageNewsletter,0.613219,0.320248,https://www.storagenewsletter.com/2022/08/02/micron-232-layer-tlc-nand-in-volume-production/,"Micron Technology, Inc. has begun volume production of its first 232-layer NAND, which offers the highest areal density, increased capacity, and improved energy efficiency compared to previous generations. This new NAND technology delivers a 50% faster data transfer rate and up to 100% higher write bandwidth, making it suitable for data-intensive applications from client to cloud, including AI, ML, and cloud computing. The 232-layer NAND is produced in Micron's Singapore fab and is initially shipping to customers for component use and in its Crucial SSD consumer product line."
2022-09-29 06:30:00,ARK Invest CEO Cathie Wood’s tech bargain hunt,CMC Markets,0.857309,-0.177201,https://www.cmcmarkets.com/en-gb/opto/ark-invest-ceo-cathie-woods-tech-bargain-hunt,"Cathie Wood's ARK Invest continued its strategy of investing in tech stocks in September 2022, acquiring shares in companies like Nvidia and Adobe despite significant market downturns for these firms. The ARK Innovation ETF has seen substantial losses and outflows, but the firm is betting on a rebound in battered tech stocks. Additionally, there has been a management reshuffle within ARK Invest, with William Scherer taking over two ETFs and Brett Winton promoted to chief futurist."
2022-09-27 15:00:00,"How Arm conquered the chip market without making a single chip, with CEO Rene Haas",The Verge,0.839178,0.335424,https://www.theverge.com/23373371/arm-chips-chip-shortage-ceo-rene-haas-tech-intel-apple-decoder,"In this interview, Arm CEO Rene Haas discusses how Arm has become a central player in the tech ecosystem by designing chip instruction sets without manufacturing chips themselves. He explains Arm's licensing and royalty business model, its broad customer base including giants like Apple and Qualcomm, and how it is diversifying into cloud, automotive, and IoT markets. Haas also addresses the company's decision to go public, its role in navigating the chip shortage, and its competitive stance against x86 and RISC-V architectures."
2022-09-22 21:49:00,Chipmaker Qualcomm says automotive future business expands to $30 bln,Reuters,0.622502,0.259869,https://www.reuters.com/business/autos-transportation/chipmaker-qualcomm-says-automotive-future-business-expands-30-bln-2022-09-22/,"Qualcomm announced its automotive business pipeline has grown to $30 billion, an increase of over $10 billion since July, attributed to its Snapdragon Digital Chassis product. The company projects significant revenue growth in its automotive segment, from an estimated $1.3 billion in fiscal year 2022 to over $9 billion by fiscal year 2031, and aims for a total addressable market of $100 billion by 2030. Qualcomm also expanded its partnership with Mercedes Benz for in-car infotainment systems and addressed concerns about U.S. export regulations impacting its business in China."
2022-09-21 18:53:00,"Supermicro Delivers Second-Generation NVIDIA® OVX™ Computing System for 3D Collaboration, Metaverse, and Digital Twin Simulation, Powered by the New NVIDIA L40 GPU",PR Newswire,0.893709,0.392348,https://www.prnewswire.com/news-releases/supermicro-delivers-second-generation-nvidia-ovx-computing-system-for-3d-collaboration-metaverse-and-digital-twin-simulation-powered-by-the-new-nvidia-l40-gpu-301630347.html,"Supermicro has launched its second-generation NVIDIA OVX computing systems, powered by the new NVIDIA L40 GPU, designed to accelerate 3D collaboration, metaverse applications, and digital twin simulations. These servers are optimized for NVIDIA Omniverse Enterprise applications, offering advanced graphics, AI, and networking performance. The systems support up to eight NVIDIA L40 GPUs, ConnectX-7 SmartNICs, high-performance CPUs, and NVMe storage."
2022-09-21 18:36:49,"Supermicro Delivers Second-Generation NVIDIA® OVX™ Computing System for 3D Collaboration, Metaverse, and Digital Twin Simulation, Powered by the New NVIDIA L40 GPU",Supermicro,0.939789,0.368372,https://ir.supermicro.com/news/news-details/2022/Supermicro-Delivers-Second-Generation-NVIDIA-OVX-Computing-System-for-3D-Collaboration-Metaverse-and-Digital-Twin-Simulation-Powered-by-the-New-NVIDIA-L40-GPU/default.aspx,"Supermicro announced the release of its second-generation NVIDIA OVX computing system, powered by the new NVIDIA L40 GPU, designed for 3D collaboration, metaverse, and digital twin simulation. These new servers aim to provide the necessary graphics, AI, and network performance for building and operating immersive 3D virtual worlds at data center scale. The systems will support up to eight NVIDIA L40 GPUs, ConnectX-7 SmartNICs, and current/future CPU processors from Intel and AMD."
2022-09-21 18:16:00,"‘Moore’s Law’s dead,’ Nvidia CEO Jensen Huang says in justifying gaming-card price hike",MarketWatch,1.0,0.27751,https://www.marketwatch.com/story/moores-laws-dead-nvidia-ceo-jensen-says-in-justifying-gaming-card-price-hike-11663798618?gaa_at=eafs&gaa_n=AWEtsqcoO4fMge_UGX0SLsUU8V0BTV3mpp6HFGP7bFwUFzldUgnnGLvpqJ83&gaa_ts=69079e7f&gaa_sig=ymLVkyMyBFB7dogDVyR3K-hPtlYpan9CQ-v_S701_rkqTRJJP6Dp81pm1NJAWvSTPos1BdByOxZSEFknZIg-Wg%3D%3D,"Nvidia CEO Jensen Huang stated that ""Moore's Law is dead"" as he defended the price hike for the company's next-generation gaming cards, Ada Lovelace. He explained that silicon wafers are significantly more expensive to produce. Despite a softening in consumer demand, Huang anticipates a strong Q4 for Ada, citing high demand for their new chips."
2022-09-21 17:26:39,Shaping Kroger’s Self-Checkout of Tomorrow with AI and Edge Computing,Lenovo StoryHub,0.809994,0.352555,https://news.lenovo.com/shaping-krogers-self-checkout-of-tomorrow-ai-edge-computing/,"Kroger is enhancing its self-checkout experience and reducing stock losses by implementing Everseen’s Visual AI platform, powered by Lenovo’s AI retail solutions and NVIDIA Accelerated Computing AI Platform. This technology utilizes Edge AI servers and high-resolution cameras to detect and correct scanning errors, providing real-time insights and improving inventory management. The solution has been successfully piloted and is being rolled out across Kroger's stores, significantly reducing retail shrink and improving customer experience without extensive associate intervention."
2022-09-21 17:26:03,Kodiak Robotics relies on lightweight mapping for autonomous truck PNT,Inside GNSS,0.649343,0.380263,https://insidegnss.com/kodiak-robotics-relies-on-lightweight-mapping-for-autonomous-truck-pnt/,"Kodiak Robotics is developing autonomous truck technology for long-haul routes, focusing on a ""lightweight mapping"" approach that prioritizes reliability over high-definition mapping. The company has announced partnerships with Pilot Company and others to expand its service footprint, integrate its fourth-generation autonomous truck technology, and address the critical need for robust PNT solutions. Kodiak aims to integrate its self-driving software and hardware into production customer trucks by early 2025."
2022-09-21 16:32:00,Nvidia CEO sees 'large space' for China sales despite U.S. restrictions,Reuters,1.0,0.105677,https://www.reuters.com/technology/nvidia-ceo-sees-large-space-china-sales-despite-us-restrictions-2022-09-21/,"Nvidia CEO Jensen Huang stated that he still sees a large market for Nvidia's data center chips in China, despite U.S. export restrictions on two of its top chips (A100 and H100). Huang noted that the restrictions have specific performance thresholds that leave a ""large space"" for Nvidia's other products in the Chinese market, as the majority of their customers are not affected. He also indicated that Nvidia would seek licenses from the U.S. government for Chinese customers desiring the restricted high-end chips."
2022-09-21 11:12:00,Nvidia’s new AI-focused chip produces more realistic images in games,South China Morning Post,1.0,0.22657,https://www.scmp.com/tech/big-tech/article/3193230/nvidia-unveils-new-ai-focused-chip-rtx-4090-produces-realistic-images,"Nvidia Corp. has unveiled its new AI-focused graphics chip, the RTX 4090, which is designed to produce more realistic images in games by combining AI with traditional pixel calculations. The high-end chip, costing US$1,599, features 76 billion transistors and 24GB of memory, and will go on sale October 12, with other versions following in November. This launch aims to give customers a reason to upgrade amidst a slowdown in PC component demand."
2022-09-21 08:21:25,Logitech G Elevates Game Streaming By Unveiling Cloud First Handheld Gaming Device,Logitech International,0.612853,0.347193,https://ir.logitech.com/press-releases/press-release-details/2022/Logitech-G-Elevates-Game-Streaming-By-Unveiling-Cloud-First-Handheld-Gaming-Device/default.aspx,"Logitech G has launched the G CLOUD Gaming Handheld, a dedicated cloud gaming device developed in partnership with Tencent Games. This device is optimized for cloud streaming from Xbox Game Pass Ultimate and NVIDIA GeForce NOW, offering precision controls, a 1080p HD screen, and over 12 hours of battery life. It will be available in North America in October 2022 for a suggested retail price of $349.99, with a limited-time pre-order price of $299.99."
2022-09-20 17:56:10,"NVIDIA Unveils DRIVE Thor — Centralized Car Computer Unifying Cluster, Infotainment, Automated Driving, and Parking in a Single, Cost-Saving System",NVIDIA Newsroom,1.0,0.618018,https://nvidianews.nvidia.com/news/nvidia-unveils-drive-thor-centralized-car-computer-unifying-cluster-infotainment-automated-driving-and-parking-in-a-single-cost-saving-system,"NVIDIA announced DRIVE Thor, its next-generation centralized computer for autonomous vehicles, delivering up to 2,000 teraflops of performance. This superchip unifies intelligent functions like automated driving, parking, and infotainment into a single architecture, significantly reducing system cost and complexity. ZEEKR, a Geely-owned automaker, is the first customer, planning to integrate DRIVE Thor into its intelligent electric vehicles starting in early 2025."
2022-09-20 17:56:10,"NVIDIA Delivers Quantum Leap in Performance, Introduces New Era of Neural Rendering With GeForce RTX 40 Series",NVIDIA Newsroom,1.0,0.66971,https://nvidianews.nvidia.com/news/nvidia-delivers-quantum-leap-in-performance-introduces-new-era-of-neural-rendering-with-geforce-rtx-40-series,"NVIDIA unveiled its new GeForce RTX 40 Series GPUs, powered by the Ada Lovelace architecture and new DLSS 3 technology, promising up to 4x performance improvement for gamers and creators. The flagship RTX 4090 and two configurations of the RTX 4080 were introduced, alongside new features like neural rendering and RTX Remix for classic games. These advancements aim to redefine real-time ray tracing, AI-powered graphics, and creative workflows."
2022-09-20 17:26:45,"No Hang Ups With Hangul: KT Trains Smart Speakers, Customer Call Centers With NVIDIA AI",NVIDIA Blog,0.98827,0.397496,https://blogs.nvidia.com/blog/kt-large-language-models/,"South Korea's leading mobile operator, KT, is leveraging NVIDIA AI to enhance its smart speaker, GiGA Genie, and its AI Contact Center (AICC). By building billion-parameter large language models trained with the NVIDIA DGX SuperPOD platform and NeMo framework, KT has significantly improved language understanding and conversational skills in the complex Korean language, as well as reduced consultation times in their customer service platform. This advancement allows GiGA Genie to offer more human-like interactions and AICC to efficiently manage over 100,000 calls daily."
2022-09-20 08:37:28,Supermicro Expands Its NVIDIA-Certified Server Portfolio with New NVIDIA H100 Optimized GPU Systems; New Servers Boost AI Training Performance by up to 9x,Supermicro IR,0.894039,0.427138,https://ir.supermicro.com/news/news-details/2022/Supermicro-Expands-Its-NVIDIA-Certified-Server-Portfolio-with-New-NVIDIA-H100-Optimized-GPU-Systems-New-Servers-Boost-AI-Training-Performance-by-up-to-9x/default.aspx,"Supermicro has expanded its NVIDIA-Certified Server portfolio with over 20 new systems optimized for NVIDIA H100 Tensor Core GPUs, offering performance gains of up to 9x for AI training. These new servers, available in various form factors, leverage the NVIDIA H100 PCIe and SXM GPUs to accelerate AI/ML, HPC, and inferencing workloads. The systems also include NVIDIA AI Enterprise software for simplified AI development and deployment, promising significant performance improvements and reduced costs for businesses."
2022-09-20 08:27:15,"NVIDIA DRIVE Thor Strikes AI Performance Balance, Uniting AV and Cockpit on a Single Computer",NVIDIA Blog,1.0,0.41627,https://blogs.nvidia.com/blog/drive-thor/,"NVIDIA has unveiled DRIVE Thor, a new automotive-grade system-on-a-chip (SoC) designed for autonomous vehicles, targeting 2025 models. This SoC provides 1,000 teraflops of performance and consolidates various vehicle functions like digital cluster, infotainment, and assisted driving onto a single AI computer. DRIVE Thor also incorporates a transformer engine for improved deep neural network accuracy and supports multi-domain computing for efficient task partitioning."
2022-09-20 08:27:15,NVIDIA Introduces DLSS 3 With Breakthrough AI-Powered Frame Generation for up to 4x Performance,NVIDIA Newsroom,1.0,0.289714,https://nvidianews.nvidia.com/news/nvidia-introduces-dlss-3-with-breakthrough-ai-powered-frame-generation-for-up-to-4x-performance,"NVIDIA has introduced DLSS 3, an AI-powered performance multiplier that leverages neural rendering to significantly boost frame rates by up to 4x compared to brute-force rendering, while maintaining image quality. This technology, powered by new fourth-generation Tensor Cores and an Optical Flow Accelerator on GeForce RTX 40 Series GPUs, generates entire new frames using AI, even benefiting CPU-limited games. Over 35 games and applications, including major titles and game engines like Unity and Unreal Engine, are slated to support DLSS 3."
2022-09-20 08:27:15,NVIDIA and Booz Allen Hamilton Expand Partnership to Bring AI-Enabled Cybersecurity to Public and Private Sectors,NVIDIA Newsroom,1.0,0.530685,https://nvidianews.nvidia.com/news/nvidia-and-booz-allen-hamilton-expand-partnership-to-bring-ai-enabled-cybersecurity-to-public-and-private-sectors,"NVIDIA and Booz Allen Hamilton have expanded their partnership to deliver an AI-enabled, GPU-accelerated cybersecurity platform to public and private sector clients. This platform leverages NVIDIA Morpheus and Booz Allen's Cyber Precog to detect and address cybersecurity threats rapidly, even in resource-constrained environments. The collaboration focuses on providing advanced analytical capabilities at the edge, significantly boosting data ingestion, AI training, and inference speeds compared to CPU-only systems."
2022-09-20 08:27:15,NVIDIA Expands Large Language Models to Biology,NVIDIA Blog,1.0,0.428565,https://blogs.nvidia.com/blog/bionemo-large-language-models-drug-discovery/,"NVIDIA has introduced the BioNeMo framework at GTC, which aims to accelerate drug discovery by enabling scientists to train and deploy large biomolecular language models. This framework, part of the NVIDIA Clara Discovery suite, supports various biological data formats like chemistry, protein, DNA, and RNA, helping researchers uncover new insights into biological sequences and their functions. Leading pharmaceutical companies, biotech startups, and research institutions are adopting BioNeMo to create AI applications for generating, predicting, and understanding biomolecular data."
2022-09-19 21:52:28,HOLO Stock Price and Chart — NASDAQ:HOLO,TradingView,0.639109,-0.289907,https://www.tradingview.com/symbols/NASDAQ-HOLO/,"This article provides a detailed overview of MicroCloud Hologram Inc. (HOLO) stock, including its current price, historical performance, key financial statistics, and company information. It also features a collection of trading ideas and technical analysis indicators for investors interested in HOLO. The company specializes in holographic technology and is headquartered in New York, NY."
2022-09-16 18:46:00,Direxion Semiconductor (SOXL) Stock Is Down 83%. What’s Next?,AskTraders.com,0.569256,-0.123737,https://www.asktraders.com/analysis/direxion-semiconductor-soxl-stock-is-down-83-whats-next/,"The Direxion Daily Semiconductor Bull 3X Shares (SOXL) ETF has plummeted 83% this year, exhibiting a head and shoulders pattern, which typically signals further losses. Despite this, the ETF has reached a significant support level, potentially setting the stage for a rally. However, investors are cautioned about the risks associated with leveraged ETFs like SOXL, which aim for a 3X daily return of the ICE Semiconductor Index and can amplify both gains and losses."
2022-09-13 18:36:49,Supermicro Announces 8U H100 HGX Server,Supermicro,0.881298,0.365409,https://www.supermicro.com/en/pressreleases/supermicro-adds-new-8u-universal-gpu-server-delivers-maximum-performance-and,"Supermicro has announced its new 8U Universal GPU Server, incorporating eight NVIDIA H100 Tensor Core GPUs, designed for large-scale AI training, NVIDIA Omniverse, and Metaverse applications. This server increases AI performance with improved thermal density, enabling lower power consumption and operation at higher data center temperatures, while supporting both current and next-generation CPUs and GPUs. The company is expanding its leading GPU server lineup with this addition, offering flexibility with front and rear I/O, AC or DC power support, and liquid cooling options."
2022-09-13 09:20:00,MicroVision's Lidar Solution Supported on NVIDIA DRIVE Autonomous Vehicle Platform,Stock Titan,0.930399,0.547779,https://www.stocktitan.net/news/MVIS/micro-vision-s-lidar-solution-supported-on-nvidia-drive-autonomous-7g9rxj8g2vo8.html,"MicroVision announced that its MAVIN DR lidar system is now supported on the NVIDIA DRIVE AGX platform, enabling true highway-pilot functionality for OEMs. This integration aims to accelerate the adoption of advanced safety features in vehicles by providing high-resolution sensor technology with low latency. The MAVIN DR system is also supported on the NVIDIA DRIVE Sim simulation platform for development and validation."
2022-09-13 08:37:28,"Supermicro Adds New 8U Universal GPU Server That Delivers Maximum Performance and Flexibility for Large Scale AI Training, NVIDIA® Omniverse, and Metaverse",Supermicro,0.896706,0.226334,https://ir.supermicro.com/news/news-details/2022/Supermicro-Adds-New-8U-Universal-GPU-Server-That-Delivers-Maximum-Performance-and-Flexibility-for-Large-Scale-AI-Training-NVIDIA-Omniverse-and-Metaverse/default.aspx,"Supermicro has launched a new 8U Universal GPU server designed for large-scale AI training, NVIDIA Omniverse, and the Metaverse. This server features eight NVIDIA H100 Tensor Core GPUs, offering maximum performance and flexibility. Its advanced airflow design helps reduce Power Usage Effectiveness (PUE) in data centers while maintaining high performance."
2022-09-12 08:19:30,US-China chip war is overheating,Economy Middle East,0.712199,-0.30785,https://economymiddleeast.com/news/us-china-chip-war-is-overheating/,"The Biden administration plans to expand restrictions on U.S. semiconductor and chipmaking tool exports to China, targeting advanced AI chips and manufacturing equipment. These new regulations will codify earlier limitations imposed on companies like KLA Corp, Lam Research Corp, Applied Materials Inc, Nvidia Corp, and Advanced Micro Devices. The move is part of the U.S. strategy to curb China's technological advancements and strengthen its domestic semiconductor industry through initiatives like the $50 billion CHIPS Act."
2022-09-01 16:39:00,Nvidia could take a $400M revenue hit from new government restrictions on AI chips,The Business Journals,0.319858,0.023834,https://www.bizjournals.com/sanjose/news/2022/09/01/government-restrictions-set-to-cost-nvidia-400m.html,New government restrictions on the sale of AI chips to China could cost Nvidia an estimated $400 million in revenue. Both Nvidia and AMD are facing these limitations on their ability to sell advanced data center chips in the Chinese market.
2022-09-01 08:27:15,Nvidia says U.S. government allows A.I. chip development in China,CNBC,1.0,-0.263186,https://www.cnbc.com/2022/09/01/nvidia-says-us-government-allows-ai-chip-development-in-china.html,"Nvidia confirmed that the U.S. government has permitted it to continue developing its H100 artificial intelligence chip in China, despite new export restrictions on high-performance AI chips to the region. The restrictions, which still ban sales of the A100 and H100 chips to China and Russia, are expected to cost Nvidia $400 million in revenue for the current quarter. Developing the H100 in China is allowed, and Nvidia can ship existing AI chips from Hong Kong until September 2023."
2022-08-31 17:56:11,Nvidia Warns of Sales Hit From New U.S. Chip Licensing Requirements for China,The Wall Street Journal,0.305786,0.008764,https://www.wsj.com/tech/nvidia-warns-of-sales-hit-from-new-u-s-chip-licensing-requirements-for-china-11661984074?gaa_at=eafs&gaa_n=AWEtsqfqlG9S2g3O4HajcjKd5sEyh_1basBcJJOuZkOuhHFtY13P7-IJPDHc&gaa_ts=69079e73&gaa_sig=_zPmf-s4AbchiY58eAfJ2lLX3cE9BvCYyfLYeDfSPIKC3bnuRMirGNyJouOBnwByLZdHfmEz0XlwyRPEpjlAQg%3D%3D,Nvidia Corp. announced that new U.S. licensing requirements for shipping advanced chips to China could result in a loss of up to $400 million in quarterly sales. The company was notified on Friday that it would need a license from the U.S. government for certain cutting-edge chip sales to China and Russia. This development follows President Biden's recent signing of the Chips and Science Act of 2022.
2022-08-30 12:07:00,Gaming industry advancing development of virtual ecosystem: Co-Founder of Roundhill Ball Metaverse ETF,CNBC,0.606312,0.178754,https://www.cnbc.com/video/2022/08/30/gaming-industry-advancing-development-of-virtual-ecosystem-co-founder-of-roundhill-ball-metaverse-etf.html,"Matthew Ball, CEO and Co-Founder of the Roundhill Ball Metaverse ETF, discusses the progress of the gaming industry in developing a virtual ecosystem. The discussion covers the future of virtual real estate companies, the capabilities of 3D rendering, and the practical aspects of building a virtual world."
2022-08-29 20:56:00,AMD launching what it claims is ‘fastest processer in the world for gaming’ in September,MarketWatch,0.64546,0.179517,https://www.marketwatch.com/story/amd-claims-its-launching-fastest-processer-in-the-world-for-gaming-in-september-11661820971?gaa_at=eafs&gaa_n=AWEtsqfV7JpU3g-9ciK5pQRdAacx7T9b6fXVG4WkS47T0LY_ynr8_q6gxYyk&gaa_ts=699ac6d6&gaa_sig=TJSL8c1zFt-4Csbe5SvDgTMkIk72_VLzIhkAhh5mkE8zDnvU0ud9dAK17TwT1mGrYP-7m87qS5VRe23-GpinWA%3D%3D,"AMD announced the launch of its new Ryzen 7000 series gaming processors, touted as the ""fastest processor in the world for gaming"" by CEO Lisa Su. The processors are based on a 5-nanometer Zen 4 core architecture. This release comes amidst a challenging period for PC sales, with the low-end Ryzen 5 7600x model priced at $299."
2022-08-25 11:08:00,AMD Set To Become TSMC’s Second Largest 5nm Customer Courtesy Of Ryzen 7000,Wccftech,0.619835,0.02434,https://wccftech.com/amd-set-to-become-tsmcs-second-largest-5nm-customer-courtesy-of-ryzen-7000/,"AMD is projected to become TSMC's second-largest customer for 5nm technology, primarily driven by its upcoming Ryzen 7000 series processors. These new CPUs, including desktop, notebook, and datacenter variants, will extensively utilize TSMC's 5nm process node. This increased demand will solidify AMD's position as a major client for the Taiwanese chip manufacturer, second only to Apple."
2022-08-24 16:45:00,"Nvidia sales forecast falls about $1 billion short of expectations, stock falls",MarketWatch,0.300766,0.00416,https://www.marketwatch.com/story/nvidia-sales-forecast-falls-about-1-billion-short-of-wall-street-expectations-11661373933?gaa_at=eafs&gaa_n=AWEtsqdL2VRhiXz7WrnGn8q3GD2oKMIOW2HGMg1vjnXHB0VfFLO5KYZwpqhM&gaa_ts=69079e73&gaa_sig=OBM1PeDUmj3ZwPMmK94X9cjSV99NdV3Y4JbJvncOJbg-RunRyExVmaAPBqeOpNoJtoptUPgbgk8o3MGDD-8XLA%3D%3D,"Nvidia's sales forecast for the current quarter fell approximately $1 billion short of analyst expectations, leading to a drop in its stock. The company confirmed a sharp reduction in profit and is working through inventory before releasing its new chip architecture. For the fiscal third quarter, Nvidia predicted revenue between $5.78 billion to $6.02 billion, while analysts had projected $6.91 billion."
2022-08-22 09:15:59,Intel shares new details about upcoming Meteor Lake processor series,SiliconANGLE,0.611583,0.21764,https://siliconangle.com/2022/08/22/intel-shares-new-details-upcoming-meteor-lake-processor-series/,"Intel has revealed new technical details about its upcoming Meteor Lake processor series, which will utilize chiplet technology for desktop and laptop CPUs. These processors will feature five chiplets, with the primary CPU module manufactured by Intel and other vital components like the GPU and I/O module produced by TSMC. This chiplet architecture allows for greater flexibility in design, improved manufacturing efficiency, and better performance through 3D stacking with Intel's Foveros technology."
2022-08-18 09:32:08,Report: Qualcomm plans to return to the server chip market,SiliconANGLE,0.594053,0.081356,https://siliconangle.com/2022/08/18/report-qualcomm-plans-return-server-chip-market/,"Qualcomm Inc. is reportedly planning to re-enter the server chip market four years after exiting it, seeking customers for a new server processor. This new processor is based on technology acquired from Nuvia Inc. for $1.4 billion and is being evaluated by Amazon Web Services Inc. The move aligns with Qualcomm's strategy to expand beyond mobile and boost revenue, potentially increasing competition for Intel Corp. and Advanced Micro Devices Inc."
2022-08-17 09:20:49,Lam Research to open its second R&D centre in India,www.varindia.com,0.644691,0.394926,https://www.varindia.com/news/lam-research-to-open-its-second-rd-centre-in-india,"US-based semiconductor equipment supplier Lam Research is establishing its second R&D center in India in September, aiming to enable local design completion and reduce reliance on its US counterparts. The new facility will feature an advanced hardware engineering lab for deposition, etching, and wet processing, alongside AR/VR capabilities. This expansion underscores India's growing importance in the semiconductor design ecosystem, despite the manufacturing sector being in its early stages."
2022-08-10 08:50:28,AMD Stock Is a Bargain,Morningstar,0.731638,0.071158,https://www.morningstar.com/stocks/amd-stock-is-bargain,"Morningstar considers AMD stock a bargain with a fair value estimate of $130 per share, giving it a 4-star rating and a narrow economic moat. The company is praised for its impressive growth, market share gains against Intel, and strong execution in new chip designs, especially in the data center and PC markets. However, high uncertainty remains due to the cyclical semiconductor industry and AMD's smaller scale compared to Intel and Nvidia."
2022-08-09 09:26:54,"NVIDIA Announces Major Release of Omniverse With New USD Connectors and Tools, Simulation Technologies and Developer Frameworks",NVIDIA Newsroom,1.0,0.549284,https://nvidianews.nvidia.com/news/nvidia-announces-major-release-of-omniverse-with-new-usd-connectors-and-tools-simulation-technologies-and-developer-frameworks,"NVIDIA has announced a major update to its Omniverse platform, introducing new developer frameworks, tools, apps, and plugins designed to build and connect metaverse worlds. These enhancements include AI-powered tools like Omniverse Avatar Cloud Engine, DeepSearch, and NeuralVDB, along with 11 new USD Connectors to integrate with leading 3D applications and CAD software. The updates aim to simplify virtual world creation and foster collaboration across industries, bridging the physical and virtual realms."
2022-08-09 09:26:54,NVIDIA and Partners Build Out Universal Scene Description to Accelerate Industrial Metaverse and Next Wave of AI,NVIDIA Newsroom,0.31537,0.024155,https://nvidianews.nvidia.com/news/nvidia-and-partners-build-out-universal-scene-description-to-accelerate-industrial-metaverse-and-next-wave-of-ai,"NVIDIA, in collaboration with Pixar, Adobe, Autodesk, Siemens, and other industry leaders, is launching a multi-year initiative to expand Universal Scene Description (USD) as a foundational language for the open metaverse and 3D internet. The effort aims to extend USD's capabilities beyond visual effects to support industrial applications like architecture, engineering, manufacturing, robotics, and digital twins, introducing features such as international character support, geospatial coordinates, and real-time IoT data streaming. NVIDIA is also providing open-source resources, a compatibility testing suite, and developing USD plugins for popular 3D software to accelerate its adoption across various industries."
2022-08-09 06:19:00,Cathie Wood sells Block shares to double down on Nvidia,The Block,0.825775,-0.039019,https://www.theblock.co/post/162357/cathie-wood-sells-block-shares-to-double-down-on-nvidia,"Ark Invest, led by Cathie Wood, sold over $20 million worth of Block (SQ) shares and simultaneously purchased over $65 million worth of Nvidia (NVDA) shares across three of its funds. This move follows Ark's previous decision to exit PayPal (PYPL) to bet on Block, and comes amidst macroeconomic turbulence causing significant losses in various asset classes, including Block and Bitcoin. Ark also recently sold Coinbase (COIN) shares due to regulatory uncertainty."
2022-08-08 16:52:00,"Nvidia is hit by another ‘crypto hangover,’ and that isn’t the only problem",MarketWatch,1.0,-0.25618,https://www.marketwatch.com/story/nvidia-is-hit-by-another-crypto-hangover-and-that-isnt-the-only-problem-11659991965?gaa_at=eafs&gaa_n=AWEtsqeW-cx0JDHRHV3Ks0Ewpgy6BD9JozhLHTJzK5rnnK0qpmuCnHG9JYFw&gaa_ts=69079e81&gaa_sig=N3reemoQ7fRSkIUEelQCOA4MustJFnNvNaSAlRZNSZD7PsWNBz7mGgDdJ1Q9p1gg40nFD-oMmYChTH_MhwzWRw%3D%3D,"Nvidia is facing a ""crypto hangover"" and other issues as the pandemic-era booms in PC sales, videogames, and cryptocurrency decline. The company warned of a $1.4 billion revenue shortfall due to weak gaming equipment sales and excess inventory. Nvidia's stock fell 6.3% on the news, reflecting broader concerns about multiple challenges impacting its core business."
2022-08-08 09:26:54,Nvidia Warns of Sales Shortfall as Gaming Revenue Drops,The Wall Street Journal,1.0,-0.637047,https://www.wsj.com/business/earnings/nvidia-warns-of-sales-shortfall-as-gaming-revenue-drops-11659969222?gaa_at=eafs&gaa_n=AWEtsqdgPgIzL-P0Bg_fq9LKORdBUlvgjOOrn9aiH8cMn8h3zUMeR-kgH-CB&gaa_ts=699acf61&gaa_sig=EwZn58qVhQiOJVwg9E03J5kQ_n_5wbzVSzaL5-lAcDsB6hiT7NZGVlPnsbdnXhhtQeTbWj-JNHWzBaQWbX4OdQ%3D%3D,"Nvidia Corp. announced a significant sales shortfall for the quarter ending July 31, expecting revenue of $6.7 billion, which is 17% below its May forecast. This reduction is primarily due to a 33% drop in gaming revenue, signaling a potential slowdown in the computer chip market after a pandemic-era boom. The company's stock experienced a decline following this announcement."
2022-08-03 20:47:00,Pelosi’s Taiwan trip puts the world's biggest chipmaker back in the spotlight of U.S.-China rivalry,CNBC,0.632077,-0.09879,https://www.cnbc.com/2022/08/04/pelosi-taiwan-visit-puts-tsmc-back-in-spotlight-of-us-china-rivalry.html,"Nancy Pelosi's visit to Taiwan brought renewed attention to the island's critical role in the global chip supply chain, specifically highlighting Taiwan Semiconductor Manufacturing Co. (TSMC), a key manufacturer for tech giants like Apple and Nvidia. The visit underscored the strategic importance of semiconductors to U.S. national security and its rivalry with China. TSMC's dominance in the foundry market and the ongoing U.S. efforts to boost domestic chip manufacturing and secure supply chains were central themes, with concerns about China's potential actions towards Taiwan posing a significant risk to the global chip market."
2022-08-02 09:32:09,UCIe™ (Universal Chiplet Interconnect Express™) Consortium Announces Incorporation and New Board Members; Open for Membership,Business Wire,0.903311,0.549642,https://www.businesswire.com/news/home/20220802005203/en/UCIe-Universal-Chiplet-Interconnect-Express-Consortium-Announces-Incorporation-and-New-Board-Members-Open-for-Membership,"The UCIe™ (Universal Chiplet Interconnect Express™) Consortium has officially incorporated and announced new board members, including Alibaba and NVIDIA, joining founding members like ASE, AMD, Intel, and Samsung. The consortium aims to advance the UCIe specification to create a universal and interoperable chiplet ecosystem, with the UCIe 1.0 specification already available for download. They are actively seeking new members to contribute to the development of future specifications."
2022-07-28 10:29:22,"Enabling Enterprise Cybersecurity Protection with a DPU-Accelerated, Next-Generation Firewall",NVIDIA Developer,0.914111,0.354277,https://developer.nvidia.com/blog/enabling-enterprise-cybersecurity-protection-with-a-dpu-accelerated-next-generation-firewall/,"NVIDIA and Palo Alto Networks have collaborated to enhance cybersecurity by accelerating VM-Series Next Generation Firewalls (NGFW) using NVIDIA's BlueField Data Processing Unit (DPU). This partnership provides a 5x performance boost and significant CapEx savings by offloading packet inspection from host CPUs to the DPU. The joint solution includes an Intelligent Traffic Offload (ITO) service that optimizes firewall resources, ensuring deep security inspection only for necessary payload flows, thereby improving efficiency and enabling comprehensive zero-trust protection across all hosts."
2022-07-28 10:27:21,Pony.ai Express: New Autonomous Trucking Collaboration Powered by NVIDIA DRIVE Orin,NVIDIA Blog,1.0,0.447356,https://blogs.nvidia.com/blog/pony-ai-sany-autonomous-trucking-drive-orin/,"Pony.ai and SANY Heavy Truck, China's largest heavy equipment manufacturer, have partnered to develop level 4 autonomous trucks using NVIDIA DRIVE Orin. The collaboration aims to address the rapidly growing package delivery market and driver shortages, with small-scale deliveries starting this year and mass production by 2024. The venture plans to produce approximately 10,000 trucks annually, leveraging NVIDIA DRIVE Orin's high-performance compute capabilities for safe and efficient autonomous operations."
2022-07-27 10:31:03,Pony.ai and SANY Establish Joint Venture to Develop Next Generation of Autonomous Trucks for Mass Production,Business Wire,0.715191,0.741492,https://www.businesswire.com/news/home/20220727006184/en/Pony.ai-and-SANY-Establish-Joint-Venture-to-Develop-Next-Generation-of-Autonomous-Trucks-for-Mass-Production,"Pony.ai and SANY Heavy Truck have formed a strategic joint venture to develop and mass-produce next-generation Level 4 autonomous trucks. The collaboration aims to integrate Pony.ai's autonomous driving technology with SANY's heavy truck manufacturing expertise, with small-scale deliveries planned for 2022-2023 and mass production targeting 10,000 units annually by 2024. This partnership is expected to create a sophisticated intelligent logistics ecosystem, enhance road safety, reduce costs, and significantly lower greenhouse gas emissions by focusing on new energy vehicles."
2022-07-27 10:26:31,Nomura Malaysia launches Global Shariah Semiconductor Equity Fund,bernama,0.622197,0.335012,https://www.bernama.com/en/news.php?id=2104383,"Nomura Asset Management Malaysia Sdn Bhd has launched its Global Shariah Semiconductor Equity Fund to provide investors access to the rapidly expanding semiconductor sector, driven by global digitalisation trends and the rollout of 5G networks. The fund aims to capitalize on the increasing demand for semiconductor chips by focusing on high-growth potential Shariah-compliant companies with strong financials and intellectual property. This fund is the first of its kind in Malaysia, with Nomura Asset Management UK Ltd acting as the investment adviser."
2022-07-27 09:53:08,Arm: Business Strategy—SoftBank Group Report 2022,ソフトバンクグループ株式会社,0.615069,0.402221,https://group.softbank/en/ir/financials/annual_reports/2022/message/arm,"This article details Arm's business strategy as presented in the SoftBank Group Report 2022. It covers Arm's role as a global leader in semiconductor technology, its licensing business model, and strategic investments in R&D to maintain market leadership and expand into new areas like autonomous vehicles and IoT. The report highlights significant growth in both technology royalty and non-royalty revenues in fiscal 2021 and discusses the leadership transition with Rene Haas appointed as CEO."
2022-07-25 10:17:08,Intel to produce chips for MediaTek as part of new partnership,SiliconANGLE,0.565304,0.358061,https://siliconangle.com/2022/07/25/intel-produce-chips-mediatek-part-new-partnership/,"Intel will manufacture chips for MediaTek, a Taiwan-based semiconductor maker, as part of a new partnership announced today. MediaTek, a fabless chip designer, will use Intel's manufacturing facilities to produce chips for various ""smart edge devices"" using Intel's 16 manufacturing process. This deal is a significant achievement for Intel's Intel Foundry Services (IFS) business, which was established last year to produce chips for other companies based on their custom designs."
2022-07-19 10:27:21,Rescale integrates Nvidia’s AI software to power digital twins for the industrial metaverse,SiliconANGLE,1.0,0.409965,https://siliconangle.com/2022/07/19/rescale-integrates-nvidias-containerized-ai-software-power-digital-twins-industrial-metaverse/,"Rescale Inc. has integrated Nvidia's AI software into its platform to simplify the creation of digital twins for industrial applications, supporting the development of the ""industrial metaverse."" This partnership allows Rescale customers to access GPU-optimized software, including Nvidia's NGC Catalog and Modulus neural network platform, enhancing the physical accuracy of digital twins with AI-assisted engineering. The collaboration aims to accelerate innovation by providing engineers and scientists a robust foundation for building and testing designs virtually, as exemplified by Hankook Tire's use of Rescale's technology."
2022-10-12 13:00:00,Polestar 3 is the SUV for the electric age,PR Newswire,0.62675,0.220457,https://www.prnewswire.com/news-releases/polestar-3-is-the-suv-for-the-electric-age-301646855.html,"Polestar officially unveiled the Polestar 3, an electric performance SUV designed with Scandinavian minimalism and powerful dynamics, targeting the electric vehicle market. It features a dual-motor configuration with up to 517 hp, a 111 kWh battery offering a 300-mile EPA range, and advanced safety and infotainment systems. Production is planned in China starting mid-2023, with additional manufacturing in the US by mid-2024, and initial pricing starts at USD 83,900."
2022-12-29 19:39:00,Sales of computer graphics cards slump to lowest level in two decades,SiliconANGLE,0.990898,-0.238146,https://siliconangle.com/2022/12/29/sales-computer-graphics-cards-slump-lowest-level-two-decades/,"Sales of computer graphics cards hit a 20-year low in Q3 2022 due to a global economic slowdown and the impact of the Ethereum merge on cryptocurrency mining. Major chipmakers like AMD and Nvidia experienced significant declines in discrete desktop GPU shipments, with AMD particularly hard hit. Despite the slump, new high-end GPU launches and Intel's entry into the market (grabbing a 4% share) offer potential for future sales boosts."
2022-12-27 17:46:32,Micron Technology Sees Chip Recovery by the End of 2023,Entrepreneur,0.627117,-0.155131,https://www.entrepreneur.com/finance/micron-technology-sees-chip-recovery-by-the-end-of-2023/441919?ocid=wispr,"Micron Technology Inc. stock has fallen significantly in 2022 due to weak demand for DRAM chips and an oversupply in the market. Despite a challenging fiscal Q1 2023 with missed earnings and lowered guidance, Micron expects improving customer inventories to lead to increased revenue in the fiscal second half of 2023. Analysts have revised their ratings and price targets, with some maintaining overweight or buy ratings despite the current downturn."
2022-12-21 05:47:09,Supermicro targets cloud-native workloads with new Arm-based Mt. Hamilton servers,SiliconANGLE,0.613853,0.359161,https://siliconangle.com/2022/12/21/supermicro-targets-cloud-native-workloads-new-arm-based-mt-hamilton-servers/,"Super Micro Computer Inc. has announced an expanded lineup of Arm-based servers, dubbed Mt. Hamilton, powered by Ampere Computing LLC’s Altra and Altra Max processors. These new MegaDC servers are designed for cloud-native workloads, offering high performance per watt for applications like cloud gaming, video-on-demand, and infrastructure-as-a-service. Leveraging a single motherboard design and featuring Ampere's Arm-based CPUs with up to 128 cores, Supermicro aims to provide customers with more choices for scalable, low-latency applications."
2022-12-18 15:08:56,NVDL Stock Fund Price and Chart — NASDAQ:NVDL,TradingView,0.89254,0.079842,https://www.tradingview.com/symbols/NASDAQ-NVDL/,"This article provides detailed information about the GraniteShares 2x Long NVDA Daily ETF (NVDL), including its current price, performance metrics, key statistics like AUM and expense ratio, and issuer details. It also offers insights into the fund's investment strategy, classification, and answers frequently asked questions about ETFs. The analysis presents a comprehensive overview for potential investors."
2022-12-07 05:10:42,"Nvidia and Deutsche Bank team up to deliver enhanced, AI-powered financial services",SiliconANGLE,0.961897,0.505889,https://siliconangle.com/2022/12/07/nvidia-deutsche-bank-team-deliver-enhanced-ai-powered-financial-services/,"Nvidia and Deutsche Bank have announced a multiyear ""innovation partnership"" to accelerate the use of AI and machine learning in financial services. This collaboration aims to develop regulatory-compliant, AI-powered services, enhance risk model development, and accelerate Deutsche Bank's digital transformation. They will also explore AI for immersive metaverse experiences and advanced data analytics using ""Finformers"" to identify risks like fraud."
2022-12-05 05:31:12,Lattice Extends Low Power Leadership with New Lattice Avant FPGA Platform,Business Wire,0.559162,0.323895,https://www.businesswire.com/news/home/20221205005005/en/Lattice-Extends-Low-Power-Leadership-with-New-Lattice-Avant-FPGA-Platform,"Lattice Semiconductor has launched Lattice Avant, a new FPGA platform designed to extend its low-power leadership into mid-range FPGAs. This platform offers enhanced power efficiency, advanced connectivity, and optimized computing capabilities, targeting applications in Communications, Computing, Industrial, and Automotive markets. The Avant platform, beginning with the Avant-E family, aims to double Lattice's addressable market and accelerate customer designs with superior power efficiency and performance."
2022-12-04 05:26:25,Intel says it will squeeze 1 trillion transistors onto a chip package by 2030,SiliconANGLE,0.628526,0.254832,https://siliconangle.com/2022/12/04/intel-says-will-squeeze-1-trillion-transistors-onto-chip-package-2030/,"Intel's researchers have revealed innovations in chip packaging that could lead to chips with over a trillion transistors by 2030, significantly extending Moore's Law. This development would result in computer chips ten times more powerful than current advanced silicon. The company aims to address the increasing demand for computing power driven by data consumption and AI."
2022-11-30 06:34:19,Qubit Pharmaceuticals Accelerates Drug Discovery With Hybrid Quantum Computing,NVIDIA Blog,1.0,0.465199,https://blogs.nvidia.com/blog/qubit-pharmaceuticals-accelerates-drug-discovery-quantum-computing/,"Qubit Pharmaceuticals is leveraging hybrid quantum computing, combining classical and quantum computing, to significantly accelerate drug discovery. The company uses NVIDIA's QODA programming model and their Atlas software to simulate drug molecules, aiming to reduce the time and cost of identifying promising treatments for various diseases. This approach seeks to bring down the number of drug compounds needed for preclinical testing, saving substantial time and money in the pharmaceutical development process."
2022-11-18 06:34:19,"Nvidia beats revenue estimates, reassures investors",Taipei Times,1.0,0.047694,https://www.taipeitimes.com/News/biz/archives/2022/11/18/2003789130,"Nvidia reported better-than-expected revenue for the fiscal third quarter, driven by strong demand for its AI and data-center chips, despite a slowdown in the PC market and challenges in China. The company's data center unit saw a 31% sales increase, offsetting a 51% drop in its gaming business. Although the fourth-quarter outlook was slightly below some estimates, it was sufficient to alleviate investor concerns, with CEO Jensen Huang acknowledging ongoing macroeconomic difficulties and COVID-19 restrictions in China."
2022-11-17 06:35:41,"OSS, TMGcore debut a liquid-immersion cooled transportable supercomputer featuring Nvidia GPUs",Edge Industry Review,0.815368,0.359325,https://www.edgeir.com/oss-tmgcore-debut-a-liquid-immersion-cooled-transportable-supercomputer-featuring-nvidia-gpus-20221117,"One Stop Systems (OSS) and TMGcore have collaborated to launch a new two-phase liquid immersion-cooled version of the OSS Rigel Edge Supercomputer, designed for AI Transportable applications. This supercomputer, featuring Nvidia GPUs, offers efficiency, compactness, ruggedness, and high performance by using a unique immersion cooling technology that removes heat through liquid boiling, eliminating the need for fans and heatsinks. This innovation results in a smaller, more robust system with reduced power consumption and noise, ideal for autonomous vehicles, edge computing, and robotic process automation."
2022-11-17 06:28:37,"Lockheed Martin, NVIDIA to Build Digital Twin of Current Global Weather Conditions for the National Oceanic and Atmospheric Administration",NVIDIA Newsroom,0.964492,0.440241,https://nvidianews.nvidia.com/news/lockheed-martin-nvidia-digital-twin-for-noaa,"Lockheed Martin and NVIDIA are collaborating to create an AI-driven Earth Observations Digital Twin for the National Oceanic and Atmospheric Administration (NOAA). This system will efficiently monitor global environmental conditions, including extreme weather, by fusing data from various space and Earth-based sensors. The project aims to provide NOAA with a high-resolution, accurate, and timely depiction of global conditions to improve weather predictions and understanding of environmental changes."
2022-11-16 17:56:11,Chip Maker Nvidia Issues Tepid Earnings Forecast as Videogaming Business Slows,The Wall Street Journal,0.30075,0.014552,https://www.wsj.com/articles/nvidia-nvda-q3-earnings-report-2023-11668636320?gaa_at=eafs&gaa_n=AWEtsqcM-HPvYM-WCPASRH4hb0KDUQ_hUGym0cqpwpvZjK4pskkOBtxU73FX&gaa_ts=69079e73&gaa_sig=Y-LCA3j6kQbL9WLZqUW9aKnbM_s5zdmTrC5yzwoRl3shz1PK-jCSHAUwWulwm9yfUZAUUAXx5qewl05A4VRxjg%3D%3D,"Nvidia Corp. issued a muted earnings outlook and reported a significant decline in quarterly sales, primarily due to decreased consumer demand for its videogaming chips. The company's revenue fell 17% to $5.93 billion in its fiscal third quarter, with gaming-segment sales more than halving. While sales exceeded analyst expectations, net profit at $680 million fell short."
2022-11-16 16:34:00,Nvidia revenue falls 17% but data center growth remains strong,CNBC,1.0,-0.216666,https://www.cnbc.com/2022/11/16/nvidia-nvda-earnings-q3-2023-.html,"Nvidia's fiscal third-quarter revenue fell 17% overall but its data center business saw significant growth, up 31% year-over-year. The company's gaming division sales were down 51% due to slowing demand and inventory issues. Despite beating revenue expectations, earnings per share were light, and Nvidia expects gross margin to recover in the current quarter."
2022-11-16 08:27:00,Nvidia says it is working with Microsoft to build 'massive' cloud AI computer,Reuters,1.0,0.372146,https://www.reuters.com/technology/nvidia-says-it-is-working-with-microsoft-build-massive-cloud-ai-computer-2022-11-16/,"Nvidia Corp is partnering with Microsoft Corp to build a ""massive"" cloud AI computer on Microsoft's Azure cloud, utilizing thousands of Nvidia's powerful H100 and A100 GPUs. This collaboration aims to handle intense artificial intelligence computing work, driven by the increasing demand for faster processing from AI models. Nvidia will also be a customer of Microsoft's AI cloud computer, developing AI applications for its own services."
2022-11-16 06:34:18,Nvidia and Microsoft partner to build AI supercomputer,SiliconANGLE,1.0,0.46593,https://siliconangle.com/2022/11/16/nvidia-microsoft-partner-build-ai-supercomputer/,"Nvidia and Microsoft are collaborating to build one of the world's most powerful AI supercomputers within Microsoft's Azure cloud platform. This partnership involves equipping Azure with tens of thousands of Nvidia's H100 GPUs and Quantum-2 network switches, along with optimizing their respective AI development tools. Nvidia will also expand its use of Azure to support its generative AI research, leveraging the platform to advance technologies like its MT-NLG system."
2022-11-16 06:32:41,NVIDIA GeForce RTX 4080 Graphics Cards Now Available at Newegg.com,Business Wire,0.82858,0.389123,https://www.businesswire.com/news/home/20221116005387/en/NVIDIA-GeForce-RTX-4080-Graphics-Cards-Now-Available-at-Newegg.com,"Newegg Commerce, Inc. announced the availability of NVIDIA GeForce RTX 4080 graphics cards on Newegg.com. The RTX 4080 boasts significant performance improvements over previous generations, powered by the new NVIDIA Ada Lovelace architecture, and is also offered in pre-built ABS and MSI gaming PCs. Jim Tseng, Newegg's Director of Product Management, anticipates strong customer demand following the successful launch of the RTX 4090."
2022-11-16 06:31:25,"Industry Ministry, U.S. Firm to Cooperate on Semiconductor Industry Development",Tempo.co English,0.633763,0.240499,https://en.tempo.co/read/1657337/industry-ministry-u-s-firm-to-cooperate-on-semiconductor-industry-development,"Indonesia's Industry Ministry is partnering with a United States company, Zerro Power, co-founded by innovator Sehat Sutardja, to establish an integrated circuit design center. This collaboration aims to reduce Indonesia's dependence on semiconductor imports and develop an independent national semiconductor industry. The initiative is part of broader efforts to secure the semiconductor supply chain amidst increasing global demand."
2022-11-15 18:55:59,Buffett’s Taiwan Semiconductor Stake Highlights Beaten-Down Semi Stocks,Morningstar,0.713069,0.230905,https://www.morningstar.com/markets/buffetts-taiwan-semiconductor-stake-highlights-beaten-down-semi-stocks,"Warren Buffett's Berkshire Hathaway has invested $4.1 billion in Taiwan Semiconductor Manufacturing, drawing attention to the semiconductor industry, which Morningstar analysts consider largely undervalued. Following a significant selloff in 2022 due to recession fears and U.S. restrictions on sales to China, many semiconductor companies, including Skyworks Solutions, Teradyne, and Taiwan Semiconductor, are rated as significantly undervalued. The article details Morningstar's perspectives on Nvidia, Taiwan Semiconductor Manufacturing, ASML, Broadcom, and Texas Instruments, highlighting investment opportunities despite industry challenges."
2022-11-15 06:00:16,AMD announces its reprogrammable Versal AI chips are ready for space-based deployments,SiliconANGLE,0.646045,0.282941,https://siliconangle.com/2022/11/15/amd-announces-reprogrammable-versal-ai-chips-ready-space-based-deployments/,"AMD's reprogrammable Versal AI Core chip has achieved Class B qualification, making it suitable for space-based deployments in commercial satellites. This radiation-resistant SoC enables significant advancements in onboard AI processing for satellites, offering greater performance and reconfigurability compared to traditional ASICs. Raytheon Co. is an early adopter, planning to use these chips for its next-generation space processors."
2022-11-14 06:34:18,NVIDIA H100 and Quantum-2 Systems Announced Worldwide,NVIDIA Newsroom,0.348188,0.026502,https://nvidianews.nvidia.com/news/nvidia-hpc-platform-hopper-quantum-2-worldwide-adoption,"NVIDIA announced widespread adoption of its H100 Tensor Core GPUs and Quantum-2 InfiniBand, with offerings on Microsoft Azure and over 50 partner systems. The company also released major updates to its cuQuantum, CUDA, and BlueField DOCA acceleration libraries, and expanded Omniverse support for scientific computing. These initiatives aim to accelerate scientific discovery using a comprehensive HPC platform integrating AI and numerical methods."
2022-11-14 06:21:50,HPE's low-end supercomputers take aim at the AI market,TechTarget,0.639979,0.32511,https://www.techtarget.com/searchdatacenter/news/252527246/HPEs-low-end-supercomputers-take-aim-at-the-AI-market,"HPE and Dell are introducing new supercomputing and high-performance computing (HPC) systems designed to meet the growing demands of AI-driven workloads. HPE is focusing on smaller, lower-cost supercomputers with advanced cooling, while Dell is enhancing its HPC offerings with powerful GPUs, aiming to make supercomputing capabilities more accessible to a broader range of enterprise users. This convergence of supercomputing and HPC is blurring the lines between the two, as both companies compete to provide infrastructure that can efficiently handle complex AI, modeling, and simulation tasks."
2022-11-11 18:06:42,Reza Partners with Perfect Corp. to Enable Virtual Try On of Jewelry,PYMNTS.com,0.621694,0.187246,https://www.pymnts.com/news/retail/2022/reza-partners-with-perfect-corp-to-enable-virtual-try-on-of-jewelry/,"French jewelry brand Reza has collaborated with Perfect Corp. to integrate AI and AR virtual try-on technology into its new eCommerce website. This technology, featuring Perfect Corp.'s AgileHand, allows customers to virtually try on rings, earrings, and bracelets in real-time digital renderings. The partnership aims to enhance the luxury accessories shopping experience by providing an immersive and impactful virtual try-on solution."
2022-11-10 06:00:16,"AMD launches data center CPU 'Genoa', taps Google, Microsoft as customers (Nov. 10)",Reuters,0.648586,0.211334,https://www.reuters.com/technology/amd-launches-data-center-cpu-genoa-taps-google-microsoft-customers-2022-11-10/,"AMD has launched its fourth-generation EPYC processor, codenamed ""Genoa,"" for data centers, securing major customers like Microsoft Azure, Google Cloud, and Oracle. This new chip offers significant performance and energy efficiency improvements over its predecessor, translating into lower operational costs for enterprises and cloud data centers. The launch comes as rival Intel faces delays with its own data center chip, and AMD continues to gain market share, boosting its stock by about 14%."
2022-11-09 06:21:51,Hewlett Packard Enterprise Extends Supercomputing to the Enterprise with New HPE Cray Portfolio,varindia.com,0.6333,0.376863,https://varindia.com/news/hewlett-packard-enterprise-extends-supercomputing-to-the-enterprise-with-new-hpe-cray-portfolio,"Hewlett Packard Enterprise (HPE) is expanding its supercomputing portfolio with new HPE Cray EX and HPE Cray XD supercomputers, making exascale-class technology more accessible and affordable for enterprises. These systems are designed to help businesses across various industries, including energy, finance, healthcare, and manufacturing, accelerate R&D, AI, and machine learning initiatives. The new offerings provide significant performance and AI-at-scale capabilities in smaller form factors, supporting advanced modeling, simulation, and data-intensive workloads in traditional data centers."
2022-11-07 12:44:00,Tower Semiconductor: Opportunity or risk?,Globes - Israel Business News,0.609972,0.057544,https://en.globes.co.il/en/article-tower-semiconductor-opportunity-or-risk-1001429020,"Intel agreed to acquire Tower Semiconductor for $53 per share, but the market fears regulatory hurdles, especially from China and Japan, causing Tower's share price to drop significantly. The deal, valued at $5.4 billion at the time of agreement, needs approvals from multiple countries, including the US, China, Germany, Israel, Japan, the UK, and Italy. Analysts suggest that while regulatory risk exists, particularly with China due to US-China tensions, previous Israeli semiconductor acquisitions ultimately received Chinese approval, and Japan's hesitancy regarding M&A deals might be overcome as Intel plans to maintain operations there."
2022-11-03 18:57:14,How Taiwan won the semiconductor race,Engelsberg Ideas,0.623409,0.339113,https://engelsbergideas.com/notebook/how-taiwan-won-the-semiconductor-race/,"This article explains how Taiwan became a dominant force in the global semiconductor industry, despite starting as an agricultural economy. It attributes Taiwan's success to globalization's impact on electronics, East Asia's skilled workforce and infrastructure, and a unique business model focused on contract manufacturing rather than brand development. The piece highlights TSMC's role in supplying advanced chips globally, creating a significant dependency on Taiwan."
2022-11-03 06:34:19,Take the Green Train: NVIDIA BlueField DPUs Drive Data Center Efficiency,NVIDIA Blog,0.317883,0.032911,https://blogs.nvidia.com/blog/bluefield-dpus-energy-efficiency/,"NVIDIA's BlueField DPUs are significantly improving data center efficiency and reducing power consumption. Tests with Ericsson, Red Hat, and VMware showed power reductions of up to 24% and performance increases up to 54x compared to CPUs, by offloading networking, security, and storage tasks. These advancements contribute to substantial cost savings and align with the growing need for green computing solutions."
2022-11-02 06:51:56,Jaguar Land Rover Secures Semi Conductor Chips For Future Electric Cars,Thrust Zone,0.621675,0.670307,https://www.thrustzone.com/jaguar-land-rover-secures-semi-conductor-chips-for-future-electric-cars/,"Jaguar Land Rover (JLR) has formed a strategic partnership with Wolfspeed, Inc. to secure Silicon Carbide semiconductors for its next-generation electric vehicles. This collaboration aims to enhance powertrain efficiency and extend driving range for JLR's upcoming electric models, with the first Range Rover vehicles featuring this technology expected in 2024. The partnership is a key part of JLR's ""Reimagine"" strategy to become carbon net zero by 2039."
2022-11-01 14:55:00,Micron Ships World's Most Advanced DRAM Technology With 1-Beta Node,TechPowerUp,0.652997,0.29121,https://www.techpowerup.com/300551/micron-ships-worlds-most-advanced-dram-technology-with-1-beta-node,"Micron Technology has announced it is shipping qualification samples of its 1β (1-beta) DRAM technology to select smartphone manufacturers and chipset partners, achieving mass production readiness for the world's most advanced DRAM technology node. This LPDDR5X mobile memory delivers top speeds of 8.5 gigabits per second, with significant gains in power efficiency (15% improvement) and bit density (over 35% improvement) at 16Gb per die capacity. The 1β node is poised to support highly responsive applications from mobile to data centers and intelligent vehicles, stemming from Micron's pioneering R&D and nanomanufacturing capabilities."
2022-10-28 07:35:51,Arm Could Change Licensing Model to Charge OEMs Directly,TechPowerUp,0.620935,-0.17594,https://www.techpowerup.com/300385/arm-could-change-licensing-model-to-charge-oems-directly,"Arm might change its licensing model by requiring OEMs to license almost all of its IP if they wish to use its CPU IP, directly challenging existing deals and potentially pushing chipmakers toward alternatives like RISC-V. This potential shift, revealed through Qualcomm's counterclaim in a legal dispute, would prevent mixing Arm's IP with other companies' designs (e.g., AMD GPUs in Samsung chips). The change is expected to take effect in 2025, with exemptions for long-term licensees like NVIDIA and Apple."
2022-10-27 17:19:00,Qualcomm Inc. stock underperforms Thursday when compared to competitors,MarketWatch,0.638889,-0.108562,https://www.marketwatch.com/story/qualcomm-inc-stock-underperforms-thursday-when-compared-to-competitors-01666905580-6b58d04a1f27?gaa_at=eafs&gaa_n=AWEtsqc5l0ODdPPzI58dujt0XoFPjEz541ozzIsLQc6ArQPMKwksnvUO1nGQ&gaa_ts=699ab555&gaa_sig=s1rHMLvZkxTPOkwQG13BAoLxn3K-hdx9E_PCsaEyCDjxjKhR48ydylwAv1OsQhibpB5TLljN-0o5IDPGUg3TeQ%3D%3D,"Shares of Qualcomm Inc. (QCOM) fell 2.89% on Thursday, closing at $114.70, while the Dow Jones Industrial Average rose and the S&P 500 Index fell. This marked the stock's second consecutive day of losses and positioned it below its 52-week high. Qualcomm underperformed some competitors like NVIDIA Corp. and Cisco Systems Inc., though it fared slightly better than Alphabet Inc. Class A."
2022-10-26 17:27:35,Lowe’s opens tech hub,Chain Store Age,0.62785,0.333453,https://chainstoreage.com/lowes-opens-tech-hub,"Lowe's has opened a new 357,000-sq.-ft. tech hub in Charlotte, N.C., centralizing its technology development activities to support its goal of becoming the most customer-centric omnichannel retailer. The facility, designed for innovation and collaboration, will employ up to 2,000 tech professionals and focus on projects like its interactive virtual store models (""digital twins"") and the ""Measure Your Space"" app feature. This move aligns with Lowe's commitment to leveraging emerging technology to evolve its brand and services."
2022-10-26 13:19:00,Mobileye pops more than 37% in market debut after spinning out of Intel,CNBC,0.593026,0.183738,https://www.cnbc.com/2022/10/26/mobileye-pops-more-than-30percent-in-ipo-after-spinning-out-of-intel.html,"Mobileye, Intel's self-driving car technology company, saw its shares surge over 37% in its stock market debut after spinning out of Intel. The IPO, which valued Mobileye at around $17 billion, raised $861 million, with Intel planning to use some proceeds to build chip factories. This market debut provides a notable tech IPO in a slow year, despite Mobileye's valuation being below Intel's initial expectations."
2022-10-24 19:12:00,"Rambus announces next-gen PCIe 6.0 interface for data centers, AI systems",TweakTown,0.608691,0.42943,https://www.tweaktown.com/news/89112/rambus-announces-next-gen-pcie-6-0-interface-for-data-centers-ai-systems/index.html,"Rambus has unveiled its next-generation PCIe 6.0 Interface Subsystem, designed for high-performance data centers and AI SoCs, offering speeds up to 64 GT/s. This subsystem includes PHY and controller IP, supports CXL 3.0, and is optimized for advanced heterogeneous computing architectures with features like an Integrity and Data Encryption engine. It ensures compatibility with previous PCIe generations while introducing innovations like low-latency Forward Error Correction."
2022-10-24 17:00:00,Rambus Announces PCIe 6.0: Powering Next-Gen High-Performance Data Center & AI Solutions,Wccftech,0.616227,0.34518,https://wccftech.com/rambus-announces-pcie-6-0-powering-next-gen-high-performance-data-center-ai-solutions/,"Rambus has unveiled its new PCIe 6.0 interface subsystem, an advanced solution designed for the next generation of data centers and AI applications. This subsystem, comprising PHY and controller IP, delivers data rates up to 64 GT/s and supports the latest CXL 3.0 specification for enhanced memory sharing and pooling. It features an Integrity and Data Encryption (IDE) engine for data protection and is backward compatible with previous PCIe generations."
2022-10-23 01:33:00,China’s Biren GPUs Can’t Be Made at TSMC Due To US Regulations & Competition With NVIDIA,Wccftech,0.982479,0.052293,https://wccftech.com/china-biren-gpus-cant-be-made-at-tsmc-due-to-us-regulations-competition-with-nvidia/,"Birentech, a Chinese chip startup, is reportedly barred from manufacturing its Biren GPUs at TSMC due to US regulations aimed at restricting China's access to advanced AI and datacenter chips. This decision is influenced by the Biren BR100's potential to outperform NVIDIA's A100 chips, which are already banned for the Chinese market, and could severely impact Birentech's manufacturing plans."
2022-10-21 21:17:00,7 Virtual Reality Stocks to Buy to Bet on the Coming VR Boom,InvestorPlace,0.615786,0.314574,https://investorplace.com/2022/10/7-virtual-reality-stocks-to-buy-to-bet-on-the-coming-vr-boom/,"The virtual reality market is projected to grow significantly to over $227 billion by 2029, presenting a massive opportunity for investors, especially as many top VR stocks are currently oversold. This article highlights seven virtual reality stocks to consider, including the ProShares Metaverse ETF (VERS) for diversification, Roblox (RBLX) as a leading social metaverse platform, and tech giants like Microsoft (MSFT) and Apple (AAPL) that are heavily investing in VR/AR. Other recommendations include Nvidia (NVDA) for its Omniverse platform, Matterport (MTTR) for its exposure to ""digital twins,"" and Unity Software (U) which recently received a ""buy"" rating."
2022-10-19 07:31:04,"Oracle Cloud adds NVIDIA chips, software to speed enterprise AI uptake",Oracle Blogs,1.0,0.44579,https://blogs.oracle.com/connect/oracle-cloud-adds-nvidia-chips-software-to-speed-enterprise-ai-uptake,"Oracle has expanded its partnership with NVIDIA to integrate tens of thousands of NVIDIA's AI-processing graphics chips and software tools into Oracle Cloud Infrastructure (OCI). This aims to accelerate enterprise AI adoption across industries like banking, healthcare, and manufacturing by offering powerful A100 and upcoming H100 GPUs. The collaboration will also provide access to NVIDIA software like RAPIDS Accelerator and Clara for enhanced AI performance, medical imaging, and drug discovery."
2022-10-18 17:56:10,Oracle and NVIDIA Partner to Speed AI Adoption for Enterprises,Oracle,1.0,0.401307,https://www.oracle.com/news/announcement/ocw-oracle-and-nvidia-partner-to-speed-ai-adoption-2022-10-18/,"Oracle and NVIDIA have expanded their long-standing alliance through a multi-year partnership aimed at accelerating AI adoption for enterprises. Oracle Cloud Infrastructure (OCI) will significantly increase its GPU capacity with NVIDIA's A100 and upcoming H100 GPUs, supporting the full stack of NVIDIA AI software and services. This collaboration will provide enterprises with a broad, accessible portfolio for AI training and deep learning inference, integrating NVIDIA AI platforms into OCI to drive innovation across various industries."
2022-10-18 09:03:00,"Adobe Advances 3D, Immersive and Metaverse Experiences With New Products",Adobe Newsroom,0.643714,0.28767,https://news.adobe.com/news/news-details/2022/adobe-advances-3d-immersive-and-metaverse-experiences-with-new-products,"Adobe announced significant advancements in its Substance 3D tools, introducing new products like 3D Capture and Substance 3D Modeler to facilitate the creation of 3D and metaverse-ready immersive experiences. The company also revealed a partnership with Meta to integrate Substance 3D tools into the Quest platform, making 3D content creation more accessible. These innovations aim to support creators and brands in transitioning into new mediums, emphasizing ease of use and sustainability with a new Substance 3D Sustainability Calculator."
2022-10-18 07:40:13,Supermicro Extends Best of Breed Server Building Block Solutions to Include a Broad Set of OCP Technologies - Driving Customer Innovation and Time-to-Market,Supermicro,0.620393,0.359082,https://ir.supermicro.com/news/news-details/2022/Supermicro-Extends-Best-of-Breed-Server-Building-Block-Solutions-to-Include-a-Broad-Set-of-OCP-Technologies---Driving-Customer-Innovation-and-Time-to-Market/default.aspx,"Supermicro is expanding its server portfolio to incorporate open hardware and open-source technologies, aiming to drive innovation and reduce proprietary lock-in for customers. These solutions, including an 8U 8-GPU AI training system and OCP 3.0 compliant AIOM cards, integrate best-in-class components like Intel, AMD, and ARM CPUs and NVIDIA GPUs, alongside open technologies such as OpenBMC and Open BIOS. This initiative provides customers with high-performance, efficient, and flexible server options for various applications, from cloud and AI/ML to storage and 5G/Edge computing."
2022-10-18 07:35:51,"Samsung, Qualcomm unveil industry’s fastest LPDDR5X DRAM chip",KED Global,0.617792,0.377769,https://www.kedglobal.com/korean-chipmakers/newsView/ked202210180007,"Samsung Electronics Co. has successfully demonstrated the performance of its LPDDR5X DRAM on Qualcomm’s Snapdragon mobile platform, achieving an industry-leading speed of 8.5 gigabits per second (Gbps). This advancement surpasses Samsung's previous record and solidifies its leadership in the memory market. The new high-speed, low-power memory is expected to enhance mobile, gaming, camera, and AI applications and find broader use in PCs, HPC, servers, and autonomous driving."
2022-10-18 07:21:40,"Gartner Top 10 Tech Trends For 2023: Metaverse, AI, Cloud",CRN,0.632842,0.28044,https://www.crn.com/news/cloud/gartner-top-10-tech-trends-for-2023-metaverse-ai-cloud,"Gartner has released its top 10 technology trends for 2023, focusing on themes like optimizing resilience, scaling solutions, and pioneering new opportunities amidst economic uncertainty. The trends include the metaverse, super apps, adaptive AI, industry cloud platforms, and sustainability, emphasizing technology's role in addressing global challenges and driving business value beyond just cost savings. Each trend is accompanied by an example of its real-world application."
2022-10-18 07:06:00,Credo Announces 1.6Tbps OSFP-XD HiWire AECs Targeting Hyperscaler Spine Switching,Business Wire,0.573543,0.295981,https://www.businesswire.com/news/home/20221018005601/en/Credo-Announces-1.6Tbps-OSFP-XD-HiWire-AECs-Targeting-Hyperscaler-Spine-Switching,"Credo Technology Group Holding Ltd announced its new 1.6Tb OSFP-XD HiWire CLOS Active Electrical Cable (AEC), designed for hyperscale data centers requiring high-density spine switching. This AEC supports speeds up to 1.6Tbps, cable lengths up to 2.75m, and consumes less than 20W of power, making it energy-efficient and suitable for next-generation 51.2Tbps switches in a 1U form factor. The product leverages a 12nm process for cost-effectiveness and is being showcased at the OCP Summit."
2022-10-04 14:35:00,"Nvidia closes Russian offices, will fly relocating employees out of the country, report says",MarketWatch,1.0,-0.427908,https://www.marketwatch.com/story/nvidia-closes-russian-offices-will-fly-relocating-employees-out-of-the-country-report-says-11664908547?gaa_at=eafs&gaa_n=AWEtsqchjNgMWuvSLBISj0IUwZ-zQyHUF6y2YISHP3GvFNkyzwL1ZNn7WZgm&gaa_ts=69079e7b&gaa_sig=kCw6NUMz9OAXnWU9Et2DQp8--E-3B0zQu6R4859giiEn2AK4LxF6_sYAjjm0YQCIbV0fvYkHkHR2UrCcXYIbMQ%3D%3D,"Nvidia is ceasing all activities and closing its offices in Russia, offering its employees the opportunity to relocate out of the country. The company had previously suspended shipments to Russia but maintained an office to support employees and their families. Nvidia stated that recent developments have made it impossible to operate effectively there."
2022-10-01 07:31:04,"As NVIDIA Corporation's (NASDAQ:NVDA)) market cap dropped by US$9.4b, insiders who sold US$156m worth of stock were able to offset their losses",Simply Wall Street,1.0,-0.218319,https://simplywall.st/stocks/us/semiconductors/nasdaq-nvda/nvidia/news/as-nvidia-corporations-nasdaqnvda-market-cap-dropped-by-us94/amp,"Insiders at NVIDIA Corporation sold US$156 million worth of stock over the last year at an average price of US$212 per share, effectively offsetting some losses as the company's market cap dropped by US$9.4 billion. While insider selling occurred, the notable sale by Independent Director Mark Stevens was at a price well above the current stock price, making strong conclusions difficult. Insiders collectively own about 4.0% of the company, valued at US$12 billion, which is seen as a positive sign of alignment with shareholders despite a lack of recent insider buying."
2022-10-01 07:31:04,Meet the Harvard Law School graduate helping China cut its reliance on US AI chips,South China Morning Post,0.823179,-0.177785,https://www.scmp.com/tech/tech-war/article/3194168/tech-war-how-harvard-law-school-graduate-helping-china-achieve-its,"Michael Zhang Wen, a Harvard Law School graduate and chairman of Biren Technology, is leading China's efforts to reduce its dependence on US artificial intelligence (AI) chips. His Shanghai-based start-up recently released the BR100, a 7-nanometre GPU, which some believe could position Biren to become ""China's Nvidia"" amidst escalating US export restrictions on advanced chips. Zhang faces pressure to deliver, as his company has raised a substantial US$655 million from major venture capital funds."
2022-12-29 05:00:25,TSMC starts mass-producing three-nanometer chips,SiliconANGLE,0.664255,0.294834,https://siliconangle.com/2022/12/29/tsmc-starts-mass-producing-three-nanometer-chips/,"Taiwan Semiconductor Manufacturing Co. Ltd. (TSMC) has begun mass-producing processors using its advanced three-nanometer chip technology. This new technology offers a 15% improvement in chip performance and up to 35% less power consumption compared to its earlier five-nanometer process. TSMC, a major contract chip manufacturer for companies like Apple, AMD, and Nvidia, plans to develop multiple versions of this technology and is building new fabrication plants in Arizona."
2022-12-24 05:30:18,How the industrial metaverse will transform manufacturing,SiliconANGLE,0.685715,0.350124,https://siliconangle.com/2022/12/24/industrial-metaverse-will-transform-manufacturing/,"The industrial metaverse, leveraging virtual and augmented reality, is transforming manufacturing by enhancing training, collaboration, and the use of digital twins. Companies like Lincoln Electric are using VR for faster and more efficient welder training, while automotive manufacturers like Kia and Volvo are using metaverse technologies for remote design collaboration and virtual prototyping, significantly cutting down development time and costs. Despite challenges like high equipment costs and technical difficulties, the industrial metaverse is gaining traction, with its applications expected to expand beyond initial consumer-focused visions."
2022-12-23 15:56:00,"The bright side of the chip glut: Nvidia, AMD and Intel gaming cards are cheap and very available for Christmas",MarketWatch,0.836566,0.307044,https://www.marketwatch.com/story/the-bright-side-of-the-chip-glut-nvidia-amd-and-intel-gaming-cards-are-cheap-and-very-available-for-christmas-11671828998?gaa_at=eafs&gaa_n=AWEtsqfyBdqopwlxyhBv75vYEGgXDoSJxxqvvyaVuMO6DjfRKzk-pRCLtjId&gaa_ts=699a90e8&gaa_sig=AnRGrH4pW0hV731jz73tmYjfon2HK_X_qq4CK6k4981pbu2YzunhIcaHPdBhbe_Xp_pQrjbz1CERaOD85E1AcA%3D%3D,"The article highlights that due to a chip glut, gaming cards from Nvidia, AMD, and Intel are now readily available and significantly discounted, making them an affordable option for Christmas shoppers. This marks a significant change from the previous two years when these items were scarce and expensive. The availability addresses past disappointments for gamers hoping for these cards during the holidays."
2023-04-26 06:04:00,"Alibaba Cloud cuts prices by up to 50% for core, storage products",Reuters,0.724675,0.134769,https://www.reuters.com/technology/alibaba-cloud-cuts-prices-by-up-50-core-storage-products-securities-times-2023-04-26/,"Alibaba Cloud, the cloud computing division of Alibaba Group, announced price cuts of up to 50% on its core products and services to increase its market share in China amidst growing competition. This move, effective Wednesday, includes reductions for services using Arm, Intel-based chips, and Nvidia GPUs. The company also revealed that over 200,000 enterprises have requested beta testing for its AI-powered large language model, Tongyi Qianwen."
2023-04-25 01:54:29,"NVIDIA Enables Trustworthy, Safe, and Secure Large Language Model Conversational Systems",NVIDIA Developer,1.0,0.447995,https://developer.nvidia.com/blog/nvidia-enables-trustworthy-safe-and-secure-large-language-model-conversational-systems/,"NVIDIA has introduced NeMo Guardrails, an open-source toolkit designed to ensure the safety, security, and trustworthiness of large language model (LLM) conversational systems. This toolkit allows developers to define programmable rules, known as guardrails, that guide user interactions and prevent off-topic discussions, misinformation, toxicity, and malicious code execution. NeMo Guardrails integrates with existing LLMs and toolkits like LangChain, providing a robust framework for building reliable AI applications."
2023-04-25 01:51:51,Cognitive Computing Brings Human Touch,Morgan Stanley,0.835974,0.282074,https://www.morganstanley.com/ideas/neuromorphic-computing-ai-brain,"Cognitive computing, particularly neuromorphic computing, is poised to transform artificial intelligence by enabling systems to ""think"" like humans, learn from data, and interact naturally. This technology, which uses artificial neurons to mimic the human brain, could power various applications from autonomous vehicles to smart devices with greater efficiency. While companies developing this technology present investment opportunities, the article suggests that adopting companies leveraging it for increased productivity and growth may offer even greater upside, while also highlighting the ethical considerations and risks associated with advanced AI systems."
2023-04-21 01:54:29,Prime Minister Pashinyan receives the President and CEO of Nvidia company Jensen Huang,Վարչապետ,1.0,0.421463,https://www.primeminister.am/en/press-release/item/2023/04/21/Nikol-Pashinyan-meeting/,"Prime Minister Nikol Pashinyan met with Jensen Huang, President and CEO of Nvidia, a leader in the high-tech sector. The discussion focused on the development of engineering education, the advancement of the high-tech sector, and continued collaboration between the Armenian government and Nvidia. Nvidia had established a scientific research center in Armenia the previous year, with both parties expressing commitment to further development in the country's IT sector."
2023-04-13 03:18:00,Alibaba's Hong Kong shares slump on SoftBank's stake sale report,Reuters,0.61249,-0.085466,https://www.reuters.com/markets/deals/softbank-sell-nearly-all-its-stake-alibaba-ft-2023-04-12/,"Alibaba's Hong Kong-listed shares fell significantly following reports that SoftBank Group Corp is selling almost all of its remaining stake in the Chinese e-commerce giant. This move comes as valuations for China's big tech firms are recovering after a period of heightened regulatory scrutiny and as SoftBank seeks to monetize profitable holdings amidst efforts to shore up cash reserves for its Vision Fund losses. SoftBank has been shifting to a ""defensive mode"" and had previously booked a substantial gain by cutting its Alibaba stake last year."
2023-04-10 00:00:00,2 Under-The-Radar Small Chip Stocks Poised For Big Growth,Entrepreneur,0.720594,0.308513,https://www.entrepreneur.com/finance/2-under-the-radar-small-chip-stocks-poised-for-big-growth/449438,"This article highlights two under-the-radar fabless semiconductor companies, Impinj Inc. (NASDAQ: PI) and Allegro MicroSystems, Inc. (NASDAQ: ALGM), that are showing strong growth potential despite being smaller players in the chip industry. Both companies are experiencing increasing sales and earnings, with analysts expecting continued growth in the coming years. The article details their specific market niches and financial performance, positioning them as attractive opportunities for investors."
2023-04-07 21:02:00,"Qualcomm, Nvidia spar for top spot in AI chip efficiency tests",Reuters,0.987073,0.150551,https://www.reuters.com/technology/qualcomm-nvidia-spar-top-spot-ai-chip-efficiency-tests-2023-04-05/,"Qualcomm's AI 100 chips outperformed Nvidia's H100 chips in two out of three power efficiency categories for AI inference tasks, specifically image classification and object detection. Nvidia, however, took the lead in natural language processing performance and power efficiency. This highlights the competitive landscape in the growing market for data center inference chips, where power consumption is a key cost factor."
2023-04-03 00:00:00,Best-Performing Stocks of Q1 2023,Morningstar,0.811346,0.544347,https://www.morningstar.com/markets/best-performing-stocks-q1-2023,"The first quarter of 2023 saw a significant rebound in technology and communication services stocks, with Nvidia, Meta Platforms, and Salesforce among the top performers. This resurgence was driven by factors such as better-than-expected earnings, cost-cutting measures, and growing enthusiasm for artificial intelligence, contrasting sharply with the downturn experienced in 2022. Other sectors like entertainment and media, cryptocurrency, and electric vehicles also saw notable gains."
2023-03-31 02:55:50,SPDR S&P 500 (SPY) Stock: Breakout Leveraging Tech Stocks Rally?,The Coin Republic,0.607316,0.355522,https://www.thecoinrepublic.com/2023/03/31/spdr-sp-500-spy-stock-breakout-leveraging-tech-stocks-rally/,"The SPDR S&P 500 (SPY) ETF has shown a positive resurgence in 2023, largely driven by gains in tech and semiconductor stocks, which comprise a significant portion of its portfolio. Technical analysis suggests a potential bullish breakout for SPY, with indicators pointing to an upcoming rally. Investors are advised to watch support levels and anticipate a rise leveraging the strength of its underlying tech holdings."
2023-03-31 02:55:11,"Synopsys Launches Full-Stack, AI-Driven EDA Suite",EE Times Asia,0.592007,0.459672,https://www.eetasia.com/synopsys-launches-full-stack-ai-driven-eda-suite/,"Synopsys has introduced Synopsys.ai, a comprehensive AI-driven suite of solutions for the entire chip design process, from architecture to manufacturing. This suite enables engineers to leverage AI at every stage and access tools via the cloud, significantly reducing product development time and improving silicon performance. Leading semiconductor companies, including Renesas, MediaTek, IBM Research, and TSMC, are already utilizing Synopsys.ai to optimize design, verification, testing, and manufacturing, demonstrating the transformative potential of AI in the semiconductor industry."
2023-03-29 02:55:11,"Synopsys.ai Unveiled as Industry's First Full-Stack, AI-Driven EDA Suite for Chipmakers",Synopsys,0.649806,0.336058,https://investor.synopsys.com/news/news-details/2023/Synopsys.ai-Unveiled-as-Industrys-First-Full-Stack-AI-Driven-EDA-Suite-for-Chipmakers/default.aspx,"Synopsys launched Synopsys.ai, an AI-driven EDA suite for chip design, verification, testing, and manufacturing. This suite allows engineers to use AI at every stage of chip development, significantly boosting productivity, silicon quality, and cost reduction. Market leaders like NVIDIA, TSMC, IBM, MediaTek, and Renesas have tested and supported Synopsys' AI strategy, reporting substantial benefits and efficiency improvements."
2023-03-22 02:54:58,"Supermicro Expands GPU Solutions Portfolio with Deskside Liquid-Cooled AI Development Platform, Powered by NVIDIA",TechPowerUp,0.921412,0.32551,https://www.techpowerup.com/306271/supermicro-expands-gpu-solutions-portfolio-with-deskside-liquid-cooled-ai-development-platform-powered-by-nvidia,"Supermicro has launched a new liquid-cooled AI development platform, the SYS-751GE-TNRT-NV1, designed for deskside use. This platform features four NVIDIA A100 Tensor Core GPUs and two 4th Gen Intel Xeon Scalable CPUs, providing a powerful, quiet, and energy-efficient solution for AI/HPC workloads. It also includes a three-year subscription to NVIDIA AI Enterprise, simplifying software setup for developers."
2023-03-22 02:54:58,Liquid Cooled AI Development Platform,Supermicro,0.946709,0.345568,https://www.supermicro.com/en/featured/liquid-cooled-ai-development-platform,"Supermicro has launched a new liquid-cooled AI development platform, developed in partnership with NVIDIA, designed for advanced AI developers. This system features four liquid-cooled NVIDIA A100 Tensor Core GPUs, offering over 2 Petaflops of AI performance in a quiet, self-contained unit suitable for various environments. It is available with optional NVIDIA AI Enterprise software and can be customized to specific requirements."
2023-03-22 01:51:26,AB US Low Volatility Equity ETF Holdings,Quiver Quantitative,0.614025,0.10146,https://www.quiverquant.com/etf/AB%20US%20Low%20Volatility%20Equity%20ETF,"This article details the holdings of the AB US Low Volatility Equity ETF (LOWV), which was established on March 22, 2023. The ETF focuses on large- and mid-cap US stocks, actively managed to achieve lower volatility than the broader market. Key holdings include major technology companies like Alphabet, Microsoft, Apple, NVIDIA, and Amazon, alongside diversified investments across various sectors."
2023-03-21 02:37:06,"Raja Koduri, Main Driver Of Intel’s GPU Efforts, To Leave Company",CRN Magazine,0.733943,-0.054736,https://www.crn.com/news/components-peripherals/raja-koduri-main-driver-of-intel-s-gpu-efforts-to-leave-company,"Raja Koduri, Intel's chief architect and the main driver behind its discrete GPU efforts, is leaving the company at the end of March to start a new software company focused on generative AI for gaming, media, and entertainment. Koduri had been with Intel for over five years, leading the buildout of its graphics capabilities and serving as chief architect for most of his tenure. His departure comes as Intel announced cuts to its data center GPU roadmap and delays to Falcon Shores."
2023-03-16 02:18:53,Demo of China’s Answer to ChatGPT Disappoints Investors,Time Magazine,0.564043,-0.23138,https://time.com/6263623/baidu-ai-chatbot-disappoints/,"Baidu Inc.'s CEO Robin Li unveiled ""Ernie Bot,"" China's answer to ChatGPT, in a recorded video demonstration that disappointed investors, leading to a 6.4% drop in Baidu's shares. The pre-recorded nature of the demo and lack of real-time interaction raised questions about Ernie's capabilities compared to OpenAI's ChatGPT. Despite the initial disappointment, Baidu is considered a frontrunner in China's AI race, planning to integrate Ernie Bot across its services while navigating concerns about US tech restrictions and Chinese regulatory oversight."
2023-03-14 03:02:13,Deal Roundup: WeRide files for $500m US listing,Global Venturing,0.740296,0.18561,https://globalventuring.com/corporate/fundraising/weride-500m-us-ipo/,"WeRide, an autonomous driving technology developer, has confidentially filed for a US IPO aiming to raise up to $500M, with several corporate investors poised for an exit. The deal roundup also highlights CNH Industrial's $110M acquisition of Augmenta Agriculture Technologies and Vivasure Medical's €30M series D funding. Additionally, it details a new €50M fund from Rethink Ventures backed by multiple corporates and various other recent funding rounds across different sectors."
2023-03-13 02:16:39,Ssangyong E&C wins contract for building ASML Korea campus,KED Global,0.600838,0.431154,https://www.kedglobal.com/construction/newsView/ked202303130011,"Ssangyong Engineering & Construction secured a 200-billion-won ($170-million) contract to build a new campus for ASML Holding NV in Hwaseong, South Korea. The campus, with two buildings totaling 74,418 square meters, will house offices and research facilities for ASML, specializing in extreme ultraviolet (EUV) lithography equipment. This project aims to expand ASML's local supply chain and customer support by enabling more parts procurement in Korea and expanding its partner firm base."
2023-03-03 02:52:19,Rockwell Automation acquires Knowledge Lens,www.varindia.com,0.628041,0.197106,https://www.varindia.com/news/rockwell-automation-acquires-knowledge-lens,"Rockwell Automation has acquired Bengaluru-based enterprise insights provider Knowledge Lens for an undisclosed sum. This acquisition aims to boost Rockwell's capabilities in data utilization, autonomous manufacturing, and continuous optimization for manufacturers worldwide. Knowledge Lens will join Rockwell's digital services business, Kalypso, to accelerate transformational outcomes for its global clientele, aligning with Rockwell's strategy to expand capabilities and explore early-stage investments in India."
2023-03-02 02:42:19,"Microchip Technology, microchip manufacturer with capital of $50 billion, coming to Armenia",NEWS.am TECH,0.613749,0.364697,https://tech.news.am/eng/news/910/microchip-technology-microchip-manufacturer-with-capital-of-$50-billion-coming-to-armenia.html,"American microchip manufacturer Microchip Technology, with a market capital of $50 billion, is expanding its operations into Armenia. This follows a two-year collaborative agreement with Instigate company, which culminated in Microchip Technology acquiring Instigate Semiconductor. The move is part of a larger trend of major tech and energy companies, including NVIDIA, AMD, and Shell, establishing a presence in Armenia, aiming to boost the country's productivity, innovation, and expertise in high-tech fields."
2023-03-01 02:35:09,HP CEO Lores: Hybrid Work Is ‘Driving Innovation Across Our Portfolio’,CRN Magazine,0.592333,-0.076124,https://www.crn.com/news/components-peripherals/hp-ceo-lores-hybrid-work-is-driving-innovation-across-our-portfolio,"HP CEO Enrique Lores stated that hybrid work is a long-term trend fueling innovation across their portfolio, with their hybrid systems business more than doubling year over year. Despite a general economic downturn and weakening corporate demand impacting PC sales, the company maintains its fiscal year outlook and expects to achieve significant cost savings. HP is also expanding its subscription services and investing in areas like AI and professional workstations."
2023-02-28 14:38:56,BBLU Top Holdings List & Exposure (EA Bridgeway Blue Chip ETF),MarketBeat,0.879231,0.041108,https://www.marketbeat.com/stocks/NYSEARCA/BBLU/holdings/,"This article details the top holdings and exposure breakdown for the EA Bridgeway Blue Chip ETF (BBLU). It lists the top 25 stock holdings by weight, including Broadcom, NVIDIA, and JPMorgan Chase & Co., which collectively comprise over 73% of the fund. Additionally, the article provides a comprehensive analysis of BBLU's geographic, currency, sector, and industry exposure, revealing a 100% focus on the United States and USD, with significant allocations to Technology and Financials."
2023-02-28 14:00:00,Applied Materials stock rises on new chip-making system that helps lower costs,MarketWatch,0.621651,0.378858,https://www.marketwatch.com/story/applied-materials-stock-rises-on-new-chip-making-system-that-helps-lower-costs-ff5c8df6?gaa_at=eafs&gaa_n=AWEtsqcmzIGz-j_GdY0vocAsrVzcFFP82CSevV4X7fZ5QK60HfK43XbVsGyV&gaa_ts=69076842&gaa_sig=JE8jSV6DQfGebfA0aaUCsTrH_ErrdOLNxrW2YV1FLHvWxQWu3FeJ_4Y1e4LqIL0t8lJT3gijrJbNXzW2OFEF3Q%3D%3D,"Applied Materials Inc. shares rose after the company unveiled a new chip-making system designed to lower manufacturing costs for semiconductors. The system, called Centura Sculpta, promises to save fabs like TSMC and Intel $50 per wafer. This innovation led to a notable outperformance of Applied Materials stock compared to its peers and the broader semiconductor market."
2023-02-27 03:10:09,The Future of AI Stocks: 7 Companies to Keep Your Eye On,InvestorPlace,0.958865,0.360094,https://investorplace.com/2023/02/the-future-of-ai-stocks-7-companies-to-keep-your-eye-on/,"This article identifies seven key AI stocks and ETFs that investors should consider due to artificial intelligence's potential to revolutionize various industries. It highlights companies like Nvidia, Microsoft, and Advanced Micro Devices for their direct involvement in AI technology, along with Innodata and C3.ai for their specific AI solutions. Additionally, it suggests AI-focused ETFs like ROBO Global Artificial Intelligence ETF and Global X Robotics & Artificial Intelligence ETF for diversified investment in the burgeoning AI sector."
2023-02-24 09:39:00,"This Week in the Metaverse: BlackRock's new ETF, Titanic artifacts as NFTs, and a Snow Crash Sotheby’s auction",Fortune,0.627568,0.16386,https://fortune.com/crypto/2023/02/24/this-week-in-the-metaverse-blackrock-metaverse-titanic-artifacts-nfts-snow-crash-sothebys-auction/,"BlackRock has launched a new metaverse ETF, allowing investors to engage with companies contributing to virtual platforms, gaming, and AR/VR. In other news, never-before-seen photos of rapper Tupac Shakur are being released as NFTs, while artifacts from the Titanic will also be preserved and sold as NFTs. Additionally, Sotheby's is holding an auction to celebrate 30 years of Neal Stephenson's ""Snow Crash,"" featuring physical and digital items tied to the seminal metaverse novel."
2023-02-23 17:01:00,Intel Corp. stock outperforms market on strong trading day,MarketWatch,0.603721,0.159615,https://www.marketwatch.com/data-news/intel-corp-stock-outperforms-market-on-strong-trading-day-b658b657-06f792a2eb45?gaa_at=eafs&gaa_n=AWEtsqflmI7upZsItDK4b0ass19hqF5OYUtP54G6Re_ya_GkIrNrLZTZJ4sg&gaa_ts=699a7b21&gaa_sig=gu70wzuTIczzRa524K7HP2k5o4L8_V_-LWwLjyBcE1LaHWsduMBaYWm1iUlsUQ-Xfbyke-U59qYL-LdEkt_njg%3D%3D,"Shares of Intel Corp. (INTC) increased by 0.55% to $25.61 on Thursday, outperforming the S&P 500 Index and the Dow Jones Industrial Average, which rose 0.53% and 0.33% respectively. This rise ended a four-day losing streak for Intel, although the stock remains significantly below its 52-week high. Despite the overall positive day for Intel, it underperformed some competitors like NVIDIA Corp."
2023-02-23 12:36:00,"As chatbots boom, Nvidia sales outlook beats Wall Street expectations",Reuters,1.0,0.30024,https://www.reuters.com/technology/nvidia-forecasts-first-quarter-revenue-above-expectations-2023-02-22/,"Nvidia Corp (NVDA.O) surpassed Wall Street's first-quarter revenue expectations, driven by a surge in demand for its chips used in AI services like chatbots. The company announced a new cloud computing service to help businesses develop generative AI, positioning itself to significantly benefit from the growing AI sector despite a broader downturn in the PC market. Analysts project this boom in generative AI could add an additional $14 billion to Nvidia's revenue by 2027."
2023-02-23 03:36:42,"Meet the $10,000 Nvidia chip powering the race for A.I.",CNBC,1.0,0.20873,https://www.cnbc.com/2023/02/23/nvidias-a100-is-the-10000-chip-powering-the-race-for-ai-.html,"The Nvidia A100 chip, costing around $10,000, has become a critical tool in the artificial intelligence industry, powering applications like ChatGPT and Stable Diffusion. Nvidia dominates the market for GPUs used in machine learning, with the A100 serving as a ""workhorse"" for AI professionals and requiring substantial investment for companies to train and deploy AI models. Despite the high costs and emerging competition, Nvidia's CEO Jensen Huang asserts that their GPUs offer a much more affordable solution for developing sophisticated AI models compared to traditional CPU-based data centers."
2023-02-22 16:59:00,"Nvidia adds to AI hype with new cloud-based service, stock jumps on forecast",MarketWatch,1.0,0.261256,https://www.marketwatch.com/story/nvidia-stock-jumps-as-earnings-forecast-come-in-better-than-expected-3e973c71?gaa_at=eafs&gaa_n=AWEtsqdkPrKVcH1jG7f_RtuqI2UM4L9Y1fOTM4-OM-Z8GZPxX5hVeqheGcs6&gaa_ts=699a7d4e&gaa_sig=Ual5ep3K3Gk8L6-UUcH2J_SHJzO09pFAv9_LlJKKBX6cTNLHjzGW809Jk5wNO-LeIpVFDtjNMJci0GwiV26MpA%3D%3D,"Nvidia's shares surged after the company announced strong fiscal fourth-quarter results and plans to make its AI software available on major cloud platforms like Oracle, Microsoft, and Alphabet. CEO Jensen Huang highlighted the potential of their new browser-based DGX Cloud AI supercomputer service to accelerate adoption of higher-margin data-center software, capitalizing on the booming interest in artificial intelligence. This move is expected to expand the chip maker's revenue streams beyond hardware."
2023-02-21 16:11:00,"Nvidia earnings overshadowed by Microsoft, ChatGPT, OpenAI, 10-year gaming partnership",MarketWatch,1.0,0.360011,https://www.marketwatch.com/story/nvidia-earnings-overshadowed-by-microsoft-chatgpt-openai-10-year-gaming-partnership-275b126b?gaa_at=eafs&gaa_n=AWEtsqdU1D5kaE4hzKtdENT5kyoVE1MPsw_j_63rfZC8xeqKtrP1Ws7vMb6g&gaa_ts=699a7d4e&gaa_sig=iY3-QRep-GEGHUYdMHHobN3djroNJtQDZHMeS-GhoZv8hixAuntEpR89cMogUb0LcAQaVQXjbg0pgK2chJt3PA%3D%3D,"Nvidia's upcoming earnings report is largely overshadowed by its new 10-year partnership with Microsoft to bring Activision Blizzard and Xbox games to GeForce Now. This partnership also highlights Nvidia's role in powering AI technologies like OpenAI's ChatGPT, especially given Microsoft's recent investment in OpenAI and plans to integrate its AI across services. The focus is now on Nvidia's data-center sales and its contribution from public cloud providers such as Microsoft Azure."
2023-02-21 14:18:00,Microsoft teams up with Nvidia and Nintendo in 10-year deal to stream Xbox games,MarketWatch,1.0,0.214633,https://www.marketwatch.com/story/microsoft-teams-up-with-nvidia-and-nintendo-in-10-year-deal-to-stream-xbox-games-c0e9a141?gaa_at=eafs&gaa_n=AWEtsqfOcoGhOvLR5L7NpsmkRXfXo4SfUsKaEiLGqTzhFYedaL812PzN-l_o&gaa_ts=699a7d4c&gaa_sig=-BlxSmWavt1nhUtsoyS5_Hlnr8HtS7aW-qP5TfPnHMK6s_BhE4Ub26r8aWXfcssoMJPpdGEx0rW25ltm-e0AyQ%3D%3D,"Microsoft has secured 10-year agreements with Nvidia and Nintendo to stream Xbox games as part of its strategy to address antitrust concerns regarding its proposed acquisition of Activision Blizzard. This partnership aims to make Xbox and potential Activision titles available on Nvidia's GeForce Now cloud gaming service and Nintendo platforms, covering various devices. The move is intended to placate regulators scrutinizing the $69 billion deal."
2023-02-21 03:36:42,Microsoft and NVIDIA Announce Expansive New Gaming Deal,NVIDIA Newsroom,0.325481,0.028403,https://nvidianews.nvidia.com/news/microsoft-and-nvidia-announce-expansive-new-gaming-deal,"Microsoft and NVIDIA have announced a 10-year partnership to bring Xbox PC games, including Activision Blizzard titles like Call of Duty, to NVIDIA's GeForce NOW cloud gaming service. This agreement will allow over 25 million GeForce NOW members to stream these games across various devices and resolves NVIDIA's concerns regarding Microsoft's acquisition of Activision Blizzard, leading NVIDIA to support the regulatory approval of the merger. The collaboration aims to expand gaming choices and make popular titles more accessible through cloud streaming."
2023-02-21 03:36:42,"NVIDIA GTC 2023 to Feature Latest Advances in AI Computing Systems, Generative AI, Industrial Metaverse, Robotics; Keynote by Jensen Huang; Talks by OpenAI, DeepMind Founders",NVIDIA Newsroom,1.0,0.462639,https://nvidianews.nvidia.com/news/nvidia-gtc-2023-to-feature-latest-advances-in-ai-computing-systems-generative-ai-industrial-metaverse-robotics-keynote-by-jensen-huang-talks-by-openai-deepmind-founders,"NVIDIA announced its GTC 2023 conference, scheduled for March 20-23, will feature a keynote by CEO Jensen Huang focusing on generative AI, the metaverse, large language models, and robotics. The virtual event expects over 250,000 registrants and more than 650 sessions, including talks from leaders like OpenAI co-founder Ilya Sutskever and DeepMind's Demis Hassabis. GTC 2023 will also offer learning opportunities, dedicated sessions for startups, and a financial analyst Q&A session."
2023-02-19 20:09:19,Long AI Short Hype for CME_MINI:MNQM2023 by mintdotfinance,TradingView — Track All Markets,0.587432,0.06264,https://www.tradingview.com/chart/MNQM2023/NMebKLnq-Long-AI-Short-Hype/,"This article analyzes the current hype surrounding generative AI, using the iShares Exponential Technologies ETF (XT) as a proxy for innovation. It proposes a spread trade—long on CME Micro E-Mini Nasdaq Futures (MNQ) and short on XT—to capitalize on the expected normalization after the initial hype cycle, aiming for a 1.49x reward-to-risk ratio. The strategy is designed to generate alpha by neutralizing beta in an uncertain market."
2023-02-15 16:36:00,Advanced Micro Devices Inc. stock outperforms competitors despite losses on the day,MarketWatch,0.732903,0.121382,https://www.marketwatch.com/story/advanced-micro-devices-inc-stock-outperforms-competitors-despite-losses-on-the-day-77f499b1-f3caa5e7afbf?tesla=y&gaa_at=eafs&gaa_n=AWEtsqc9HqSI3tPU4rDny-MrU7BMJCS10iIHEDm1fm7fiOVJUtP9DCyRTuMD&gaa_ts=699a760a&gaa_sig=3FvQZqqU_w15FVQZuVf6ezlDRwvTk-IEcax6NPR2M4WM808x9jn-yw6zgVGgfXPkEO4wadogBAHmwQ5uFKwH7A%3D%3D,"Shares of Advanced Micro Devices Inc. (AMD) fell by 0.90% to $85.18 on Wednesday, despite a generally positive trading session for the stock market. The decline broke a two-day winning streak for AMD, which closed significantly below its 52-week high. Compared to competitors, AMD's performance was mixed, with NVIDIA Corp. also falling, while Intel Corp. and Applied Materials Inc. saw gains."
2023-02-08 03:18:18,Equinix uses two-phase cooling on live Metal cloud servers,Data Center Dynamics,0.630019,0.152869,https://www.datacenterdynamics.com/en/news/equinix-uses-two-phase-cooling-on-live-metal-cloud-servers/,"Equinix has implemented two-phase liquid cooling on live production servers for its Metal infrastructure-as-a-service offering, using ZutaCore technology. This system, which involves a fluid boiling and condensing to remove heat more efficiently, has been running stably for six months in its NY5 data center. The company is testing this on standard hardware to prepare for higher thermal design power (TDP) servers and address potential future industry needs for more efficient cooling solutions, despite current PUE metrics not fully capturing its benefits."
2023-02-07 03:27:34,The 3 Best Quantum Computing Stocks to Buy for February 2023,InvestorPlace,0.848798,0.253908,https://investorplace.com/2023/02/the-3-best-quantum-computing-stocks-to-buy-for-february-2023/,"This article highlights the three best quantum computing stocks to consider for February 2023: IBM, IonQ, and Nvidia. It discusses how quantum computing is a rapidly growing field with diverse applications and a projected market value of $1.77 billion annually by 2026. The author provides reasons why each company is a strong investment in this emerging technology sector."
2023-02-01 03:05:46,CEO longevity pays off for JPMorgan Chase’s Jamie Dimon and other chiefs of World’s Most Admired Companies,Fortune,0.612573,0.145491,https://fortune.com/2023/02/01/veteran-ceos-longevity-jamie-dimon-warren-buffett-jensen-huang-vicki-hollub/,"This article highlights how CEO longevity, exemplified by Jamie Dimon of JPMorgan Chase, contributes to a company's success and reputation, as seen in Fortune's World's Most Admired Companies list. Long-tenured CEOs develop deep pattern recognition, build strong internal cultures, and foster innovation, leading to greater efficiency and financial performance. The article also touches on other long-serving CEOs like Warren Buffett and Jensen Huang, and notes Elon Musk's recent ""most overrated CEO"" distinction."
2023-01-31 04:46:43,India’s First NVIDIA DGX-Ready Data Center Colocation Provider,www.varindia.com,0.878496,0.169164,https://www.varindia.com/news/indias-first-nvidia-dgxready-data-center-colocation-provider,"Sify Technologies Limited (NASDAQ: SIFY) has been recognized as India's first NVIDIA DGX-Ready data center colocation provider, enabling customers to host NVIDIA DGX A100 systems. This partnership allows Sify to offer high-compute density, performance, and flexible infrastructure for AI workloads. Enterprises will benefit from AI-powered insights, efficient ROI on AI infrastructure, and scalable AI clusters for private cloud deployments."
2023-01-30 15:25:23,2 Chip Stocks to Buy Instead of NVIDIA In 2023,Entrepreneur,0.825494,0.302868,https://www.entrepreneur.com/finance/2-chip-stocks-to-buy-instead-of-nvidia-in-2023/443917,"Despite macroeconomic headwinds and regulatory actions impacting the chip industry, technological advancements and government support are poised to drive long-term growth. This article suggests two fundamentally strong semiconductor stocks, Taiwan Semiconductor (TSM) and Photronics (PLAB), as solid buys for 2023, offering an alternative to NVIDIA Corp. (NVDA) due to their robust financials and promising market outlook."
2023-04-25 01:54:29,Right on Track: NVIDIA Open-Source Software Helps Developers Add Guardrails to AI Chatbots,NVIDIA Blog,1.0,0.423434,https://blogs.nvidia.com/blog/ai-chatbot-guardrails-nemo/,"NVIDIA has released NeMo Guardrails, new open-source software designed to help developers ensure generative AI applications, particularly those powered by large language models, remain accurate, appropriate, on-topic, and secure. This software enables the creation of topical, safety, and security guardrails to prevent AI from veering off course, filtering unwanted language, and restricting connections to safe third-party applications. NeMo Guardrails is compatible with various developer tools like LangChain and Zapier, and is integrated into the NVIDIA NeMo framework, which can also be accessed as part of the NVIDIA AI Enterprise platform or as a service."
2023-04-21 01:23:56,"Zacks Investment Ideas feature highlights: Nvidia, First Solar, Intuitive Surgical, Dexcom and Asure Software",TradingView,0.794577,0.380595,https://www.tradingview.com/news/zacks:c9ddb3e1d094b:0-zacks-investment-ideas-feature-highlights-nvidia-first-solar-intuitive-surgical-dexcom-and-asure-software/,"This article from Zacks Investment Ideas spotlights five stocks across three attractive industry groups: Solar Energy, Medical Products, and Enterprise Software. It highlights Nvidia, First Solar, Intuitive Surgical, Dexcom, and Asure Software as promising investments. The piece discusses how these sectors offer diversification and growth potential amidst dynamic market trends and industry rotations."
2023-04-10 17:53:40,Rebellions CEO aims to outrival Qualcomm within a decade,The Korea Economic Daily Global Edition,0.721036,0.231535,https://www.kedglobal.com/korean-startups/newsView/ked202304100022,"Rebellions Inc., a South Korean AI chip design startup, plans to mass-produce its ATOM AI chips early next year after its ATOM chip outperformed rivals like Qualcomm and Nvidia in MLPerf tests. The CEO, Park Sung-hyun, aims to surpass Qualcomm within a decade, seeking validation from potential clients like Google and Microsoft, with significant investment already secured from various venture capitalists and institutional investors. The company's success is seen as good news for Korea's semiconductor"
2023-04-07 01:28:43,Cadence Launches Cloud AI Tool to Shrink PCB Placement and Routing Times,All About Circuits,0.595167,0.373325,https://www.allaboutcircuits.com/news/cadence-launches-cloud-ai-tool-to-shrink-pcb-placement-and-routing-times/,"Cadence Design Systems has introduced its new Allegro X AI technology, a cloud-based tool designed to automate PCB placement and routing. This AI-driven solution, built on the Allegro X Design Platform, aims to significantly reduce design turnaround times by up to ten times, improving productivity, enhancing quality through early feasibility analysis, and replacing traditional rule-of-thumb methods with a physics-based approach. Early customer testing has shown substantial time savings and improved wire lengths in PCB designs."
2023-04-05 01:36:00,"Google says its AI supercomputer is faster, greener than Nvidia A100 chip",Reuters,0.329012,0.046483,https://www.reuters.com/technology/google-says-its-ai-supercomputer-is-faster-greener-than-nvidia-2023-04-05/,"Google has released new details about its custom-designed Tensor Processing Unit (TPU) supercomputers, claiming they are faster and more power-efficient than Nvidia's A100 chip systems. The supercomputers, which have been online since 2020, use optical switches to connect over 4,000 TPUs, allowing for efficient training of large AI models like Google's PaLM. Google hinted at future TPU developments that could compete with Nvidia's current H100 chip."
2023-04-02 07:13:11,"GLOBAL X FDS (BOTZ) Stock Price, Holdings, Dividend Yield",GuruFocus,0.84874,0.164665,https://www.gurufocus.com/etf/BOTZ/summary,"This article provides a detailed overview of the Global X Robotics & Artificial Intelligence ETF (BOTZ), including its stock price, key statistics, top holdings, and historical performance. It highlights NVIDIA Corp (NVDA), ABB Ltd (XSWX:ABBN), and Fanuc Corp (TSE:6954) as some of its largest constituents, detailing their weighting and market data. The ETF's current portfolio value is reported at $2.81 billion with a 3% turnover rate, holding 47 stocks as of the latest N-PORT filing."
2023-04-02 01:45:06,The 7 Best Robotics Stocks to Buy for Long-Term Growth,InvestorPlace,0.834501,0.685611,https://investorplace.com/2023/04/the-7-best-robotics-stocks-to-buy-for-long-term-growth/,"This article identifies seven top robotics stocks for long-term growth, highlighting the rapid expansion of the robotics market and its increasing integration into various industries. It emphasizes that advancements in computing power and AI are making mechatronic devices capable of complex tasks, with projected market growth reaching $214 billion by 2030. The article details companies like UiPath, iRhythm Technologies, Nvidia, iRobot, Intuitive Surgical, ABB, and Teradyne, discussing their unique contributions and market positions within the robotics sector."
2023-03-28 12:20:00,Micron Could Report Largest Ever Loss in Q2,Investopedia,0.634536,-0.233756,https://www.investopedia.com/micron-q2-fy2023-earnings-preview-7372006,"Micron Technology Inc. (MU) is projected to report its largest-ever loss in the second fiscal quarter of 2023, with an estimated net loss of nearly $1.2 billion and EPS of -$1.06, a significant drop from the prior year. This financial struggle is attributed to weak consumer demand, high inflation, inventory issues, and industry-wide supply constraints. Analysts predict negative gross margins for the first time in 15 years, with an expected inventory write-down in the range of a billion dollars."
2023-03-27 08:00:00,Beamr teams with NVIDIA to accelerate Beamr technology on NVIDIA GPUs,Stock Titan,0.869808,0.278835,https://www.stocktitan.net/news/BMR/beamr-teams-with-nvidia-to-accelerate-beamr-technology-on-nvidia-gp-v0u8p9gamycs.html,"Beamr Imaging Ltd. announced that its video encoding technology now supports NVIDIA GPU acceleration, achieving up to 10x faster encoding speeds compared to CPUs. This advancement enables real-time optimization for live video streams, reducing storage and bitrate while maintaining high visual quality. Beamr is collaborating with NVIDIA to develop a cloud-based Software-as-a-Service (SaaS) offering, with a beta launch planned for Q3 2023, aiming to attract new customers with competitive pricing."
2023-03-23 02:53:59,"Fast, sustainable delivery—thanks to your friendly neighborhood robot",Morning Brew,0.648946,0.415115,https://www.morningbrew.com/stories/2023/03/23/serve-robotics-robot-delivery,"Serve Robotics is leading the way in sustainable, autonomous urban delivery with its zero-emission sidewalk robots, aiming to reduce CO2 emissions from last-mile deliveries. The company has completed over 20,000 deliveries and achieved Level 4 autonomy, operating without human supervision in designated areas. Serve Robotics is rapidly scaling its operations, with plans to expand to new cities and leverage its technology to address broader societal challenges like traffic and accidents."
2023-08-28 18:24:00,"Hedge fund exposure to 7 biggest tech stocks at record high, Goldman Sachs says",Reuters,0.971623,0.437847,https://www.reuters.com/business/finance/hedge-fund-exposure-7-biggest-tech-stocks-record-high-goldman-sachs-says-2023-08-28/,"Hedge funds have reached record exposure to the seven largest tech stocks by market capitalization, according to Goldman Sachs data, driven by strong performance and the artificial intelligence theme. These seven stocks, including Nvidia, Apple, and Microsoft, now constitute about 20% of the total net market value held by hedge funds tracked by Goldman Sachs. Despite the concentration risk, investment managers rationalize these allocations due to the significant returns generated by these companies this year."
2023-08-28 08:40:54,Invesco AI and Next Gen Software ETF,ETF Database,0.630568,0.304226,https://etfdb.com/etf/IGPT/,"This page provides a detailed profile of the Invesco AI and Next Gen Software ETF (IGPT), covering its price, performance, holdings, expenses, and ESG scores. The ETF focuses on technology equities, specifically software and artificial intelligence, with a significant concentration in large-cap U.S. technology companies. It also includes sections on historical trading data, fund flows, and comparisons to other technology equities ETFs."
2023-08-26 22:45:37,Nvidia Stock Is a Top Holding in These Tech ETFs,ETF.com,0.970835,0.188819,https://www.etf.com/sections/etf-basics/nvidia-stock-top-holding-these-tech-etfs,"Nvidia Corporation (NVDA) is a top holding in many tech, AI, and semiconductor ETFs due to its crucial role in manufacturing GPUs that power AI applications. Despite potential challenges like competition and geopolitical factors, Nvidia's innovative technology and market dominance make it a key component for investors seeking exposure to the rapidly growing AI market. ETFs like the VanEck Semiconductor ETF (SMH) and the Strive U.S. Semiconductor ETF (SHOC) have significant allocations to NVDA, reflecting its importance in the sector."
2023-08-25 22:07:38,AMD debuts two new graphics cards for the consumer market,SiliconANGLE,0.802687,0.271126,https://siliconangle.com/2023/08/25/amd-debuts-two-new-graphics-cards-consumer-market/,"AMD has introduced two new graphics cards, the Radeon RX 7800 XT and RX 7700 XT, to compete with Nvidia in the consumer chip market. These cards, priced at $499 and $449 respectively, are positioned as more affordable alternatives to high-end GPUs while offering significant performance per dollar. Based on AMD's latest RDNA 3 architecture, they include features like upgraded machine learning accelerators, ray tracing optimization, and FSR 3 technology for improved gaming visuals."
2023-08-24 16:23:00,Bullish on Nvidia? This single-stock ETF could offer 1.5 times leverage on the popular chip stock — but be careful what you wish for.,MarketWatch,0.962976,0.240752,https://www.marketwatch.com/story/bullish-on-nvidia-this-single-stock-etf-could-offer-1-5-times-leverage-on-the-chip-maker-stock-but-be-careful-what-you-wish-for-c9966f8f?gaa_at=eafs&gaa_n=AWEtsqel2IW8gMXTj2r35GckxSJa8xU25WH75pEAv0JlWAw-QrvaqoIVzgqb&gaa_ts=699a310c&gaa_sig=ysyyhewIkqjR_lOLwkLY_6aQqrVLU-y_gzJHLv5mJsdspplZ-Yi8QwnJEOR9h2ZA6y4SQaOYLW1x3ci9vz24Wg%3D%3D,"This article discusses single-stock ETFs, focusing on those linked to Nvidia following its strong earnings report. It highlights how these ETFs offer leveraged exposure to the chipmaker, which is a key player in the AI industry, while also cautioning potential investors about the inherent risks."
2023-08-24 01:52:19,Technical Analysis of GraniteShares 2x Short NVDA Daily ETF (NASDAQ:NVD),TradingView,0.724599,0.040668,https://www.tradingview.com/symbols/NASDAQ-NVD/technicals/,"This article provides a technical analysis of the GraniteShares 2x Short NVDA Daily ETF (NVD) using various indicators. It summarizes signals from moving averages, oscillators, and pivots across different timeframes, offering insights into potential buy, sell, or neutral trends. The analysis also includes an FAQ section explaining key technical analysis concepts and their application to NVD."
2023-08-23 22:36:16,NVIDIA Announces Financial Results for Second Quarter Fiscal 2024,NVIDIA Newsroom,1.0,0.577074,https://nvidianews.nvidia.com/news/nvidia-announces-financial-results-for-second-quarter-fiscal-2024,"NVIDIA reported record revenue of $13.51 billion for the second quarter of fiscal 2024, a 101% increase from a year ago, driven by strong growth in Data Center revenue at $10.32 billion. The company also announced a new $25.00 billion share repurchase authorization and provided a positive outlook for the third quarter, expecting revenue of $16.00 billion. The CEO highlighted the ongoing transition to accelerated computing and generative AI as key drivers for NVIDIA's success."
2023-08-23 22:08:36,"Arm, the Chip Designer, Files for an I.P.O. Expected to Be Among the Largest (Published 2023)",The New York Times,0.749025,0.179856,https://www.nytimes.com/2023/08/21/technology/chip-designer-arm-ipo-softbank.html,"Arm, the chip design company owned by SoftBank, has filed for an initial public offering (IPO) on the Nasdaq exchange, which is anticipated to be one of the largest in recent years. This move follows Nvidia's abandoned bid to acquire Arm for $40 billion 18 months prior. The IPO will provide SoftBank with additional capital for investments, and SoftBank will retain its position as Arm's controlling shareholder."
2023-08-23 22:07:50,"GraniteShares' Single Stock ETFs Will Follow Nvidia, Tesla, AMD",ETF.com,0.919631,0.274807,https://www.etf.com/sections/daily-etf-watch/graniteshares-single-stock-etfs-will-follow-nvidia-tesla-amd,"GraniteShares has launched four new single-stock ETFs to capitalize on the trading momentum of Nvidia, Tesla, and Advanced Micro Devices. These new ETFs offer unique leveraged and short exposures, with the GraniteShares 1.5x Short NVDA Daily ETF (NVD) launching just before Nvidia's earnings report. The asset manager plans to roll out almost three dozen more such filings, emphasizing being first to market with these trading-focused products."
2023-08-23 02:52:50,NVD - GraniteShares 2x Short NVDA Daily ETF Stock Price and Quote,Finviz - Stock Screener,0.931322,-0.071448,https://finviz.com/quote.ashx?t=NVD,"This article provides detailed stock price and quote information for the GraniteShares 2x Short NVDA Daily ETF (NVD), an exchange-traded fund designed to deliver inverse daily returns of NVIDIA Corporation's stock. It includes performance metrics, financial data, and relevant news headlines. The ETF aims to replicate -1.5 times the daily percentage change of NVIDIA's common stock through swap agreements."
2023-08-22 22:15:23,Report: AI startup Hugging Face hoping to raise millions from Salesforce and other investors,SiliconANGLE,0.614474,0.239814,https://siliconangle.com/2023/08/22/report-ai-startup-hugging-face-hoping-raise-millions-salesforce-investors/,"AI startup Hugging Face is reportedly seeking to raise $200 million in venture capital, with Salesforce Inc. expected to lead the funding round. This investment would more than double Hugging Face's current $2 billion valuation, bringing it to $4 billion. The funds will support its platform which hosts over 100,000 open-source AI models and offers paid functionalities like AutoTrain and Inference API."
2023-08-17 22:26:03,"Hesai Reports Record Lidar Sales, Revenue",The BRAKE Report,0.611447,0.368286,https://thebrakereport.com/hesai-reports-record-lidar-sales-revenue/,"Hesai Technology (NASDAQ: HSAI) reported record-breaking unaudited financial results for Q2 2023, with quarterly revenue reaching RMB440.3 million ($60.7 million), a 108.5% YoY increase. The company shipped 52,106 lidar units, a 946.5% YoY increase, significantly driven by ADAS lidar growth. Hesai also solidified its position as the No. 1 global automotive lidar supplier, secured new design wins with major OEMs, and deepened its collaboration with NVIDIA."
2023-08-16 12:32:00,Intel’s Terminated $5.4B Tower Acquisition: 5 Big Things To Know,CRN Magazine,0.317323,-0.033622,https://www.crn.com/news/components-peripherals/intel-s-terminated-5-4b-tower-acquisition-5-big-things-to-know,"Intel terminated its $5.4 billion acquisition of Tower Semiconductor due to regulatory approval issues, a setback for CEO Pat Gelsinger's IDM 2.0 strategy and Intel Foundry Services. The deal's failure, possibly due to U.S.-China geopolitical tensions, resulted in a $353 million termination fee. Despite this, Intel remains committed to its foundry business, aiming to become the second-largest global external foundry by 2030, though Tower's capacity and customer base would have provided a significant boost."
2023-08-13 16:36:00,SK Telecom to invest $100M in AI company Anthropic,Korea JoongAng Daily,0.647643,0.307283,https://koreajoongangdaily.joins.com/news/2023-08-13/business/industry/SK-Telecom-to-invest-100M-in-AI-company-Anthropic-/1845686,"SK Telecom announced a $100 million investment in U.S. AI company Anthropic to expand its presence in the AI sector and collaborate on developing an AI platform and large language model. This partnership is expected to accelerate the development of the global Telco AI Platform, aligning with SK Telecom's broader strategy to foster an AI ecosystem with international telecommunications companies. Anthropic's chief scientist will lead the development of a new LLM supporting multiple languages, including Korean, English, German, and Japanese."
2023-08-09 16:18:00,Opinion: Why Nvidia investors are rattled by Supermicro’s AI chip supply constraints,MarketWatch,0.89122,-0.055187,https://www.marketwatch.com/story/why-nvidia-investors-are-rattled-by-supermicros-ai-chip-supply-constraints-62a20581?gaa_at=eafs&gaa_n=AWEtsqeQAj3OmGN_4I7pMXo5Elf0buh2sSjENPcb2lgBL6Ccvnjp6RezyMJA&gaa_ts=69077e8f&gaa_sig=k6VNPw6cEgbly1bV6cF6tY6KZrAe2fKkx7_4xHeXNFhhZNblRZ70-Bd4iyD4uHjPKEvKsYx-Q506HVYjlpnF1w%3D%3D,"Nvidia investors are concerned by AI chip supply constraints reported by Supermicro, a Silicon Valley computer and server maker. Supermicro's executives stated they need more AI chips from Nvidia, confirming existing supply limitations for Nvidia's popular graphics chips. This suggests that the high demand for AI applications may face hardware availability issues."
2023-08-07 06:49:00,Micron Launches Memory Expansion Module Portfolio to Accelerate CXL 2.0 Adoption,TechPowerUp,0.623619,0.277016,https://www.techpowerup.com/312127/micron-launches-memory-expansion-module-portfolio-to-accelerate-cxl-2-0-adoption,"Micron Technology announced the sample availability of its CZ120 memory expansion modules, designed to accelerate CXL 2.0 adoption. These modules, available in 128 GB and 256 GB capacities, enhance server systems by providing incremental memory capacity and bandwidth, particularly beneficial for AI, SaaS, and HPC workloads. Micron is collaborating with Intel and AMD to validate the CZ120 modules on their CXL-compatible platforms."
2023-08-04 18:40:00,AMD's stock breaks with chip selloff to finish week higher as analyst cites 'important buying opportunity',MarketWatch,0.849219,-0.075032,https://www.marketwatch.com/story/amds-stock-breaks-with-chip-selloff-to-finish-week-higher-as-analyst-cites-important-buying-opportunity-b3440333?gaa_at=eafs&gaa_n=AWEtsqenVUzOY-yAulcQRNxtBs7qFwokXjdTrJc3odzbUV0_t_YBZb542QeU&gaa_ts=699a302d&gaa_sig=SuhwRygwWlryNwcvAY4Q8q6FgvxAIX9WGXwXBxquKIH4VuUuQsXN9RQRvgT7IJj9ISrBLr3UxkhE9uMpxm5b8w%3D%3D,"Advanced Micro Devices (AMD) shares unexpectedly rose last week, up 2.6%, despite a broader chip sector selloff that saw Nvidia and the PHLX Semiconductor Index decline significantly. An analyst pointed to this performance as an ""important buying opportunity"" for AMD. Nvidia's earnings report is anticipated on August 23rd."
2023-08-03 00:00:00,CoreWeave Secures $2.3 Billion Debt Financing Facility led by Magnetar Capital and Blackstone to Meet Surging Demand and Ongoing Expansion of Specialized Cloud Infrastructure to Power AI,Blackstone,0.604786,0.31794,https://www.blackstone.com/news/press/coreweave-secures-2-3-billion-debt-financing-facility-led-by-magnetar-capital-and-blackstone-to-meet-surging-demand-and-ongoing-expansion-of-specialized-cloud-infrastructure-to-power-ai/,"CoreWeave has secured a $2.3 billion debt financing facility led by Magnetar Capital and Blackstone to fuel its expansion of specialized cloud infrastructure for AI. This funding will enable CoreWeave to purchase more compute resources, open new data centers, and grow its staff to meet the surging demand for large-scale GPU-accelerated workloads in the generative AI space. The company plans to have 14 data centers by the end of 2023 and recently unveiled the world's fastest AI supercomputer."
2023-08-02 11:17:00,Beating the benchmark? How AI-driven ETFs stack up,CNBC,0.646281,0.179046,https://www.cnbc.com/2023/08/02/beating-the-benchmark-how-ai-driven-etfs-stack-up.html,"The article discusses the performance of AI-driven ETFs and whether they offer an information advantage in stock selection compared to traditional benchmarks. It highlights examples like the QRAFT AI-Enhanced U.S. Large Cap Momentum ETF (AMOM) and the AI Powered Equity ETF (AIEQ), noting AMOM's outperformance against a momentum benchmark while AIEQ trails the S&P 500. The piece also explores the potential benefits of AI in portfolio management, such as a lack of emotion and more frequent rebalancing."
2023-07-28 10:18:00,U.S. chipmaker AMD to invest $400 million in India by 2028,Reuters,0.583639,0.256528,https://www.reuters.com/technology/us-chipmaker-amd-invest-400-mln-india-by-2028-2023-07-28/,"U.S. chipmaker Advanced Micro Devices (AMD.O) announced a significant investment of $400 million in India over the next five years, including the establishment of its largest design center in Bengaluru, creating 3,000 new engineering jobs. This move aligns with India's efforts to become a chipmaking hub, attracting other major players like Applied Materials and Micron with its incentive programs. AMD's expansion underscores the country's growing importance in the global semiconductor industry."
2023-07-27 23:36:53,UMC forecasts utilization rate to fall to 65%,Taipei Times,0.609625,-0.36974,https://www.taipeitimes.com/News/biz/archives/2023/07/27/2003803792,"United Microelectronics Corp (UMC) anticipates its factory utilization rate will drop further to about 65% in the current quarter due to prolonged inventory correction and weak end-market demand. This represents the lowest utilization since Q4 2011, and the company finds it difficult to predict a bottom given customer inventory destocking through next quarter. Despite this, UMC plans to expand its 28-nanometer capacity and is doubling its silicon interposer wafer capacity to meet growing demand for AI chips."
2023-07-27 23:07:35,One in ten retail investors using Chat GPT-style AI to help pick and manage investments,eToro,0.626366,0.170562,https://www.etoro.com/news-and-analysis/press-releases/one-in-ten-retail-investors-using-chat-gpt-style-ai-to-help-pick-and-manage-investments/,"A study by eToro reveals that 11% of retail investors are currently using AI tools like ChatGPT for investment decisions, with this figure rising to 19% among 34-44-year-olds. An additional 35% are open to using AI, citing benefits like time savings and improved decision-making, while 40% remain against it. The findings also indicate strong retail investor confidence in the technology sector, with 30% planning to increase investment in tech for the rest of 2023, specifically highlighting AI."
2023-07-26 23:23:30,ServiceNow CEO Bill McDermott: Generative AI Could Boost Global GDP By Almost $7 Trillion,CRN,0.897212,0.402313,https://www.crn.com/news/cloud/servicenow-ceo-bill-mcdermott-generative-ai-could-boost-global-gdp-by-almost-7-trillion,"ServiceNow CEO Bill McDermott believes generative AI could boost global GDP by nearly $7 trillion, seeing it as a transformative moment comparable to the internet or iPhone. ServiceNow is integrating generative AI into all its workflow offerings and is partnering with Nvidia to accelerate customer value realization from AI. The company also reported strong second-quarter results, exceeding analyst expectations, driven by its role in digital transformation."
2023-07-26 09:20:00,"Micron Delivers Industry's Fastest, Highest-Capacity HBM to Advance Generative AI Innovation",TechPowerUp,0.808483,0.443476,https://www.techpowerup.com/311709/micron-delivers-industrys-fastest-highest-capacity-hbm-to-advance-generative-ai-innovation,"Micron Technology announced it has begun sampling the industry's first 8-high 24 GB HBM3 Gen2 memory, boasting bandwidth greater than 1.2 TB/s and pin speed over 9.2 Gb/s, a significant improvement over existing HBM3 solutions. This new memory offers a 2.5 times performance per watt improvement, setting new benchmarks for AI data center metrics and reducing training times for large language models like GPT-4. Micron's 12-high stack with 36 GB capacity is expected to sample in early 2024, further enhancing capacity and efficiency for generative AI and HPC applications."
2023-07-24 15:48:18,KT invests over $11 mn in AI software company Moreh,KED Global,0.84167,0.192594,https://www.kedglobal.com/artificial-intelligence/newsView/ked202307240009,"South Korea's KT Corp. is investing 15 billion won ($11.6 million) in Moreh, an AI infrastructure software company, marking its second investment since 2021. This strategic move aims to challenge Nvidia's dominance in AI services and strengthen KT's position as a full-stack AI operator, providing both hardware and software solutions. The investment supports KT's development of hyperscale AI Mi:dm and expansion of B2B AI services, reducing reliance on foreign GPU technologies."
2023-07-24 07:06:00,"Nvidia is ‘dominating’ and could unlock $300 billion in AI revenue by 2027, analyst says",MarketWatch,1.0,0.206995,https://www.marketwatch.com/story/nvidia-is-dominating-and-could-unlock-300-billion-in-ai-revenue-by-2027-analyst-says-915935c0?gaa_at=eafs&gaa_n=AWEtsqdZbDmo_UqdgiymSy_eMfQibJhQEGqfQAbHtZ1eD00JN-6kQ2KnyWqN&gaa_ts=699a420f&gaa_sig=KwX73C7J42afW_H8KO9A0WhlzDI_rgsoN20vYtUJ1W23p9k-8ok8KPYs5IyZLy5Hn3zIiMewR7nNIg-skwgTfg%3D%3D,"Mizuho analyst Vijay Rakesh is increasingly optimistic about Nvidia's prospects, projecting the company could tap into $300 billion in AI-related revenue by 2027. Rakesh believes Nvidia will maintain a significant share in the AI server market despite potential future competition. This outlook comes as Nvidia's stock has already seen a 200% increase this year."
2023-07-18 23:21:42,Microsoft and Meta expand their AI partnership with Llama 2 on Azure and Windows,The Official Microsoft Blog,0.610714,0.568517,https://blogs.microsoft.com/blog/2023/07/18/microsoft-and-meta-expand-their-ai-partnership-with-llama-2-on-azure-and-windows/,"Microsoft and Meta are expanding their AI partnership, bringing Meta's Llama 2 large language models to Azure and Windows. This collaboration aims to democratize AI by providing developers with open models, enabling them to build generative AI tools and experiences. Azure customers can now fine-tune and deploy Llama 2 models, while Windows developers can run Llama locally, integrating AI safety features from both companies."
2023-07-14 14:11:00,"Fortinet’s stock nabs record closing high, while Microsoft, Nvidia, Broadcom bids all fall short",MarketWatch,0.749462,0.116531,https://www.marketwatch.com/story/microsoft-nvidia-broadcom-fortinet-all-vie-for-record-closing-highs-as-ai-drives-tech-gains-c9b63cf9?gaa_at=eafs&gaa_n=AWEtsqcgxdb4uI6uCmy9LAF_f9EzVN55rvy8RwRDvXDe0Sf-WCJlMrmt3Prt&gaa_ts=6907708a&gaa_sig=_rMl4ZKlGCCojUZXFSw4W8kGUNR5zdxWVQ8xfCtLrIHwSGqN0gNq33DUFttVqVRqJ1FeAw3B6BIED6v2cE3LKQ%3D%3D,"On Friday, July 14, 2023, several AI-related stocks, including Microsoft, Nvidia, and Broadcom, aimed for record closing highs, but only Fortinet succeeded. Nvidia and Broadcom shares initially rose following positive analyst feedback on their AI chip market potential but ultimately closed down. This illustrates the fluctuating nature of the tech rally driven by artificial intelligence."
2023-07-13 00:00:00,Aehr Reports Record Revenue and Profit for Fiscal 2023 and Guides for Over 50% Increase in Revenue for Fiscal 2024 on Strength from Semiconductor Wafer Level Test and Burn-in Demand,Aehr Test Systems,0.573505,0.429961,https://www.aehr.com/2023/07/aehr-reports-record-revenue-and-profit-for-fiscal-2023-and-guides-for-over-50-increase-in-revenue-for-fiscal-2024-on-strength-from-semiconductor-wafer-level-test-and-burn-in-demand/,"Aehr Test Systems announced record financial results for fiscal 2023, with net sales reaching $65.0 million and GAAP net income of $14.6 million, driven by demand for semiconductor wafer level test and burn-in products. The company also provided strong guidance for fiscal 2024, projecting revenue of at least $100 million, a 50% increase, and GAAP net income of at least $28 million, reflecting over 90% growth. This growth is attributed to increased adoption of their FOX systems and WaferPak Contactors for silicon carbide in electric vehicles, as well as new opportunities in silicon photonics and gallium nitride markets."
2023-07-12 14:50:05,"HIVE Rebrands, Announces Expansion Into Cloud Computing Services",Bitcoin Magazine,0.846928,0.216583,https://bitcoinmagazine.com/business/hive-rebrands-announces-expansion-into-cloud-computing-services,"HIVE Digital Technologies Ltd., formerly HIVE Blockchain, has rebranded and announced its expansion into cloud computing services, utilizing its 38,000 Nvidia GPUs. The company plans to launch ""HIVE Cloud"" to offer rental services for GPU server clusters, aiming to tap into the high demand for AI-driven computational power. While expanding into a potentially high-margin business, HIVE will also continue its existing bitcoin mining operations."
2023-07-10 00:00:00,Advanced Micro Devices Inc. – More market share gains expected,StocksBNB,0.638659,0.358235,https://www.stocksbnb.com/reports/advanced-micro-devices-inc-more-market-share-gains-expected/,"Advanced Micro Devices (AMD) is expected to gain further market share in the data center CPU market and capitalize on opportunities to expand its presence in the data center GPU market due to increased generative AI adoption. The company's margins are projected to grow post-acquisition of Xilinx and Pensando, driven by increasing revenue contributions from its Data Centre and Embedded segments. Phillip Securities Research initiates coverage with an Accumulate recommendation and a target price of US$125.00, anticipating marginal revenue growth in FY23e and re-acceleration in FY24e."
2023-07-03 15:25:20,Growth-Stock Funds Fly High but Fall Short in 2023′s First Half,Morningstar,0.6448,0.257149,https://www.morningstar.com/funds/wall-streets-fallen-angels-got-their-wings-back-2023s-first-half,"Growth-stock funds experienced a strong rebound in the first half of 2023 after significant losses in 2022, with large-growth funds doubling small-growth funds' gains. However, two-thirds of U.S.-centric active managers underperformed stylistically relevant indexes and passive rivals due to untimely sector allocations and light stakes in mega-cap stocks that drove market performance. International and emerging markets showed more modest gains, with some regions outperforming others, leading to a mixed bag for global stocks."
2023-07-03 09:49:00,Apple makes history as first $3 trillion company amid tech stock surge,Reuters,0.603989,0.313489,https://www.reuters.com/technology/global-markets-apple-2023-07-03/,"Apple Inc. achieved a historic milestone, becoming the first company to reach a $3 trillion market value, driven by investor optimism about its expansion into new markets and a projected easing of interest rate hikes. This accomplishment is set against a backdrop of a broader tech stock surge, with other companies like Tesla and Nvidia also seeing significant gains due to advancements in AI and strategic partnerships. The article highlights Apple's strong financial performance and its reputation as a safe investment, alongside the success of other tech giants."
2023-06-30 23:59:02,Q3 Stock Market Outlook: Time to Batten Down the Hatches or Raise the Sail?,Morningstar,0.709499,0.111723,https://www.morningstar.com/markets/third-quarter-2023-stock-market-outlook-time-batten-down-hatches-or-raise-sail,"Morningstar's Q3 2023 stock market outlook suggests that while the U.S. market is still undervalued, the margin of safety has decreased, and the rally in the first half of the year has been disproportionately driven by a few ""Magnificent Seven"" stocks. Investors are advised to take profits from overextended growth and technology stocks and reallocate to undervalued sectors like communications and real estate, and to value, mid-cap, and small-cap stocks. The outlook anticipates slower market gains due to economic slowdown, tight monetary policy, and reduced credit availability, but expects any future pullbacks to be relatively shallow."
2023-06-30 00:29:21,XPeng Announces G6 Ultra Smart Coupe SUV,The EV Report,0.623497,0.176639,https://theevreport.com/xpeng-announces-g6-ultra-smart-coupe-suv,"XPeng Inc. has launched its G6 Ultra Smart Coupe SUV in China, built on the SEPA2.0 architecture and priced from 209,900 RMB to 276,900 RMB, with deliveries starting in July 2023. This vehicle features advanced ADAS (XNGP), an 800V powertrain (XPower), integrated aluminum die-casting, and CIB battery-body integration. The G6 boasts a 755 km range, fast-charging capabilities, and a sophisticated design, aiming to solidify XPeng's leadership in the smart EV market."
2023-06-30 00:00:00,Apple’s market value ends above $3 trillion for the first time,Al Jazeera,0.640119,0.456882,https://www.aljazeera.com/news/2023/6/30/apples-market-value-breaches-3-trillion-mark-for-second-time,"Apple Inc.'s market value surpassed $3 trillion for the first time at the close of a trading session, driven by positive inflation data and confidence in its market expansion strategies. This milestone reflects a 49 percent gain in Apple shares for 2023, amid a tech stock rebound fueled by expectations of slower interest rate hikes from the US Federal Reserve and buzz around artificial intelligence. The company's financial resilience, strong balance sheet, and a recent augmented-reality headset launch contribute to its success, making it one of only five US companies with a valuation exceeding $1 trillion."
2023-06-29 15:26:27,The Best QQQ Stocks To Buy Now,Kiplinger,0.920855,0.380508,https://www.kiplinger.com/investing/stocks/best-qqq-stocks,"The article identifies nine top-performing tech and tech-adjacent stocks within the Invesco QQQ Trust ETF, highlighting their growth, innovation, and involvement in artificial intelligence. It details each company's industry, market value, and key factors contributing to its strong performance and future potential, especially in the context of AI advancements. The QQQ ETF itself is noted for its strong returns compared to the S&P 500 over various timeframes."
2023-06-28 20:35:00,"Chipmaker Micron beats on demand from booming AI, easing glut",Reuters,0.566454,0.264741,https://www.reuters.com/technology/chipmaker-micron-forecasts-revenue-above-estimates-ai-boom-fuels-demand-2023-06-28/,"Micron Technology exceeded third-quarter revenue estimates driven by high demand for its memory chips in the rapidly expanding artificial intelligence sector and an easing supply glut in traditional markets. The company's shares rose over 2% after reporting stronger-than-expected earnings and anticipating improved pricing trends. Despite ongoing U.S.-China tech tensions impacting its presence in the Chinese market, Micron expressed confidence in the memory industry's recovery."
2023-06-28 00:11:31,Nvidia stock falls after CFO says no material impact from prospective wider ban on AI chip sales to China,MarketWatch,1.0,-0.390058,https://www.marketwatch.com/story/nvidia-sees-no-immediate-material-impact-from-wider-china-ai-chip-ban-near-term-900dd14b?gaa_at=eafs&gaa_n=AWEtsqcdHz7gHCEVSEDxKoZWdEUmx8tYOFFGg7KWiI2dhm37p8dDLEEe4fUB&gaa_ts=699a4d31&gaa_sig=BQASun0Ii_M9iktqp8GwsBW3hetucRM8kBqGsyi_YF9GCuL3poow2UIo9tobJJw_euPJo2comRMZo-sFdmom9w%3D%3D,"Nvidia's stock dropped after its CFO, Collette Kress, stated that an expanded U.S. ban on AI chip sales to China would likely have no immediate material impact on the company. However, Kress expressed concern about the long-term effects, suggesting it could lead to a ""permanent loss of opportunities"" globally. This statement followed reports that the Biden administration was considering widening export bans on AI technology to China."
2023-06-27 18:30:00,Nvidia and AMD shares fall on report of new U.S. ban on AI chip exports to China,MarketWatch,1.0,-0.420614,https://www.marketwatch.com/story/nvidia-amd-stocks-fall-on-report-of-new-ai-chip-bans-from-biden-administration-a8574751?gaa_at=eafs&gaa_n=AWEtsqdOyZWDryqO8_cWZ-BEmoOYlBsnB2V8ZVT1LOJxhCtyJDQYGiAAjTAO&gaa_ts=699a4680&gaa_sig=vK-cdwh6wW8sJ-SHfFvlmV1u2aL-Boj4IGDR-HXxG0_lfOkkdvlCZq64vbOjcXNvIJgIPN-T34XWqtX5VEFeaw%3D%3D,Shares of Nvidia Corp. and Advanced Micro Devices Inc. dropped following a report that the Biden administration is considering a new ban on sales of AI chips to China. This potential ban comes despite Nvidia managing to avoid $400 million in lost sales last year after a previous ban on some chip sales to China. The news impacted both companies with Nvidia shares falling 3% after hours and AMD shares also decreasing by 3%.
2023-06-22 14:10:19,Active Growth ETF TGRW Doubling Returns of SPY,ETF Trends,0.606681,0.575309,https://www.etftrends.com/active-etfs-channel/active-growth-etf-tgrw-doubling-up-on-spy/,"The T. Rowe Price Growth Stock ETF (TGRW) has demonstrated strong performance in the first half of 2023, doubling the year-to-date returns of the SPDR S&P 500 ETF Trust (SPY) with 32.1% compared to SPY's 15.8%. TGRW, which focuses on firms with strong cash flow and above-average earnings growth, is approaching its three-year anniversary and has seen substantial AUM growth. This active growth ETF is outperforming its benchmark thanks to its investment strategy and a competitive expense ratio of 52 basis points."
2023-06-21 07:08:55,KT to invest $5.4 bn by 2027 to develop AI platforms,KED Global,0.636371,0.286252,https://www.kedglobal.com/artificial-intelligence/newsView/ked202306210023,"South Korea’s telecom service provider KT Corp. plans to invest 7 trillion won ($5.4 billion) by 2027 to become the country’s leading AI service provider, focusing on the robot, healthcare, and education markets. The investment will be allocated to securing super AI source technologies, upgrading related infrastructure, and developing AI service models. KT aims to generate 1.3 trillion won ($1 billion) in revenue from five AI-related service areas by 2025: contact centers, logistics, robots, healthcare, and education."
2023-06-16 06:09:13,Fidelity Disruptive Technology ETF Review and Aggregate Rating (FDTX),MarketBeat,0.740355,0.219423,https://www.marketbeat.com/stocks/NASDAQ/FDTX/ratings/,"This article provides a review and aggregate rating for the Fidelity Disruptive Technology ETF (FDTX). MarketBeat calculates this rating by considering the weighted sentiment of analyst ratings for the ETF's constituent stocks. FDTX currently holds a ""Moderate Buy"" aggregate rating with an average predicted price target reflecting its current share price, based on analyst coverage of 22 companies."
2023-06-16 01:52:24,Roundhill Ball Metaverse ETF Review and Aggregate Rating (METV),MarketBeat,0.724529,0.265577,https://www.marketbeat.com/stocks/NYSEARCA/METV/ratings/,"This article provides an aggregate rating and price target for the Roundhill Ball Metaverse ETF (METV) based on Wall Street analyst ratings of its holdings. METV has an aggregate rating of ""Moderate Buy"" and a price target of $16.79, derived from 595 analyst ratings covering 18 companies within its portfolio. The top holdings include tech giants like Apple, Roblox, NVIDIA, Alphabet, and Meta Platforms, along with their individual analyst ratings and potential upsides."
2023-06-14 14:58:00,The A.I. Race Is Now Between Two Chip Giants Led by Taiwanese American CEOs,Observer,0.992609,0.365943,https://observer.com/2023/06/amd-nvidia-ai-chip-race/,"The generative A.I. boom has intensified competition between semiconductor giants Nvidia and AMD, who are racing to produce advanced A.I. chips. AMD recently announced the MI300X, a direct competitor to Nvidia's H100, aiming to challenge Nvidia's dominant market share in the A.I. chip sector. Both companies are led by Taiwanese American CEOs, Jensen Huang of Nvidia and Lisa Su of AMD, who share similar backgrounds and have played pivotal roles in their companies' success in the semiconductor industry."
2023-06-14 08:14:00,"AMD is chasing down Nvidia in AI, but one analyst worries the company is ‘somewhat late’",MarketWatch,0.872157,-0.097529,https://www.marketwatch.com/story/amd-is-chasing-down-nvidia-in-ai-but-one-analyst-worries-the-company-is-somewhat-late-66869d06?gaa_at=eafs&gaa_n=AWEtsqfEo3pIjMnda3gvJCc5Oe6Y2zVKy5XMAclWY5nE7wI2gSFf2SJ1RZQf&gaa_ts=6907685c&gaa_sig=21hqu4d2ky75w9mBoIUQNgSqhohNkJzofSlNaw8omjIaPJoW7ECvhP5IJRXn4aKywJrNU3hvUxo8RjJMcU0lDg%3D%3D,"Advanced Micro Devices Inc. (AMD) is pursuing the lucrative AI data-center market, estimated to be worth $150 billion, following recent product announcements. While many analysts praised AMD's efforts, Bernstein analyst Stacy Rasgon expressed concerns that AMD is ""somewhat late"" to the AI race compared to rival Nvidia Corp. Rasgon noted that AMD's AI discussion offered limited ""hard numbers"" and a timeline that seemed delayed relative to the competition."
2023-06-13 21:46:00,AMD launches new Instinct MI300X AI chip to take on Nvidia’s GPUs,SiliconANGLE,0.942519,-0.04025,https://siliconangle.com/2023/06/13/amd-launches-new-instinct-mi300x-ai-chip-to-take-on-nvidias-gpus/,"AMD has launched its new Instinct MI300X AI accelerator chip, designed to compete with Nvidia's GPUs in the generative AI market. The company also introduced its Infinity Architecture Platform, powered by eight MI300X chips, and its ROCm software ecosystem. Despite these announcements, AMD's stock fell due to a lack of major customer endorsements for the new chips and details on pricing."
2023-06-13 15:20:35,Oracle founder Larry Ellison confirms new gen AI service with Cohere during earnings call,VentureBeat,0.735255,0.258779,https://venturebeat.com/data-infrastructure/oracle-founder-larry-ellison-confirms-new-gen-ai-service-with-cohere-during-earnings-call,"Oracle is partnering with Cohere to launch a new generative AI cloud service that will allow enterprises to train customized large language models (LLMs) using their private data while ensuring privacy and security. Oracle founder Larry Ellison announced the collaboration during the company's Q4 earnings call, highlighting Oracle's existing role in AI development and its significant investment in Cohere. This initiative expands Oracle's offerings in the rapidly growing generative AI market, where it competes with other major cloud providers."
2023-06-13 14:10:15,ETFs Head-to-Head: BetaShares RBTZ' vs Global X ROBO',Selfwealth,0.641328,0.220518,https://www.selfwealth.com.au/blog/etfs-head-to-head-betashares-rbtz-vs-global-x-robo,"This article compares two ASX-listed ETFs focused on AI and robotics: BetaShares Global Robotics and Artificial Intelligence ETF (ASX: RBTZ) and Global X ROBO Global Robotics & Automation ETF (ASX: ROBO). It analyzes their fund objectives, profiles, holdings, performance, and fees, highlighting ROBO's greater diversification and historical outperformance despite higher management costs. The article concludes that while both offer exposure to AI and robotics, ROBO is larger and more diversified."
2023-06-13 13:30:00,"AMD launches new data-center AI chips, software to go up against Nvidia and Intel",MarketWatch,0.826273,0.034144,https://www.marketwatch.com/story/amd-launches-new-bergamo-data-center-cpu-to-go-up-against-nvidia-intel-bc860fb1?gaa_at=eafs&gaa_n=AWEtsqfPaJDGeqcjGGP1t877zWokfE0nMrXFC7OhVjs_ZjCp-Jm8ekVBNylx&gaa_ts=69076856&gaa_sig=rY3Z_85HgBkHV7KxJj3X9oB0yHpLGqGRSFACMbCO6AAnNsvIXnKCbXL80-JkAxa5TG8DwSvL-uAlckTXcMauSQ%3D%3D,"Advanced Micro Devices Inc. (AMD) unveiled new data-center AI chips and software, including the Instinct MI300X accelerator and MI300A, to compete with Nvidia Corp. and Intel Corp. Despite these announcements at its Data Center & AI Technology Premiere event, AMD's stock declined, finishing down 3.6%. The new products are specifically aimed at handling generative-AI workloads."
2023-10-30 20:57:33,Insight 2023: NetApp Enhanced Data Pipeline for Hybrid Multi-Cloud AI and Advancements on Secure Storage Vs. Ransomware,StorageNewsletter,0.740557,0.343977,https://www.storagenewsletter.com/2023/10/30/insight-2023-netapp-enhanced-data-pipeline-for-hybrid-multi-cloud-ai-and-advancements-on-secure-storage-vs-ransomware/,"NetApp announced significant portfolio updates at Insight 2023, focusing on enhancements to its data pipeline for hybrid multi-cloud AI and advancements in secure storage against ransomware. The company is simplifying AI data pipeline deployment across hybrid multi-cloud environments, while also strengthening data protection with features like autonomous ransomware detection and an extended Ransomware Recovery Guarantee. These innovations aim to address the dual challenges of leveraging AI opportunities and mitigating ransomware threats for customers."
2023-10-25 13:00:00,"Google, Nvidia Back AI Startup That Helps Combat Chip Shortage",Bloomberg.com,1.0,0.367521,https://www.bloomberg.com/news/articles/2023-10-25/google-nvidia-back-startup-that-helps-navigate-ai-chip-shortage,"CentML, an AI startup focused on improving the efficiency of machine learning systems, has raised $27 million in a seed funding round. The investment, backed by Google's Gradient Ventures, Nvidia Corp., Radical Ventures, Deloitte Ventures, and Thomson Reuters Ventures, aims to help developers optimize computing power for AI training, which could alleviate chip shortages."
2023-12-31 23:59:59,The Cheap Trick Alphabet Is Using To Boost Its Share Price,Finimize,0.616773,0.270205,https://finimize.com/content/cheap-trick-alphabet-using-boost-its-share-price,"Alphabet's 20-for-1 stock split, following similar moves by Apple and Tesla, is unlikely to fundamentally change the company's valuation but aims to make shares more accessible to smaller investors and potentially gain entry into the Dow Jones Industrial Average. While some tech giants saw significant share price boosts post-split, Alphabet's future success might be tempered by changing market conditions. The article suggests Amazon could be the next tech giant to undertake a similar split to boost its stock."
2024-03-27 08:35:00,5 Best Momentum ETFs To Buy,Insider Monkey,0.816526,0.363208,https://www.insidermonkey.com/blog/5-best-momentum-etfs-to-buy-1281111/,"This article discusses momentum investing and lists five top momentum ETFs to consider buying, including the JPMorgan U.S. Momentum Factor ETF (JMOM). It highlights JMOM's structure, holdings, and performance, featuring NVIDIA Corporation (NVDA) as a key holding. The article also touches on analyst insights and hedge fund sentiment regarding NVIDIA."
2024-03-26 16:26:23,POET Enters Optical Module Market with 800G Transceiver for Artificial Intelligence Networks,Stock Titan,0.631262,0.362243,https://www.stocktitan.net/news/POET/poet-enters-optical-module-market-with-800g-transceiver-for-ru5uftn6lcbv.html,"POET Technologies Inc. announced its entry into the optical module market with the Wavelight™, an 800G pluggable transceiver designed for artificial intelligence and cloud data centers. This marks a significant commercial milestone for the company, showcasing its POET Optical Interposer™ technology. The Wavelight modules will be debuted at OFC 2024, with customer sampling beginning in Q3 2024, targeting a rapidly growing market for high-speed transceivers."
2024-03-26 12:00:00,FTEC: Concentration Increases Volatility (NYSEARCA:FTEC),Seeking Alpha,0.615274,0.225206,https://seekingalpha.com/article/4680503-ftec-concentration-increases-volatility,"The Fidelity MSCI Information Technology Index ETF (FTEC) offers strong tech exposure, performing similarly to VGT. However, 45% of its assets are concentrated in Microsoft, Apple, and NVIDIA, which could lead to increased volatility despite a projected 7% upside by year-end 2024. The author, Ricardo Fernandez, highlights the importance of an investor's goals and definition of ""tech"" when choosing an ETF."
2024-03-25 00:00:00,What’s Inside Direxion’s Daily Semiconductor Bull and Bear 3x shares?,ETFguide,0.715207,0.047097,https://www.etfguide.com/whats-inside-direxions-daily-semiconductor-bull-and-bear-3x-shares/,"This article describes the Direxion Daily Semiconductor Bull (SOXL) and Bear 3X Shares (SOXS) ETFs. It explains that these funds aim for daily investment results of 300%, or 300% of the inverse, of the performance of the NYSE Semiconductor Index, while cautioning that investment objectives are not guaranteed. The article also provides a link for more information about Direxion."
2024-03-21 15:10:00,3 ETFs That Could Turn Your Portfolio Into a Tech Powerhouse,InvestorPlace,0.552894,0.155988,https://investorplace.com/2024/03/3-etfs-that-could-turn-your-portfolio-into-a-tech-powerhouse/,"This article recommends three ETFs to create a diversified tech portfolio, moving beyond reliance on ""Magnificent 7"" mega-caps. It highlights the iShares U.S. Medical Devices ETF (IHI) for healthcare tech, the SPDR Portfolio S&P 600 Small Cap ETF (SPSM) for overlooked small-cap tech, and the iShares Global Tech ETF (IXN) for international exposure. The author emphasizes diversification to mitigate risks associated with concentrated tech holdings and inflated valuations."
2024-03-21 07:00:00,"Lenovo Vehicle Computing, WeRide Forge Partnership For Autonomous Driving Solutions",Mobility Outlook,1.0,0.25536,https://www.mobilityoutlook.com/news/lenovo-vehicle-computing-weride-forge-partnership-for-autonomous-driving-solutions/,"Lenovo Vehicle Computing and WeRide have partnered to develop Level 4 autonomous driving solutions for commercial applications. The collaboration will leverage Lenovo's AD1 domain controller, based on the NVIDIA DRIVE Thor platform, and integrate it into WeRide One, a versatile autonomous driving solution. This partnership aims to deliver enhanced autonomous driving products and services globally, focusing on safe and reliable commercial autonomous vehicles."
2024-03-20 16:30:53,SAP and NVIDIA to Accelerate Generative AI Adoption Across Enterprise Applications Powering Global Industries,SAP News Center,0.948697,0.445554,https://news.sap.com/sea/2024/03/sap-and-nvidia-to-accelerate-generative-ai-adoption-across-enterprise-applications-powering-global-industries/,"SAP and NVIDIA have expanded their partnership to accelerate the adoption of generative AI across SAP's cloud solutions and applications. This collaboration aims to integrate business-specific generative AI capabilities into SAP's Joule copilot and other cloud offerings, leveraging NVIDIA's generative AI foundry services and NIM microservices to fine-tune large language models (LLMs) and enhance data insights. The new integrated capabilities are expected to be available by the end of 2024, enabling customers to automate tasks, improve human resources, and optimize business processes using AI."
2024-03-20 16:22:27,NVIDIA’s AI models to be deployed on NXP’s edge processing devices portfolio,www.varindia.com,0.841762,0.317487,https://www.varindia.com/news/nvidias-ai-models-to-be-deployed-on-nxps-edge-processing-devices-portfolio,"NXP Semiconductors has announced a collaboration with NVIDIA to enable the deployment of NVIDIA's trained AI models on NXP's edge processing devices through the eIQ machine learning development environment. This integration simplifies the training and deployment of AI models for developers by incorporating the NVIDIA TAO Toolkit into NXP's eIQ environment. The partnership aims to accelerate AI development for industrial and IoT edge applications, providing customers with pre-tested AI models and faster market entry."
2024-03-20 16:21:36,"ServiceNow Washington, DC Release Goes Deep On AI, GenAI",CRN,0.629065,0.347206,https://www.crn.com/news/channel-news/2024/servicenow-washington-dc-release-goes-deep-on-ai-genai,"ServiceNow has released its Now Platform Washington, D.C. update, heavily featuring AI and generative AI to boost intelligent automation and simplify workflows. The release introduces Workflow Studio for simplified automation and enhanced Platform Analytics for better performance tracking. It also includes new Sales and Order Management and Security Posture Control tools, all underpinned by advanced GenAI integrations."
2024-03-20 09:00:00,ServiceNow injects more generative AI capabilities into its workflow platform,SiliconANGLE,0.634706,0.352548,https://siliconangle.com/2024/03/20/servicenow-injects-generative-ai-capabilities-workflow-platform-washington-dc-release/,"ServiceNow announced its new Washington D.C. release, integrating enhanced generative AI capabilities across its workflow platform. Key improvements include Now Assist for IT Operations Management AIOps for quicker issue resolution, and updates to the Virtual Agent feature with dynamic translation. The company also introduced Impact AI Accelerators and partnered with Nvidia to simplify and accelerate AI deployment."
2024-03-19 15:51:04,Cadence launches data center digital twin offering,Data Center Dynamics,0.810934,0.360755,https://www.datacenterdynamics.com/en/news/cadence-launches-data-center-digital-twin-offering/,"Cadence Design Systems has introduced a new AI-driven digital twin platform designed to enhance data center energy efficiency by up to 30%. The ""Cadence Reality Digital Twin Platform"" virtualizes entire data centers, using AI and physics-based simulations to optimize design and operations for sustainability. Nvidia has integrated this platform with its Omniverse rendering technology and used it to plan its own GB200 cluster deployment."
2024-03-19 00:00:00,"NVIDIA, Huang Win Top Honors in Innovation, Engineering",NVIDIA Blog,1.0,0.657193,https://blogs.nvidia.com/blog/fast-company-nae-honors/,"NVIDIA has been named the world's most innovative company by Fast Company magazine, recognizing its transformative work in putting AI to use across various industries. This accolade follows NVIDIA founder and CEO Jensen Huang's induction into the U.S. National Academy of Engineering for his contributions to high-powered graphics processing units and fueling the AI revolution. Leaders from Microsoft, Stanford University, and TSMC have praised Huang's visionary leadership and enduring impact on computing and AI."
2024-03-19 00:00:00,ServiceNow Named a Leader in Customer Service Solutions by Independent Research Firm,Business Wire,0.6482,0.340121,https://www.businesswire.com/news/home/20240319773702/en/ServiceNow-Named-a-Leader-in-Customer-Service-Solutions-by-Independent-Research-Firm,"ServiceNow (NYSE: NOW) has been named a Leader in the Forrester Wave™: Customer Service Solutions, Q1 2024 for its Customer Service Management (CSM) solution. The recognition highlights ServiceNow's unique focus on ""resolution-centric customer service"" and its vision to improve customer experience and costs through intelligent self-service and assisted service solutions. The company's AI-powered platform with a single data model is noted for enabling seamless orchestration of customer workflows across various departments."
2024-03-18 16:45:00,Blackwell: Nvidia's GPU architecture to power new generation of trillion-parameter generative AI models,SiliconANGLE,1.0,0.671801,https://siliconangle.com/2024/03/18/nvidias-blackwell-architecture-power-new-generation-1-trillion-parameter-generative-ai-models/,"Nvidia has unveiled its new Blackwell GPU architecture, designed to power trillion-parameter generative AI models with significantly reduced cost and power consumption compared to previous generations. This architecture introduces six transformative technologies, including a custom manufacturing process and enhanced networking capabilities, promising breakthroughs across various advanced computing domains. Blackwell will be available through cloud providers and third-party server manufacturers, enabling a new era of large-scale AI deployment."
2024-03-18 16:40:12,Why Is Verb Technology (VERB) Stock Up Again Today?,TradingView,0.628016,0.265845,https://www.tradingview.com/news/investorplace:d67c1b7fb094b:0-why-is-verb-technology-verb-stock-up-again-today/,"Verb Technology (VERB) stock is surging after announcing the addition of 100 new brands to its MARKET.live livestream social shopping platform. This expansion, coupled with a recent integration deal with Meta Platforms for native shopping on Facebook and Instagram, has driven significant investor excitement. The company's shares are up 41% today and have seen a 264.8% increase year-to-date, with heavy trading volume."
2024-03-18 16:22:19,NVIDIA Launches Blackwell-Powered DGX SuperPOD for Generative AI Supercomputing at Trillion-Parameter Scale,NVIDIA Newsroom,1.0,0.666545,https://nvidianews.nvidia.com/news/nvidia-blackwell-dgx-generative-ai-supercomputing,"NVIDIA has announced its next-generation AI supercomputer, the NVIDIA DGX SuperPOD, powered by GB200 Grace Blackwell Superchips. This new system is designed for processing trillion-parameter models with constant uptime for generative AI training and inference, featuring liquid cooling, 11.5 exaflops of AI supercomputing, and up to 576 Blackwell GPUs. Additionally, NVIDIA unveiled the DGX B200 system, an air-cooled platform for AI model training, fine-tuning, and inference, providing 15x faster real-time inference for trillion-parameter models."
2024-03-18 16:13:21,Nvidia and Johnson & Johnson to develop new AI applications for surgery,CNBC,0.927009,0.425319,https://www.cnbc.com/2024/03/18/nvidia-and-johnson-johnson-to-build-ai-applications-for-surgery-.html,"Johnson & Johnson MedTech is collaborating with Nvidia to develop and scale new artificial intelligence applications for surgery. This partnership aims to integrate AI from pre-op to post-op, helping surgeons by analyzing surgical video, automating documentation, and providing decision support. The technology is expected to improve surgeon training, efficiency, and ultimately, patient outcomes, with initial applications focusing on non-diagnostic tasks like paperwork automation."
2024-03-18 16:13:21,Johnson & Johnson MedTech partners with Nvidia on AI in surgery,MassDevice,0.946504,0.351852,https://www.massdevice.com/johnson-johnson-medtech-nvidia-ai-surgery/,"Johnson & Johnson MedTech and Nvidia are partnering to accelerate AI in surgery, aiming to enhance real-time analysis, surgical decision-making, education, and collaboration in the operating room. This collaboration will leverage Nvidia's AI platform for healthcare and J&J MedTech's surgical technologies, focusing on advanced edge computing to process data locally and securely. The goal is to deploy AI-powered solutions more rapidly and scalably within J&J MedTech's digital surgery ecosystem to advance patient care."
2024-03-18 16:13:21,Johnson & Johnson MedTech Works With NVIDIA to Broaden AI’s Reach in Surgery,NVIDIA Blog,0.920775,0.413757,https://blogs.nvidia.com/blog/johnson-and-johnson-medtech-ai-surgery/,"Johnson & Johnson MedTech is collaborating with NVIDIA to integrate advanced AI capabilities into its digital ecosystem for surgery. This partnership aims to enhance operating room efficiency and clinical decision-making by leveraging NVIDIA's IGX edge computing platform and Holoscan edge AI platform. The initiative seeks to promote open innovation and provide medical professionals with real-time insights before, during, and after surgical procedures."
2024-03-18 00:00:00,TSMC and Synopsys Bring Breakthrough NVIDIA Computational Lithography Platform to Production,NVIDIA Newsroom,1.0,0.380426,https://nvidianews.nvidia.com/news/tsmc-synopsys-nvidia-culitho,"NVIDIA announced that TSMC and Synopsys are using NVIDIA's cuLitho computational lithography platform in production to accelerate semiconductor manufacturing and enable new generative AI algorithms. This collaboration significantly speeds up compute-intensive lithography workloads, reducing production time and costs while pushing the boundaries for advanced chip scaling, including support for NVIDIA's Blackwell architecture. The integration of cuLitho and new generative AI algorithms enhances efficiency and precision in chip fabrication, addressing bottlenecks in the development of next-generation technologies."
2024-03-18 00:00:00,NVIDIA Blackwell Platform Arrives to Power a New Era of Computing,NVIDIA Newsroom,1.0,0.808573,https://nvidianews.nvidia.com/news/nvidia-blackwell-platform-arrives-to-power-a-new-era-of-computing,"NVIDIA has announced the Blackwell platform, a new GPU architecture designed to power the next generation of AI and accelerated computing. The Blackwell platform promises to enable real-time generative AI on trillion-parameter models with significantly reduced cost and energy consumption compared to its predecessor. Major cloud providers and AI companies, including Amazon Web Services, Google, Meta, Microsoft, OpenAI, Oracle, Tesla, and xAI, are expected to adopt Blackwell."
2024-03-18 00:00:00,NVIDIA Announces Project GR00T Foundation Model for Humanoid Robots and Major Isaac Robotics Platform Update,NVIDIA Newsroom,1.0,0.33145,https://nvidianews.nvidia.com/news/foundation-model-isaac-robotics-platform,"NVIDIA has announced Project GR00T, a general-purpose foundation model for humanoid robots, along with significant updates to its Isaac robotics platform. This initiative includes a new Jetson Thor computer designed for humanoid robots and enhancements to the Isaac platform with generative AI foundation models and simulation tools. Robots powered by GR00T will be capable of understanding natural language and learning skills by observing human actions, marking a major step towards artificial general robotics."
2024-03-18 00:00:00,SAP and NVIDIA to Accelerate Generative AI Adoption Across Enterprise Applications Powering Global Industries,SAP News Center,0.998312,0.47325,https://news.sap.com/2024/03/sap-and-nvidia-to-accelerate-generative-ai-adoption/,"SAP and NVIDIA announced a partnership to accelerate the adoption of generative AI across SAP’s cloud solutions and applications. The collaboration focuses on building SAP Business AI, including scalable, business-specific generative AI capabilities within SAP's Joule copilot and across its cloud portfolio, leveraging NVIDIA's generative AI foundry services and new NIM microservices. This initiative aims to help customers harness their business data to deploy customized large language models and enhance various enterprise processes."
2024-03-18 00:00:00,NVIDIA DRIVE Powers Next Generation of Transportation — From Cars and Trucks to Robotaxis and Autonomous Delivery Vehicles,NVIDIA Newsroom,0.310899,0.002479,https://nvidianews.nvidia.com/news/nvidia-drive-powers-next-generation-transportation,"NVIDIA announced that major transportation companies are adopting its DRIVE Thor centralized car computer for next-generation consumer and commercial vehicles, including EVs, trucks, and robotaxis. DRIVE Thor, featuring the new Blackwell architecture for generative AI, will power advanced autonomous driving and AI-enabled functionalities. Companies like BYD, Hyper, XPENG, Nuro, Plus, Waabi, and WeRide are integrating the platform into their future vehicle roadmaps."
2024-03-17 16:37:05,"2026 Global Market Outlook: Minds, machines, and market shifts",T. Rowe Price,0.620561,0.242722,https://www.troweprice.com/financial-intermediary/hk/en/thinking/collections/global-market-outlook.html,"T. Rowe Price's 2026 Global Market Outlook emphasizes the transformative power of AI, while also highlighting the persistent challenges of valuation, inflation, and geopolitical uncertainty. The outlook suggests investors balance exposure to AI leaders with opportunities in cyclical and international markets, requiring agility and a global perspective. It details prospects across economic, equity, fixed income, private, and Chinese markets, along with asset allocation strategies."
2024-03-14 15:43:06,Applied Digital Wins Contract with Together AI,insideHPC,0.623598,0.383412,https://insidehpc.com/2024/03/applied-digital-wins-contract-with-together-ai/,"Applied Digital announced a contract with Together AI, including an $18 million prepayment as part of a $75 million deal. Applied Digital will provide H100 GPUs and high-speed InfiniBand fabric to support Together AI's demanding generative AI model training and deployment. This partnership aims to leverage Applied Digital's robust infrastructure to advance AI innovation and capitalize on the growing HPC market."
2024-03-13 00:00:00,Dell Stock Has Tripled on AI Hopes. Is It a Buy or a Sell?,Morningstar,0.682018,-0.111072,https://www.morningstar.com/stocks/dell-stock-has-tripled-ai-hopes-is-it-buy-or-sell,"Dell's stock has surged over 200% on optimism surrounding its AI server sales, but Morningstar analyst William Kerwin believes the potential benefit to Dell's bottom line is overhyped. Kerwin has a fair value estimate of $55 for Dell, considering the stock significantly overvalued at its current trading price of around $110. He points out that Dell's core businesses are commoditized and that AI servers represent a small portion of its overall sales, with high costs impacting margins."
2024-03-12 12:05:00,AMD CEO Lisa Su Talks the Invisible Role of A.I. Chips in Oscar-Winning Films,Betabeat,0.70227,0.275628,https://observer.com/2024/03/amd-ceo-lisa-su-hollywood-sxsw/,"AMD CEO Lisa Su highlighted the significant role of A.I. chips in the production of Oscar-winning animated films at SXSW, noting how they drastically accelerate rendering times. She explained that AMD's hardware is used by partners like Pixar and Wētā FX, enabling sophisticated visual effects that were previously far more time-consuming. The executive VFX producer David Conley also emphasized the critical partnership with companies like AMD for the future of filmmaking, especially with the integration of real-time processing and A.I."
2024-03-12 00:00:00,Aclara joins Nvidia and Utilidata in bringing AI to the smart meter,Latitude Media,0.889308,0.328252,https://www.latitudemedia.com/news/aclara-joins-nvidia-and-utilidata-in-bringing-ai-to-the-smart-meter/,"Aclara Technologies has partnered with Utilidata and Nvidia to embed AI modules directly into smart meters, marking the first hardware collaboration for Utilidata's Nvidia-powered distributed AI platform, Karman. This initiative aims to provide utilities with real-time grid insights and significantly more processing power than traditional solutions, accelerating the adoption of AI-driven applications at scale. The partnership expands on earlier efforts to bring AI into smart meters and addresses the need to replace aging meters across the U.S."
2024-03-11 16:28:16,Happy 25th QQQ,ETF Trends,0.832415,0.259259,https://www.etftrends.com/etf-education-channel/happy-25th-qqq/,"The Invesco Nasdaq 100 ETF (QQQ) celebrated its 25th anniversary, showcasing its significant growth and position as the fifth-largest ETF. The article discusses QQQ's composition, performance history, and highlights alternatives like QQQM for lower costs and QQQE for an equal-weighted approach, emphasizing QQQ's role in innovative company investments."
2024-03-11 16:23:44,Oracle Stock Jumps 14% as Large Customer Contracts Boost Earnings—Key Level to Watch,Investopedia,0.61631,0.147148,https://www.investopedia.com/oracle-stock-jumps-as-large-customer-contracts-boost-earnings-8607748,"Oracle shares surged over 14% in after-hours trading following better-than-expected fiscal third-quarter earnings and strong current-quarter guidance. The company's cloud services segment saw significant growth due to large new cloud infrastructure contracts and high demand for its AI servers. Analysts are watching a key technical level at $127.50, which could turn into support after the earnings-driven breakout."
2024-03-11 16:08:19,HP's 6 Biggest Announcements At Amplify Partner Conference 2024,CRN,0.853984,0.354667,https://www.crn.com/news/computing/2024/hp-s-6-biggest-announcements-at-amplify-partner-conference-2024,"At its Amplify Partner Conference 2024, HP unveiled several major advancements focusing on hybrid work and AI integration. Key announcements included new business laptops and mobile workstations featuring AI capabilities, an expanded partnership with Nvidia for AI Studio software, and a revamped Workplace Experience Platform (WEX) with AI-powered management. HP also introduced new conferencing solutions, an AI MasterClass program for partners, and new Color LaserJet Pro 3000 printers for SMBs."
2024-03-11 00:00:00,Navitas unveils plans for 8–10kW power platform supporting 2025 AI power requirements,Semiconductor Today,0.625089,0.321917,https://www.semiconductor-today.com/news_items/2024/mar/navitas-110324.shtml,"Navitas Semiconductor is developing an 8–10kW power platform to meet the exponential power demands of AI data centers by 2025. This new platform, leveraging advanced GaN and SiC technologies, builds on their earlier 3.2kW and 4.5kW offerings, aiming for higher power density and efficiency. The company anticipates a full platform launch in Q4 2024, addressing the critical power challenge posed by rapidly advancing AI processors."
2024-03-07 16:22:19,NVIDIA Corp (NVDA) DCF Valuation: Is The Stock Undervalued?,The Acquirer's Multiple,1.0,-0.644173,https://acquirersmultiple.com/2024/03/nvidia-corp-nvda-dcf-valuation-is-the-stock-undervalued-2/,"This article analyzes NVIDIA Corp (NVDA) using a Discounted Cash Flow (DCF) valuation model. Based on the model's inputs and calculations, including forecasted free cash flows, a 12% discount rate, and a 2% terminal growth rate, NVDA is found to be significantly overvalued. The calculated DCF value of $104.71 per share is substantially lower than its current market price of $925.99, indicating a negative margin of safety."
2024-03-07 16:10:51,Intel’s Dominance in the Chip Market: An Analysis,ExecutiveGov,0.613155,0.3458,https://www.executivegov.com/articles/intels-dominance-chip-market-comprehensive-analysis,"This article analyzes Intel's enduring dominance in the chip market, highlighting its strategic use of pricing, market segmentation, and significant R&D investments. It details Intel's chip advancements, its competitive landscape with rivals like AMD and NVIDIA, and the impact of the CHIPS Act on its growth. The piece also covers the rebranding of Altera and elaborates on Intel's product strategies, including its new Xeon processors and various Core i-series price points."
2024-03-07 16:08:19,NVIDIA and HP Supercharge Data Science and Generative AI on Workstations,NVIDIA Newsroom,0.910647,0.412235,https://nvidianews.nvidia.com/news/nvidia-hp-supercharge-data-science-generative-ai-workstations,"NVIDIA and HP Inc. announced the integration of NVIDIA CUDA-X data processing libraries with HP AI workstation solutions to accelerate data preparation for generative AI development. These libraries, including NVIDIA RAPIDS cuDF, can speed up tasks for data scientists using pandas software by up to 110x on NVIDIA RTX 6000 Ada Generation GPUs. This collaboration aims to provide a full-stack development solution that significantly enhances data science workflows on HP AI workstations."
2024-03-07 16:06:15,The Optimists Were Right About FANG Stocks,Morningstar,0.897501,0.426158,https://www.morningstar.com/columns/rekenthaler-report/optimists-were-right-about-fang-stocks,"The article discusses how the FANG stocks (Facebook, Amazon, Netflix, Google) have significantly outperformed other investments since their popularization in 2013, contrary to skeptics' predictions. It highlights that the strong stock market performance was backed by dominant business fundamentals, not just speculative enthusiasm. The author questions whether similar skepticism regarding the current ""Magnificent Seven"" stocks will also prove incorrect."
2024-03-07 03:51:25,Should iShares Russell 1000 ETF (IWB) Be on Your Investing Radar?,TradingView,0.610616,0.327606,https://www.tradingview.com/news/zacks:fada718c0094b:0-should-ishares-russell-1000-etf-iwb-be-on-your-investing-radar/,"The iShares Russell 1000 ETF (IWB) offers broad exposure to the Large Cap Blend segment of the US equity market, with over $34.55 billion in assets and a low expense ratio of 0.15%. Featuring top holdings like Microsoft, Apple, and Nvidia, the ETF has performed well, returning 7.02% year-to-date and 27.20% over the last year. It holds a Zacks ETF Rank of 3 (Hold) and is considered a good option for investors seeking exposure to large-cap blend stocks, with alternatives like IVV and SPY also available."
2024-03-06 00:00:00,NetApp Turbocharges AI Innovation with Intelligent Data Infrastructure,Laotian Times,0.821479,0.37946,https://laotiantimes.com/2024/03/06/netapp-turbocharges-ai-innovation-with-intelligent-data-infrastructure/,"NetApp announced new capabilities for its intelligent data infrastructure, integrating with NVIDIA's high-performance compute, networking, and software, to maximize the potential of generative AI (Gen AI) projects. These updates include NetApp AIPod™ certifications for NVIDIA DGX BasePOD, new FlexPod for AI reference architectures, and validation for NVIDIA OVX systems. Additionally, NetApp is introducing Autonomous Ransomware Protection with AI (ARP/AI) embedded in storage to combat sophisticated cyber threats."
2024-03-04 20:24:50,SK Hynix explores HBM chip collaboration with Kioxia,KED Global,0.637212,0.135257,https://www.kedglobal.com/korean-chipmakers/newsView/ked202403040016,"SK Hynix is exploring a collaboration with Kioxia Holdings Corp. to produce high bandwidth memory (HBM) chips, with a proposal for joint production at existing Kioxia-Western Digital plants in Japan. This move comes as SK Hynix reportedly opposes a merger between Kioxia and Western Digital, fearing it would create the world's largest NAND memory manufacturer. The collaboration would leverage SK Hynix's HBM expertise and Kioxia's facilities to meet soaring demand for AI applications while potentially influencing the Kioxia-Western Digital merger discussions."
2024-03-04 15:55:28,Super Micro Computer And Deckers Outdoor To Join S&P 500 Index,Baystreet.ca,0.613741,0.333573,https://www.baystreet.ca/stockstowatch/17311/Super-Micro-Computer-And-Deckers-Outdoor-To-Join-SP-500-Index,"Super Micro Computer and Deckers Outdoor are set to join the S&P 500 index on March 18, replacing Whirlpool and Zions Bancorp. This inclusion reflects the companies' significant market capitalization growth, with Deckers Outdoor's stock rising 108% and Super Micro Computer's stock surging 821% over the past year. Their entry into the S&P 500 will likely lead to further stock purchases by index funds."
2024-03-04 07:00:00,SoundHound AI: Sniffing Out A Bubble (NASDAQ:SOUN),Seeking Alpha,0.636535,-0.17225,https://seekingalpha.com/article/4675640-soundhound-ai-sniffing-out-a-bubble,"This article expresses skepticism about SoundHound AI's stock valuation, deeming it a potential bubble fueled by AI hype and Nvidia's involvement. While acknowledging the company's growth in voice solutions, the author questions its long-term competitive positioning due to rapidly advancing AI capabilities and believes the current valuation is unsustainable given future growth expectations."
2024-03-01 16:05:10,"As CHIPS Act Money Is Set to Be Distributed, Experts See Pivotal Point in Establishing U.S. Market Structure for the Long Term, Creating High Stakes for Intel, TSMC, Broadcom, Qualcomm, Nvidia, Micron, and Texas Instruments",The Capitol Forum,0.723727,0.303448,https://thecapitolforum.com/chips-act-money-set-to-be-distributed/,"The article discusses the significant impact of the CHIPS Act funding distribution on the U.S. semiconductor market, with experts viewing it as a pivotal moment for long-term market structure. The Department of Commerce has recently disbursed $1.5 billion to GlobalFoundries Inc (GFS), and further billions are expected for other domestic manufacturers, notably Intel (INTC). This development is seen as having high stakes for major companies like TSMC, Broadcom, Qualcomm, Nvidia, Micron, and Texas Instruments."
2024-03-01 15:40:55,Aehr Announces Shipment of New High-Power Configured FOX-XP(TM) System for Wafer Level Burn-in and Stabilization of Next Generation Silicon Photonics Integrated Circuits,Stock Titan,0.606376,0.362461,https://www.stocktitan.net/news/AEHR/aehr-announces-shipment-of-new-high-power-configured-fox-xp-tm-zlf4yhab63z9.html,"Aehr Test Systems announced the shipment of a new high-power configured FOX-XP™ system to a major silicon photonics customer. This system is designed for high-volume wafer-level burn-in and stabilization of next-generation silicon photonics integrated circuits, which require significantly more power than previous generations. The FOX-XP system, capable of testing up to 8,192 high-power optical devices in parallel across nine wafers, expands Aehr's market opportunities in optical I/O and co-packaged optics for data centers and telecommunications."
2024-03-01 09:07:00,The AI Megatrend: 3 Global X ETFs to Capitalize on the Artificial Intelligence Frenzy,InvestorPlace,0.7404,0.402255,https://investorplace.com/2024/03/the-ai-megatrend-3-global-x-etfs-to-capitalize-on-the-artificial-intelligence-frenzy/,"This article highlights three Global X Artificial Intelligence ETFs (BOTZ, AIQ, CLOU) that investors can consider to capitalize on the growing AI megatrend. It details the holdings, focus, and performance of each ETF, emphasizing Nvidia's significant role in some. The author also discusses the broader landscape of AI ETFs and the importance of understanding their underlying assets."
2024-03-01 00:00:00,"The Rise of Humanoids, Explained",Global X ETFs,0.625758,0.403382,https://www.globalxetfs.com/articles/the-rise-of-humanoids-explained/,"This article discusses the rapid advancements and growing market potential of humanoid robots, driven by technological convergence of robotics and AI, and decreasing hardware costs. It highlights how humanoids are poised for mainstream adoption in industrial and household settings, potentially creating a multi-trillion dollar market by 2035, and identifies investment opportunities across the supply chain. The piece also details the challenges and improvements needed for widespread adoption, comparing the trajectory of humanoids to that of early automobiles and collaborative robots."
2024-02-28 04:21:38,NANC ETF Tracking Democrat Stock Trades Beating S&P 500 on Tech Bets,markets.businessinsider.com,0.629721,0.373277,https://markets.businessinsider.com/news/etf/congress-democrats-stock-market-trades-nanc-etf-democrats-outperforms-sp500-2024-2,"The Unusual Whales Democratic ETF (NANC), which tracks stock trades by Democrats in Congress, has outperformed the S&P 500 since its launch in February 2023, returning 30% compared to the S&P 500's 24%. This outperformance is largely attributed to its significant holdings in mega-cap tech stocks like Microsoft, Amazon, Apple, and Nvidia. In contrast, a similar ETF tracking Republican trades (KRUZ) has only gained about 15% over the same period."
2024-02-28 00:00:00,"ServiceNow, Hugging Face, and NVIDIA Release New Open-Access LLMs to Help Developers Tap Generative AI to Build Enterprise Applications",Business Wire,0.957556,0.459309,https://www.businesswire.com/news/home/20240228134150/en/ServiceNow-Hugging-Face-and-NVIDIA-Release-New-Open-Access-LLMs-to-Help-Developers-Tap-Generative-AI-to-Build-Enterprise-Applications,"ServiceNow, Hugging Face, and NVIDIA have released StarCoder2, a new family of open-access large language models (LLMs) for code generation. These models, developed by the BigCode community, aim to help developers build enterprise applications using generative AI with improved performance, transparency, and cost-effectiveness. StarCoder2 offers three model sizes, including a 3 billion-parameter model by ServiceNow and a 15 billion-parameter model by NVIDIA, and is trained on 619 programming languages for various specialized tasks."
2024-02-26 00:00:00,Micron begins production of a 'better' HBM3E memory,eeNews Europe,0.846546,0.284386,https://www.eenewseurope.com/en/micron-begins-production-of-a-better-hbm3e-memory/,"Micron Technology has started volume production of HBM3E DRAM for AI datacenters, claiming its offering consumes 30 percent less power than competitors. Its 24Gbyte 8-high HBM3E components will be featured in Nvidia's H200 tensor core GPUs shipping in Q2 2024, potentially positioning Micron ahead of rival SK Hynix in HBM3E production. The company is also preparing a 12-high 36Gbyte HBM3E component for introduction in March 2024, with its stock opening almost 5 percent higher on the news."
2024-02-25 00:00:00,ServiceNow and NVIDIA Expand Partnership With Introduction of Telco-Specific GenAI Solutions to Elevate Service Experiences,NVIDIA Newsroom,0.938715,0.371751,https://nvidianews.nvidia.com/news/servicenow-nvidia-telco-specific-genai-solutions,"ServiceNow and NVIDIA have expanded their partnership to introduce telco-specific generative AI solutions aimed at improving service experiences. The first solution, Now Assist for Telecommunications Service Management (TSM), built on the Now Platform and leveraging NVIDIA AI, is designed to boost agent productivity, speed resolution times, and enhance customer experiences for telecommunications service providers. This collaboration focuses on using GenAI for critical use cases like customer care and service assurance to drive business transformation in the telco industry."
2024-05-22 14:04:40,Nvidia shares jump 4% as the AI boom fuels another blockbuster quarter and better-than-expected forecast,Fortune,1.0,0.362977,https://fortune.com/2024/05/22/nvidia-shares-jump-4-as-the-ai-boom-fuels-a-another-blockbuster-quarter-and-better-than-expected-forecast/,"Nvidia reported another strong quarter, exceeding revenue and earnings expectations, driven by the ongoing AI boom. The company forecasted second-quarter revenue of $28 billion, surpassing analyst predictions, and announced a 10-for-1 stock split and a 150% dividend increase. CEO Jensen Huang highlighted the diversification of AI adoption beyond hyperscalers into various industries and sovereign AI initiatives."
2024-04-30 00:00:00,Alphabet's First Dividend: What You Need to Know,Morningstar Canada,0.568084,0.145917,https://global.morningstar.com/en-gb/stocks/alphabet-s-first-dividend-what-you-need-to-know,"Alphabet has announced its first-ever quarterly dividend of $0.20 per share, payable on June 17 to shareholders of record as of June 10. While the initial dividend yield will be modest at approximately 0.5%, the company also authorized $70 billion in share repurchases. This move makes Alphabet one of the eight largest US companies by market capitalization to pay a quarterly dividend, alongside a significant share repurchase program."
2024-04-22 11:37:22,"Microsoft CEO to meet with Samsung, SK Hynix, LG, SK Telecom chiefs",KED Global,0.63786,0.29637,https://www.kedglobal.com/tech%2C-media-telecom/newsView/ked202404220005,"Microsoft CEO Satya Nadella and founder Bill Gates will meet with leaders of Samsung, SK Hynix, LG, and SK Telecom at the MS CEO Summit 2024 in May to discuss strengthening AI partnerships. The meetings aim to explore joint development of AI chips, cooperation in AI technology for consumer electronics, and business tie-ups in 5G telecommunications and cloud sectors. This gathering signifies an increasing trend of Big Tech firms seeking AI business collaborations to gain a competitive edge."
2024-04-04 20:09:48,Should You Invest in the Invesco AI and Next Gen Software ETF (IGPT)?,TradingView,0.70422,0.342944,https://www.tradingview.com/news/zacks:4b96338fc094b:0-should-you-invest-in-the-invesco-ai-and-next-gen-software-etf-igpt/,"The Invesco AI and Next Gen Software ETF (IGPT) offers broad exposure to the Technology - Software segment, particularly in AI and next-gen software development. Launched in 2005, it is passively managed with an expense ratio of 0.60% and currently holds a Zacks ETF Rank of 1 (Strong Buy). Its top holdings include Meta Platforms, Nvidia, and Advanced Micro Devices, and it has shown strong year-to-date performance."
2024-03-26 16:26:23,POET Enters Optical Module Market with 800G Transceiver for Artificial Intelligence Networks,Stock Titan,0.631262,0.362243,https://www.stocktitan.net/news/POET/poet-enters-optical-module-market-with-800g-transceiver-for-ru5uftn6lcbv.html,"POET Technologies Inc. announced its entry into the optical module market with the Wavelight™, an 800G pluggable transceiver designed for artificial intelligence and cloud data centers. This marks a significant commercial milestone for the company, showcasing its POET Optical Interposer™ technology. The Wavelight modules will be debuted at OFC 2024, with customer sampling beginning in Q3 2024, targeting a rapidly growing market for high-speed transceivers."
2024-03-18 16:40:12,Why Is Verb Technology (VERB) Stock Up Again Today?,TradingView,0.628016,0.265845,https://www.tradingview.com/news/investorplace:d67c1b7fb094b:0-why-is-verb-technology-verb-stock-up-again-today/,"Verb Technology (VERB) stock is surging after announcing the addition of 100 new brands to its MARKET.live livestream social shopping platform. This expansion, coupled with a recent integration deal with Meta Platforms for native shopping on Facebook and Instagram, has driven significant investor excitement. The company's shares are up 41% today and have seen a 264.8% increase year-to-date, with heavy trading volume."
2024-03-11 16:28:16,Happy 25th QQQ,ETF Trends,0.832415,0.259259,https://www.etftrends.com/etf-education-channel/happy-25th-qqq/,"The Invesco Nasdaq 100 ETF (QQQ) celebrated its 25th anniversary, showcasing its significant growth and position as the fifth-largest ETF. The article discusses QQQ's composition, performance history, and highlights alternatives like QQQM for lower costs and QQQE for an equal-weighted approach, emphasizing QQQ's role in innovative company investments."
2024-05-08 00:00:00,Can Crowding Scores Quantify US Stocks’ Fragility?,MSCI,0.603442,0.056058,https://www.msci.com/research-and-insights/blog-post/can-crowding-scores-quantify-us-stocks-fragility,"The U.S. equity market has reached an unprecedented level of concentration, largely driven by mega-cap tech stocks, sparking concerns about market fragility and crowding risk. While crowded stocks globally have historically underperformed uncrowded ones, the U.S. market has recently bucked this trend, with crowded stocks outperforming since mid-2022. The MSCI Security Crowding Model offers insights into identifying areas of the market most susceptible to price correction if sentiment deteriorates."
2024-03-19 03:20:00,Why Is Jim Simons Betting Big on Meta?,CMC Markets,0.638666,0.278335,https://www.cmcmarkets.com/en-au/opto-partners/why-is-jim-simons-betting-big-on-meta,"Jim Simons' Renaissance Technologies significantly increased its Meta [META] holdings in Q4 2023, purchasing over 2 million shares, making it a major investor in the company. This move reflects a broader bullish stance on the tech sector, with the firm also increasing stakes in Uber and Nvidia, while Meta pivots its focus towards AI and returns capital to shareholders. The article notes Meta's strong stock performance, driven by AI hype, and suggests ETFs for investors seeking exposure to Meta within the AI theme."
2024-05-01 00:00:00,Alphabet's First Dividend: What You Need to Know,Morningstar Canada,0.588493,0.195641,https://global.morningstar.com/en-ca/stocks/alphabet-s-first-dividend-what-you-need-to-know,"Alphabet announced its first-ever quarterly dividend of US$0.20 per share, following a similar move by Meta Platforms. This initial dividend will result in a modest yield of approximately 0.5% for Alphabet shares, significantly less than its historical buyback yield. While the new dividend rate represents only 12% of morningstar equity analyst's earnings per share forecast, leaving substantial room for future increases, share repurchases are expected to outweigh dividends in the near term."
2024-03-26 00:00:00,Top Performing Leveraged/Inverse ETFs: 03/24/2024,ETF Database,0.889068,0.271828,https://etfdb.com/leveraged-inverse-channel/top-performing-leveraged-2024-03-24/,"This article highlights the top-performing leveraged and inverse ETFs for the week ending March 24, 2024, showcasing funds that gained significantly due to market movements in sectors like cannabis, housing, technology, and financials. It details the performance of the top 10 ETFs, providing context for their gains influenced by specific company news, economic indicators, and sector trends. Investors are cautioned about the inherent volatility of such leveraged products."
2024-04-17 15:03:27,"1 Stock-Split ETF That Could Turn $500 Per Month Into $1 Million, With Help From Nvidia, Microsoft, and Apple",The Motley Fool,0.813472,0.409328,https://www.fool.com/investing/2024/04/17/1-stock-split-etf-500-month-1-million-nvidia-apple/,"The iShares Expanded Tech Sector ETF (IGM) recently undertook a 6-for-1 stock split, making its shares more accessible to a wider range of investors. This ETF, which has outperformed both the S&P 500 and Nasdaq-100, holds top tech stocks like Nvidia, Microsoft, Apple, Meta Platforms, and Alphabet, benefiting significantly from the burgeoning AI industry. The article suggests that a consistent monthly investment of $500 into IGM has the potential to grow substantially, potentially reaching $1 million or more over the long term, especially if the current high growth rates driven by AI continue."
2024-03-26 03:53:26,Top Performing Leveraged/Inverse ETFs: 03/24/2024,ETF Database,0.892487,0.415687,https://etfdb.com/leveraged-inverse-content-hub/top-performing-leveraged-2024-03-24/,"This article details the top-performing leveraged and inverse ETFs for the week of March 24, 2024, highlighting their weekly returns and the underlying factors contributing to their performance. It covers various sectors, including cannabis, homebuilders, technology (Nvidia, META, FANG+), travel, banking, auto industry, and semiconductors, explaining the market drivers behind each ETF's gains. The article emphasizes the rapid movement characteristic of leveraged funds and the importance of due diligence."
2024-06-26 00:00:00,Intel Demonstrates First Fully Integrated Optical I/O Chiplet,Intel Newsroom,0.619717,0.50321,https://newsroom.intel.com/artificial-intelligence/intel-unveils-first-integrated-optical-io-chiplet,"Intel Corporation's Integrated Photonics Solutions (IPS) Group has demonstrated the industry's first fully integrated bidirectional optical compute interconnect (OCI) chiplet, co-packaged with an Intel CPU and running live data. This OCI chiplet is designed to enhance AI infrastructure for data centers and high-performance computing by providing higher bandwidth, lower power consumption, and longer reach than traditional electrical or pluggable optical solutions. This breakthrough is expected to revolutionize high-speed data processing for AI, enabling greater scalability and more efficient resource utilization."
2024-06-25 13:02:39,Wall Street Favorites: 3 ETFs With Strong Buy Ratings for June 2024,InvestorPlace,0.65827,0.083137,https://investorplace.com/2024/06/wall-street-favorites-3-etfs-with-strong-buy-ratings-for-june-2024/,"The article highlights three ETFs with strong buy ratings for June 2024, offering investors options for diversification and growth. These include the Vanguard Growth ETF (VUG) for large-cap tech and consumer stock exposure, the VanEck Semiconductor ETF (SMH) for capitalizing on the semiconductor industry, and the iShares Russell 1000 Growth ETF (IWF) for broad exposure to large and mid-cap growth stocks at a low expense ratio. These ETFs are presented as compelling choices for risk-averse investors seeking diversification and growth potential in a dynamic market."
2024-06-25 12:46:00,"Anthony Denier, President of Webull - Building a $7Bn Disruptor, Expanding US Markets Access Globally, What Makes a Great Trader",Fintech Leaders | Miguel Armaza,0.628663,0.475977,https://fintechleaders.substack.com/p/anthony-denier-president-of-webull,"This article features an interview with Anthony Denier, Group President of Webull, a $7 billion global investment platform. Denier discusses Webull's rapid expansion, its strategy for providing international investors access to US markets, and his perspective on the qualities of a successful trader. He also elaborates on Webull's decision to go public via SPAC and the evolution of the trading industry due to technology and regulations."
2024-06-25 00:00:00,"DIGIASIA's Digi Tech Secures 5,120 NVIDIA H200 GPUs for AI Solutions",FinTech Magazine,1.0,0.206154,https://fintechmagazine.com/articles/digiasia-corp-subsidiary-digi-tech-secures-nvidia-h200-gpus,"DIGIASIA's subsidiary, Digi Tech, has secured an initial allocation of 5,120 NVIDIA H200 GPUs, with an option for an additional 10,240, to develop advanced AI enterprise solutions across fintech, telecom, and government sectors. This significant investment, valued over US$400m initially, will expand DIGIASIA's FaaS ecosystem and leverage NVIDIA's cutting-edge hardware, primarily operating out of the Dubai International Finance Centre. The move also extends NVIDIA's footprint in the MEA region following its recent designation as the world's most valuable company."
2024-06-24 02:42:00,"AOSL is a new GB200 supplier, leading beneficiaries of NVIDIA's process certification changes",TweakTown,0.940817,0.293769,https://www.tweaktown.com/news/98981/aosl-is-new-gb200-supplier-leading-beneficiaries-of-nvidias-process-certification-changes/index.html,"Alpha and Omega Semiconductor Ltd (AOSL) is expected to become a new supplier for NVIDIA's GB200 AI servers, benefiting from NVIDIA's accelerated supplier certification process. This change allows suppliers with existing HGX/DGX H100 certifications to more easily qualify for GB200, leading AOSL to potentially gain market share from competitors by the end of 2024. Analyst Ming-Chi Kuo highlights this as a significant investment focus for the second half of the year."
2024-06-20 07:30:00,Here’s why AMD’s stock was just dubbed a top pick,MarketWatch,0.707978,0.161331,https://www.marketwatch.com/story/heres-why-amds-stock-was-just-dubbed-a-top-pick-46754113?gaa_at=eafs&gaa_n=AWEtsqdW8UxcpXs-s__1Dea4Vi4XrUBdkmzg1tARmqKkDadYdz0FBqvqZM6y&gaa_ts=69074b19&gaa_sig=9dgBtYbbKLZeKbbJn6aHzch1eoZJFJczAw1nmmZB6r3b6ScV3LKWnzdcq5fSDRU9-Xu7oWc3-Sp33vKtcwAhoA%3D%3D,"Piper Sandler has identified AMD as a top stock pick, citing its relative valuation and potential benefits from easing supply constraints on its AI offerings. Despite its positive outlook, AMD's stock performance has lagged behind other major chip companies and the broader market this year. The company's shares are down 14% over the past three months and up only 5% year-to-date, contrasting with the S&P 500's 15% rise and significant gains seen by competitors like Nvidia, Broadcom, and Micron Technology."
2024-06-20 07:30:00,Here’s why AMD’s stock was just dubbed a top pick,MarketWatch,0.639107,0.123813,https://www.marketwatch.com/story/heres-why-amds-stock-was-just-dubbed-a-top-pick-46754113?gaa_at=eafs&gaa_n=AWEtsqf5OgL9QPArBbJ0XxpEBH7FgHj8usf7fIO57OKMApg4MzHraKQqxQxz&gaa_ts=69074b53&gaa_sig=PgxHlefNzzdMHF57bIUnuKGYhkcdfLo4eoo88-lv5wdtaL9s__wjno3QLEwEJSCNr_hZeyvCP0UUYdOokrENmw%3D%3D,"Piper Sandler has named AMD a top stock pick due to its relative valuation and potential benefits from easing supply constraints on its AI offerings. Despite a recent lag in stock performance compared to other chip companies, AMD is positioned for growth. The company's shares are down 14% over the past three months and up only 5% this year, underperforming the S&P 500's 15% gain."
2024-06-19 10:53:00,"Nvidia Beats Apple, Microsoft to Become Most Valuable Company On Earth",ProPakistani,1.0,0.167592,https://propakistani.pk/2024/06/19/nvidia-beats-apple-microsoft-to-become-most-valuable-company-on-earth/,"Nvidia has surpassed Apple and Microsoft to become the world's most valuable company, with its market capitalization reaching $3.34 trillion, driven by explosive growth in the AI sector. The company's stock surge was fueled by an increased presence in the Technology Select Sector SPDR Fund and an optimistic price target from Rosenblatt Securities, highlighting its dominant position in AI chip technology. Nvidia's value has soared nearly tenfold since early 2023, solidifying its lead among the 'Magnificent Seven' technology stocks."
2024-06-19 00:00:00,Nvidia beats Microsoft to become world's most valuable company,BBC,1.0,0.415472,https://www.bbc.com/news/articles/cyrr40x0z2mo,"Nvidia has surpassed Microsoft to become the world's most valuable company with a market capitalization of $3.34tn, driven by its dominance in AI chips. Its stock has nearly doubled this year, reflecting explosive growth fueled by demand for its technology, though some analysts are cautious about future gains amid increasing competition."
2024-06-19 00:00:00,"Nvidia becomes world’s most valuable company, dethroning Microsoft",Al Jazeera,1.0,0.338216,https://www.aljazeera.com/economy/2024/6/19/nvidia-becomes-worlds-most-valuable-company-dethroning-microsoft,"Nvidia has dethroned Microsoft to become the world's most valuable company, with its market capitalization reaching $3.335 trillion. The chipmaker's stock price surged by 3.5 percent to $135.58, driven by the strong demand for its GPUs essential for artificial intelligence development. This milestone follows Nvidia's consistent rise, fueled by its dominant market share in AI chips and strategic investments by CEO Jensen Huang."
2024-06-18 19:44:00,Nvidia surpasses Microsoft to become the world’s most valuable company,SiliconANGLE,1.0,0.276399,https://siliconangle.com/2024/06/18/nvidia-surpasses-microsoft-become-worlds-valuable-company/,"Nvidia Corp. has surpassed Microsoft Corp. to become the world's most valuable publicly traded company, reaching a market capitalization of $3.34 trillion. This milestone follows a surge in Nvidia's stock, driven by its dominance in the AI chip market, particularly with its GPUs essential for generative AI development. The company's exceptional growth contrasts with Microsoft and Apple, which have also benefited from AI but not to the same extent, solidifying Nvidia's unique position in the tech landscape."
2024-06-18 18:44:00,Nvidia becomes world’s most valuable company amid AI boom,The Guardian,1.0,0.33552,https://www.theguardian.com/technology/article/2024/jun/18/nvidia-valuation-most-valuable,"Nvidia has become the world's most valuable company, surpassing Microsoft and Apple, with its market capitalization reaching $3.34 trillion. This surge is driven by high demand for its chips, which are central to the booming artificial intelligence industry. The company's exponential growth has also significantly increased CEO Jensen Huang's net worth and boosted the broader stock market."
2024-06-18 17:44:00,Nvidia eclipses Microsoft as world's most valuable company,VOA - Voice of America English News,1.0,0.28986,https://www.voanews.com/a/nvidia-eclipses-microsoft-as-world-s-most-valuable-company-/7661109.html,"Nvidia has surpassed Microsoft to become the world's most valuable company, with its market capitalization reaching $3.341 trillion. This surge is driven by high demand for its processors essential for artificial intelligence technology. Nvidia's stock has nearly tripled this year, reflecting the market's strong optimism about its role in the booming AI sector."
2024-06-18 13:28:37,A major tech ETF is set to load up on Nvidia at the expense of Apple,Finimize,0.996685,0.253281,https://finimize.com/content/re-balancing-act,"The Technology Select Sector SPDR Fund (XLK), a major tech ETF, is poised to significantly increase its Nvidia holdings while reducing its Apple stake during its quarterly rebalance. This strategic shift comes as Nvidia has surpassed Apple to become the world's second-largest tech company. The rebalance will involve the purchase of $11 billion in Nvidia shares and the sale of $12 billion in Apple shares by State Street, the ETF's manager."
2024-06-17 15:55:00,Broadcom just keeps getting bigger as it’s deemed best AI stock besides Nvidia,MarketWatch,0.607108,0.412907,https://www.marketwatch.com/story/broadcom-just-keeps-getting-bigger-as-its-deemed-best-ai-stock-besides-nvidia-26e1bcac?gaa_at=eafs&gaa_n=AWEtsqd1C_oO0iQH0kzG7DdLwTU6SlCEDdUDQnz1wrjhnWFUH9vIml8A94DL&gaa_ts=6999abb5&gaa_sig=uD7zAAJZT-mnopJ3v88NBXYqdtWL7XuPsfL2tF8sc-RYNEuWanFrxa2a1SeLEAI6thPYnVtg9xYaD2tnaNx7kQ%3D%3D,"Broadcom Inc. passed Eli Lilly & Co. to become the eighth-largest U.S. company by market capitalization after its stock gained 5.4% in Monday's session. This marks a significant ascent for the chip maker, which is increasingly being recognized as a top AI stock alongside Nvidia. The gain also extended Broadcom's winning streak to seven consecutive sessions."
2024-06-17 12:51:19,DigitalOcean Appoints Bratin Saha as Chief Product and Technology Officer,citybiz,0.550683,0.22392,https://www.citybiz.co/article/568015/digitalocean-appoints-bratin-saha-as-chief-product-and-technology-officer/,"DigitalOcean Holdings, Inc. (NYSE: DOCN) has appointed Bratin Saha as its new Chief Product and Technology Officer (CPTO). Saha, formerly of Amazon Web Services (AWS) where he led AI, ML, and Data Infrastructure, will oversee product strategy, development, infrastructure, and security. His extensive experience in AI, machine learning, and cloud computing is expected to drive innovation for DigitalOcean's developer cloud, especially focusing on integrating generative AI."
2024-06-14 12:40:45,AMD Confident About Increasing Market Share In India,Entrepreneur,0.606838,0.365054,https://www.entrepreneur.com/en-in/growth-strategies/amd-confident-about-increasing-market-share-in-india/475626,"AMD sees India as a promising market for significant growth due to increasing investments in data centers, AI, and technology upgrades. The company plans to expand its workforce in India by adding 3,000 more engineers over the next five years as part of a $400 million investment. AMD acknowledges the importance of talent development and collaboration with academia to meet the growing demands of India's semiconductor ecosystem."
2024-06-13 11:30:00,3 Stocks to Buy in the Wake of Nvidia’s 10-for-1 Split,InvestorPlace,0.969543,0.336633,https://investorplace.com/2024/06/three-stocks-to-buy-in-the-wake-of-nvidias-10-for-1-split/,"Following Nvidia's 10-for-1 stock split, this article highlights three companies poised for significant growth in the booming AI market: Taiwan Semiconductor Manufacturing (TSM), Marvell Technology (MRVL), and Arista Networks (ANET). TSM is a key chip producer for major AI players, offering an attractive P/E ratio and dividend yield. Marvell Technology is expected to see strong revenue growth from custom AI chips, while Arista Networks' networking solutions are crucial for AI infrastructure, with its AI solutions business rapidly growing."
2024-06-11 13:11:55,OpenAI Selects Oracle Cloud Infrastructure to Extend Microsoft Azure AI Platform,Oracle,0.612096,0.381564,https://www.oracle.com/news/announcement/openai-selects-oracle-cloud-infrastructure-to-extend-microsoft-azure-ai-platform-2024-06-11/,"OpenAI has chosen Oracle Cloud Infrastructure (OCI) to expand the Microsoft Azure AI platform, providing additional capacity for its generative AI services. This collaboration will allow OpenAI to scale its operations, leveraging OCI's high-performance and cost-effective AI infrastructure. OpenAI CEO Sam Altman and Oracle Chairman Larry Ellison both emphasized the strong need for advanced AI infrastructure to support the rapid development of large language models."
2024-06-11 12:38:52,Apple execs explain why its AI is different from competitors,CNBC,0.574816,0.178941,https://www.cnbc.com/2024/06/11/apple-intelligence-apple-execs-explain-why-its-ai-is-different.html,"Apple executives, including software chief Craig Federighi and AI chief John Giannandrea, explained their distinct approach to artificial intelligence, dubbed ""Apple Intelligence."" Unlike competitors focusing on broad AI for various products, Apple's strategy centers on personalizing AI for its devices and user data, emphasizing privacy and on-device processing. They also clarified that Apple Intelligence uses multiple smaller models and will integrate with third-party AI like ChatGPT and potentially Google Gemini in the future."
2024-06-10 08:11:00,Hoth Therapeutics Announces Joint Development Agreement with Wise Systems International SRL to Utilize Artificial Intelligence for Drug Discovery,PR Newswire,0.845844,0.386012,https://www.prnewswire.com/news-releases/hoth-therapeutics-announces-joint-development-agreement-with-wise-systems-international-srl-to-utilize-artificial-intelligence-for-drug-discovery-302168103.html,"Hoth Therapeutics, Inc. has announced a joint development agreement with Wise Systems International SRL to integrate artificial intelligence into its drug discovery process. This collaboration will leverage Nvidia's BioNeMo generative AI platform to accelerate the training of models on proprietary data, aiming to identify, create, and optimize new therapeutics. Both companies anticipate that this partnership will enhance Hoth Therapeutics' intellectual property, pipeline, and ultimately accelerate the delivery of novel treatments to patients."
2024-06-06 22:36:00,Arista releases Etherlink platforms for AI networking focused on large clusters,SiliconANGLE,0.605064,0.373386,https://siliconangle.com/2024/06/06/arista-releases-etherlink-platforms-ai-networking-focused-large-clusters/,"Arista Networks Inc. announced the launch of its Arista Etherlink AI platforms, designed to improve network performance for AI workloads by supporting large AI clusters with efficient topologies and advanced monitoring. The new platforms, including the 7060X6 AI Leaf, 7800R4 AI Spine, and 7700R4 AI Distributed Etherlink Switch, offer non-blocking throughput and scalability. These developments coincide with Arista's 10th anniversary as a publicly traded company and address the increasing demands of AI networking."
2024-06-06 13:24:17,TSMC Shares Hit Record High as AI Demand Boosts Chip Industry,The Wall Street Journal,0.604338,0.577348,https://www.wsj.com/tech/tsmc-shares-hit-record-high-as-ai-demand-boosts-chip-industry-f183bd6e?gaa_at=eafs&gaa_n=AWEtsqcVsRU8w28JYiJuKXkNgL7h5gNQ_eWm5YihBc5QdsD5NiyZ5uK0Ithw&gaa_ts=6999b583&gaa_sig=LQvNy2OvshvlbTX1paWt_wRixhROjefY2dPVOpdYBbFVFKbnc7d1F7wPD7IyH2VVpuE5G78FTm_Si_PyXaT46Q%3D%3D,"Shares of Taiwan Semiconductor Manufacturing Co. (TSMC), the world's largest contract chip maker, reached a new record high due to surging global demand for advanced AI chips. The company's stock rose 5.15% in Taipei, pushing its market capitalization to $717.58 billion and contributing to an all-time high for the benchmark Taiex Index. This surge also follows recent announcements of a new share buyback program and a strategic partnership."
2024-06-06 13:20:10,Nvidia’s Huang champions Supermicro’s direct liquid cooling tech,Taipei Times,0.906547,0.301794,https://www.taipeitimes.com/News/biz/archives/2024/06/06/2003818917,"Nvidia CEO Jensen Huang publicly endorsed Supermicro's direct liquid cooling (DLC) technology for AI data centers at Computex Taipei, alongside Supermicro CEO Charles Liang. Huang highlighted DLC as crucial for handling the exponential growth in data processing driven by generative AI, estimating a US$3 trillion investment in new data centers by 2030 will boost demand for Supermicro's solutions. Liang emphasized DLC's energy and cost-saving benefits over traditional air cooling, aiming for it to become a mainstream solution for AI data centers efficiency."
2024-06-06 12:41:38,Cathie Wood's Ark missed Nvidia tech rally but eyes other AI wins,InvestmentNews,0.997242,0.071557,https://www.investmentnews.com/ria-news/cathie-woods-ark-missed-nvidia-tech-rally-but-eyes-other-ai-wins/254212,"Cathie Wood's Ark Investment Management largely missed Nvidia's significant tech rally after selling most of its shares at around $400, despite initially buying in 2014. Wood maintains that Ark is well-positioned for future AI growth through investments in other companies, including a continued bet on Tesla and stakes in AI startups like xAI and OpenAI, viewing autonomous driving as a major AI project. She also predicts surprisingly large interest rate cuts in 2024 due to rolling recessions in the US."
2024-06-06 06:58:03,VanEck Semiconductor ETF (SMH) 2024 Holdings and Performance Recap,VanEck,0.918721,0.47564,https://www.vaneck.com/offshore/en/news-and-insights/blogs/thematic-investing/vaneck-semiconductor-etf-smh-2024-holdings-and-performance-recap/,"The VanEck Semiconductor ETF (SMH) experienced strong performance in Q1 2024, with a 28.9% increase, largely driven by NVIDIA Corp. and Taiwan Semiconductor Manufacturing Co. Intel Corporation and STMicroelectronics were the main detractors during this period. The report provides a detailed overview of SMH's top holdings, their contributions to the ETF's performance, and key financial highlights for Q1 2024."
2024-06-05 16:50:00,Nvidia surpasses Apple to become the second-largest public company in the US,CNN,0.305721,0.01813,https://www.cnn.com/2024/06/05/investing/nvidia-stock-apple-microsoft-market-value,"Nvidia's market capitalization has soared to $3.019 trillion, making it the second-largest publicly traded company in the US, surpassing Apple and trailing only Microsoft. The chipmaker has been a major beneficiary of the AI boom, with its stock up 147% this year. Nvidia also announced a 10-for-1 stock split to make shares more accessible to individual investors."
2024-06-05 13:20:10,Supermicro Introduces Rack Scale Plug-and-Play Liquid-Cooled AI SuperClusters for NVIDIA Blackwell and NVIDIA HGX H100/H200,HPCwire,0.935396,0.269141,https://www.hpcwire.com/off-the-wire/supermicro-introduces-rack-scale-plug-and-play-liquid-cooled-ai-superclusters-for-nvidia-blackwell-and-nvidia-hgx-h100-h200/,"Supermicro has introduced liquid-cooled AI SuperClusters, optimized for NVIDIA AI Enterprise software, to accelerate generative AI adoption for businesses. These new solutions support NVIDIA Blackwell and NVIDIA HGX H100/H200 GPUs, with liquid cooling reducing power usage by up to 40%. Supermicro aims to simplify AI infrastructure deployment for enterprises, enabling a seamless transition from pilot to large-scale production."
2024-06-04 12:40:45,"AMD, TSMC to produce new chips",Taipei Times,0.64264,0.33092,https://www.taipeitimes.com/News/front/archives/2024/06/04/2003818833,"AMD will collaborate with TSMC to produce its next-generation chips using 3-nanometer process technology, despite speculation about using Samsung's technology. AMD CEO Lisa Su emphasized the strong partnership with TSMC and Taiwan's importance to the semiconductor ecosystem. She also discussed an annual update cycle for AMD's AI chips, with the Instinct MI325X planned for release later this year."
2024-06-04 11:06:00,Cisco Live Day 1 news brings together networking and security,SiliconANGLE,0.607411,0.274338,https://siliconangle.com/2024/06/04/cisco-live-day-1-news-brings-together-networking-security/,"Cisco Live's 2024 event highlights the company's focus on integrating networking and security, especially in the context of AI's growing influence. Cisco announced innovations like Nexus HyperFabric with Nvidia and Nutanix, and advancements in its Security Cloud, aiming to simplify operations and enhance threat protection across its installed base. The company emphasizes a strategy of ""melting security into the network"" to leverage its heritage and address the evolving tech landscape."
2024-06-03 22:23:00,Rockwell Automation expands AI collaboration with Nvidia to include mobile robots,The Business Journals,0.802924,0.402819,https://www.bizjournals.com/milwaukee/news/2024/06/03/rockwell-expands-collaboration-with-nvidia.html,"Rockwell Automation is expanding its collaboration with Nvidia to incorporate mobile robots from a Canadian firm it recently acquired. This move integrates artificial intelligence capabilities into Rockwell's robot offerings, with the Husky Observer being highlighted as one such robot. The expansion follows Rockwell's acquisition of the mobile robot company nine months prior."
2024-06-03 03:27:00,"AMD announces new AI chips amid intensifying competition with Nvidia, Intel",CNBC,0.801281,0.195254,https://www.cnbc.com/2024/06/03/amd-unveils-new-ai-chips-amid-rising-competition-with-nvidia-intel.html,"AMD announced new AI chips at the Computex tech conference in Taipei, emphasizing AI as its top priority and a transformative force in the computing market. This move intensifies its competition with rivals Nvidia and Intel, both of whom are also rapidly introducing new AI-focused processors. AMD plans to release new AI chip technology annually, outlining a roadmap for Instinct accelerators and EPYC server processors through 2026."
2024-06-02 13:10:40,NVIDIA Robotics Adopted by Industry Leaders for Development of Tens of Millions of AI-Powered Autonomous Machines,NVIDIA Newsroom,1.0,0.340442,https://nvidianews.nvidia.com/news/robotics-industry-development-ai-autonomous-machines,"NVIDIA announced that industry leaders like BYD Electronics, Siemens, Teradyne Robotics, and Intrinsic are adopting its Isaac robotics platform for developing AI-powered autonomous machines. The platform provides accelerated libraries, simulation tools, and AI models to enhance efficiency and safety in various industrial settings, including factories and warehouses. This widespread adoption signifies a major step towards widespread robot deployment across diverse applications."
2024-06-02 13:10:40,"Foxconn Trains Robots, Streamlines Assembly With NVIDIA AI and Omniverse",NVIDIA Blog,0.302827,0.01744,https://blogs.nvidia.com/blog/foxconn-digital-twin-ai/,"Foxconn is developing a virtual factory in NVIDIA Omniverse and Isaac platforms to optimize the assembly of NVIDIA Blackwell HGX systems. This digital twin will enable engineers to define processes and train robots, expecting to increase manufacturing efficiency, reduce costs, and lower energy consumption by over 30% annually. Foxconn's use of NVIDIA AI technologies like Isaac Manipulator, Perceptor, and cuOpt will allow robots to learn complex tasks and navigate factory floors autonomously, marking a significant step in industrial digitization."
2024-06-02 13:10:40,"NVIDIA NIM Revolutionizes Model Deployment, Now Available to Transform World’s Millions of Developers Into Generative AI Developers",NVIDIA Investor Relations,1.0,0.404319,https://investor.nvidia.com/news/press-release-details/2024/NVIDIA-NIM-Revolutionizes-Model-Deployment-Now-Available-to-Transform-Worlds-Millions-of-Developers-Into-Generative-AI-Developers/default.aspx,"NVIDIA has announced the general availability of NVIDIA NIM, a set of inference microservices designed to simplify and accelerate the deployment of generative AI applications. These optimized containers allow developers to build generative AI tools for various modalities in minutes, significantly boosting productivity and enabling enterprises to maximize their infrastructure investments. Over 150 partners across the AI ecosystem are already integrating NIM to speed up domain-specific AI deployments, making generative AI more accessible to a wider range of organizations."
2024-06-02 13:10:40,NVIDIA Brings AI Assistants to Life With GeForce RTX AI PCs,NVIDIA Investor Relations,1.0,0.310695,https://investor.nvidia.com/news/press-release-details/2024/NVIDIA-Brings-AI-Assistants-to-Life-With-GeForce-RTX-AI-PCs/default.aspx,"NVIDIA announced new RTX technology to power AI assistants and digital humans on new GeForce RTX AI laptops, including ""Project G-Assist"" for context-aware help in games and apps. They also introduced PC-based NVIDIA NIM inference microservices for the NVIDIA ACE digital human platform, enabled by the new NVIDIA RTX AI Toolkit. These innovations aim to accelerate over 500 PC applications and games, with new RTX AI PC laptops from ASUS and MSI featuring up to GeForce RTX 4070 GPUs."
2024-06-02 13:10:39,"NVIDIA Enables Real-Time Healthcare, Industrial and Scientific AI Applications at the Edge With Enterprise Software Support for NVIDIA IGX With Holoscan",Nvidia investor,1.0,0.341928,https://investor.nvidia.com/news/press-release-details/2024/NVIDIA-Enables-Real-Time-Healthcare-Industrial-and-Scientific-AI-Applications-at-the-Edge-With-Enterprise-Software-Support-for-NVIDIA-IGX-With-Holoscan/default.aspx,"NVIDIA announced the general software availability of NVIDIA AI Enterprise-IGX with NVIDIA Holoscan on the NVIDIA IGX platform, designed to accelerate the development and deployment of real-time AI solutions at the industrial edge for healthcare, industrial, and scientific computing sectors. This offering enhances performance, security, and scalability for edge AI operations, leveraging a refreshed IGX platform that includes increased AI performance with the NVIDIA RTX™ 6000 Ada GPU and support for flexible custom configurations. Major companies like Medtronic, Moon Surgical, ADLINK, and SETI Institute are already adopting IGX with Holoscan to power advanced AI applications from intelligent endoscopy to robotic surgery and radio astronomy."
2024-06-02 08:30:00,"Nvidia dominates the AI chip market, but there's more competition than ever",CNBC,0.309369,0.019991,https://www.cnbc.com/2024/06/02/nvidia-dominates-the-ai-chip-market-but-theres-rising-competition-.html,"Nvidia maintains a dominant market share in AI chips, estimated between 70% and 95%, despite significant competition emerging from startups, cloud providers, and other chipmakers like AMD and Intel. The company is responding by accelerating its chip release schedule, but the high cost of its flagship chips and the growing trend of inferencing on less powerful hardware are creating opportunities for alternatives. Major tech companies and venture-backed startups are investing heavily in developing their own AI silicon to challenge Nvidia's lead."
2024-06-02 00:00:00,Computer Industry Joins NVIDIA to Build AI Factories and Data Centers for the Next Industrial Revolution,NVIDIA,1.0,0.485388,https://investor.nvidia.com/news/press-release-details/2024/Computer-Industry-Joins-NVIDIA-to-Build-AI-Factories-and-Data-Centers-for-the-Next-Industrial-Revolution/default.aspx,"NVIDIA, in collaboration with top computer manufacturers, unveiled a new array of NVIDIA Blackwell architecture-powered systems, featuring Grace CPUs and NVIDIA networking, designed for building AI factories and data centers. These systems aim to drive the next wave of generative AI breakthroughs, with offerings ranging from single to multi-GPUs and various cooling technologies. Key industry players like ASRock Rack, ASUS, GIGABYTE, and Supermicro are among those delivering these advanced AI systems."
2024-06-02 00:00:00,"‘Accelerate Everything,’ NVIDIA CEO Says Ahead of COMPUTEX",NVIDIA Blog,1.0,0.532139,https://blogs.nvidia.com/blog/computex-2024-jensen-huang/,"NVIDIA CEO Jensen Huang, speaking ahead of COMPUTEX, emphasized a ""major shift in computing"" driven by AI and accelerated computing, detailing new semiconductors, software, and systems. Huang announced a one-year rhythm for new semiconductors, including the upcoming Rubin platform, and highlighted accelerated computing as sustainable, driving down costs. He also showcased strong industry adoption of NVIDIA technologies for AI factories, next-generation networking with Spectrum-X, and the transformation of generative AI development with NVIDIA NIM, alongside the integration of AI assistants into RTX AI PCs and the adoption of NVIDIA Robotics for industrial digitization."
2024-05-31 14:16:02,Apple Supplier STMicroelectronics to Build $5.4 Billion Chip Plant in Italy,The Wall Street Journal,0.641887,0.276894,https://www.wsj.com/business/stmicroelectronics-to-build-5-4-bln-chip-plant-in-italy-with-state-support-7cb0a919?gaa_at=eafs&gaa_n=AWEtsqfYCmqs9rcpwr2fhaq_hKzuVR9umF-go9GNgW0JAk5aA1QqhCwVxM3y&gaa_ts=6999c1a6&gaa_sig=os4Ygv9tKy9npP9YpjNWjpubZ-MMsincZfj1jx30zVcVBrC4IRBgTwuVxWTr7hX1DOL0S6OwifzQScou09pkzg%3D%3D,"STMicroelectronics, a key supplier for Apple, Tesla, and Samsung, is investing approximately $5.42 billion to build a new chip-manufacturing plant in Catania, Sicily, with state support. This facility will produce silicon-carbide semiconductor products, essential for electric vehicles and data centers, as the company prepares for an anticipated recovery in the semiconductor market. The investment aims to expand production capacity for these energy-efficient chips."
2024-05-31 14:04:17,"NetApp Leads AI Innovation With Tech Partners Like Nvidia, Cisco, Lenovo: CEO George Kurian",CRN,0.733308,0.319174,https://www.crn.com/news/storage/2024/netapp-leads-ai-innovation-with-partners-like-nvidia-cisco-lenovo-ceo-george-kurian,"NetApp CEO George Kurian highlighted the company's strong fiscal 2024 fourth-quarter results, driven by growth in its cloud and flash storage businesses, and emphasized AI as a key future growth driver. NetApp's strategy centers on supporting customers throughout the AI lifecycle with high-performance all-flash storage and comprehensive data management, while expanding partnerships with companies like Nvidia and Cisco to strengthen its enterprise AI position. The company projects continued growth for fiscal year 2025, expecting revenue between $6.45 billion and $6.65 billion, and anticipates increased public cloud revenue."
2024-05-30 04:44:29,Why Investing Guru Jeremy Grantham’s New ETF Shuns Nvidia and Tesla Stock,Barron's,0.807166,-0.059377,https://www.barrons.com/articles/investing-jeremy-grantham-quality-etf-nvidia-tesla-stock-1377e79f?gaa_at=eafs&gaa_n=AWEtsqe4IP91z5QdRiyzrTmfOWxGhga-AzJnl-PFGCz5Yi9JScE781K9rLYw&gaa_ts=69365a4e&gaa_sig=Pss51SlcLAKzU7s0v5A9pB6yAjV8Tp25izZ2uBwRoI_vSgLhRnRpIQF1h6YK49tRdAul75G5ReYEEXchPUBCjw%3D%3D,"Legendary investor Jeremy Grantham's new ETF, GMO’s U.S. Quality ETF, is outperforming the stock market despite intentionally excluding high-momentum stocks like Nvidia and Tesla. The ETF instead focuses on defensive stocks such as Coca-Cola, alongside five of the ""Magnificent Seven"" tech stocks. This strategy highlights a preference for quality and value over pure momentum plays."
2024-05-29 17:37:00,Samsung partner Corning enters glass substrate market as AI chips boom,Korea JoongAng Daily,0.56547,0.251837,https://koreajoongangdaily.joins.com/news/2024-05-29/business/tech/Samsung-partner-Corning-enters-glass-substrate-market-as-AI-chips-boom/2057374,"Corning, a specialty glass producer and long-time Samsung partner, is entering the glass substrate market for semiconductors due to increasing demand for AI chips. The company is sampling glass substrates to global customers, including those in Korea, and anticipates this market will surpass its existing chip business. Corning plans to invest 2 trillion Korean won ($1.5 billion) in Korea by 2028 to support bendable glass production and facility upgrades, with its R&D center in Asan playing a key role."
2024-05-29 13:31:24,Astera Labs Extends Interoperability Leadership Driving PCIe 6.x Deployment,StorageNewsletter,0.607538,0.384118,https://www.storagenewsletter.com/2024/05/29/astera-labs-extends-interoperability-leadership-driving-pcie-6-x-deployment/,"Astera Labs has expanded the PCIe 6.x testing capabilities of its Cloud-Scale Interop Lab to ensure interoperability between its Aries 6 PCIe/CXL Smart DSP Retimers and various PCIe 6.x hosts and endpoints. This initiative aims to accelerate the deployment of high-bandwidth, low-latency PCIe 6.x connectivity in AI platforms, reducing development time. The company also launched its first Cloud-Scale Interop Lab outside Silicon Valley in Taiwan to foster closer collaboration with ODM customers."
2024-05-29 00:00:00,Data Center Powerplay: The Chips Have to Go Somewhere,Citigroup,0.743107,0.36131,https://www.citigroup.com/global/insights/data-center-powerplay-the-chips-have-to-go-somewhere,"Citi Research forecasts a significant surge in data center capacity, driven by the power demands of Generative AI (GenAI), expecting a compound annual growth of 17% to 100 GW by 2030, up from 33 GW in 2023. GenAI workloads are projected to account for over half of this demand by 2030, with concerns raised about utilities' ability to meet the escalating power needs. The report estimates annual peak power requirements for US data centers to be 5 GW to 8 GW through 2030, posing a potential bottleneck if supply constraints persist."
2024-05-29 00:00:00,"The NVIDIA Spider Web, Pt. 1: Applied Materials and Lam Research",DataDrivenInvestor,0.716629,0.350172,https://medium.datadriveninvestor.com/the-nvidia-spider-web-pt-1-applied-materials-and-lam-research-c162b0712ecc,"This article initiates ""The NVIDIA Spider Web"" series, focusing on semiconductor equipment providers Applied Materials (AMAT) and Lam Research (LRCX). It analyzes their individual financial performance, strategic positions, and growth drivers, as well as their crucial roles in supporting NVIDIA's expansion. The author highlights their attractiveness as investments due to their industry leadership, technological advancements, and strong correlation with NVIDIA's growth."
2024-05-24 00:00:00,Applied Materials scales AI chips as revenue stagnates,Manufacturing Dive,0.612206,0.213173,https://www.manufacturingdive.com/news/applied-materials-expands-ai-chips-high-volume-manufacturing-q2-2024/717007/,"Applied Materials is expanding its production of advanced AI-powering chips, particularly focusing on its gate-all-around transistor design, to counter stagnating revenue. The company aims to double revenue from this technology to $5 billion by 2025, despite U.S. sanctions potentially impacting its significant business in China. Applied Materials is also heavily investing in R&D to accelerate customer integration of its AI chip technology."
2024-05-22 14:04:40,Nvidia shares jump 4% as the AI boom fuels another blockbuster quarter and better-than-expected forecast,Fortune,1.0,0.347748,https://fortune.com/2024/05/22/nvidia-shares-jump-4-as-the-ai-boom-fuels-a-another-blockbuster-quarter-and-better-than-expected-forecast/,"Nvidia reported another strong quarter, exceeding revenue and earnings expectations, driven by the ongoing AI boom. The company forecasted second-quarter revenue of $28 billion, surpassing analyst predictions, and announced a 10-for-1 stock split and a 150% dividend increase. CEO Jensen Huang highlighted the diversification of AI adoption beyond hyperscalers into various industries and sovereign AI initiatives."
2024-05-22 11:10:00,This Nvidia-heavy investing strategy has been outperforming the S&P 500,MarketWatch,1.0,0.269855,https://www.marketwatch.com/story/this-nvidia-heavy-investing-strategy-has-been-outperforming-the-s-p-500-073d692b?gaa_at=eafs&gaa_n=AWEtsqfyeyKNQRZp2pjT9RuEF1ZXAbZTlVX-UsOi6Np77nIdpLHmfkHo0Vzq&gaa_ts=69076261&gaa_sig=e1qNOcr8ONfT_TXKKVERt0VUunbvtkKs3P7AmAl5mY5vh-UepiP7M6tbCu7BqwLTiJjPU1qxaH1GvIkC1KTU5w%3D%3D,"An investing strategy focusing on an Nvidia-heavy ETF, the Invesco S&P 500 Momentum ETF (SPMO), has consistently outperformed the S&P 500. This low-cost index strategy tracks stocks with the highest risk-weighted returns within the S&P 500 and has performed well during a period of high inflation and strong leadership in the technology sector. The fund, which rebalances twice a year, holds 99 S&P 500 companies with high momentum scores."
2024-10-28 00:00:00,How Nvidia Overtook Apple as World's Most Valuable Company,Technology Magazine,1.0,0.290498,https://technologymagazine.com/articles/how-nvidia-overtook-apple-as-worlds-most-valuable-company,"Nvidia briefly surpassed Apple to become the world's most valuable company, driven by the immense demand for its specialized AI chips crucial for advanced AI applications. This shift highlights the growing importance of AI-driven technologies in the tech market, with Nvidia benefiting significantly from the race among tech giants to dominate AI. While Apple later regained its lead, Nvidia's surge underscores the impact of AI on market valuations and investment trends."
2024-10-10 00:00:00,AMD Unveils CPU & GPU Solutions in AI Leadership Bid,Technology Magazine,0.881633,0.334099,https://technologymagazine.com/articles/amd-unveils-cpu-gpu-solutions-in-ai-leadership-bid,"AMD announced new high-performance AI accelerators, networking solutions, and the latest generation of EPYC processors at its 2024 Advancing AI event, aiming to intensify competition with Nvidia in the growing AI chip market. The company projects the data center AI accelerator market to reach US$500 billion by 2028 and is committed to delivering open innovation through expanded silicon, software, network, and cluster-level solutions. These new offerings, including the Instinct MI325X accelerators and fifth-generation EPYC CPUs, are designed to meet the increasing demand for powerful and efficient AI computing."
2024-10-07 06:09:43,MSTX Share Price & Live Chart | Defiance Daily Target 1.75X Long MSTR ETF,Investing.com UK,0.648772,-0.192275,https://uk.investing.com/etfs/mstx,"This article provides a comprehensive overview of the Defiance Daily Target 1.75X Long MSTR ETF (MSTX), including its current share price, historical performance, and key financial metrics. It highlights technical analysis, holdings, and dividend information, while also offering tools for investors to evaluate the ETF. The article also provides FAQs and a market overview with various indices and commodities data."
2024-09-05 10:23:22,Nvidia Stock Is Down 15% Since Earnings. Is It a Buy?,Morningstar,1.0,0.075885,https://www.morningstar.com/stocks/after-earnings-is-nvidia-stock-buy-sell-or-fairly-valued-3,"Nvidia's stock has dropped 15% since its Q2 earnings report, despite strong results and an optimistic forecast for AI investments and data center revenue. Morningstar maintains a ""fairly valued"" rating with a $105 fair value estimate, citing Nvidia's wide economic moat due to its GPU technology and CUDA software, and robust financial health. The primary risks include increasing competition in the AI chip market and potential diversification efforts by tech giants."
2024-09-03 14:24:00,The best AI fund of 2024? The S&P 500.,Sherwood News,0.822323,-0.085198,https://sherwood.news/markets/the-best-ai-etf-of-2024-the-sp500/,"Despite the explosive growth of AI-related companies like Nvidia and SMCI, AI-themed ETFs have largely underperformed the S&P 500. This underperformance is attributed to factors like diversification mandates within ETFs that limit exposure to top performers and the S&P 500's inherent top-heavy weighting in major tech companies benefiting from AI. The article suggests that high-fee thematic ETFs might be more beneficial for asset managers than for investors, recommending either thorough due diligence on individual stocks or sticking with broad index funds for market trends."
2024-08-20 00:00:00,AMD to acquire ZT Systems for $4.9B,Manufacturing Dive,0.828409,0.226393,https://www.manufacturingdive.com/news/advanced-micro-devices-zt-systems-acquisition-semiconductors-ai-nvidia/724603/,"Advanced Micro Devices (AMD) is set to acquire server manufacturer ZT Systems for $4.9 billion in a cash and stock transaction. This move is part of AMD's strategy to expand its AI capabilities and compete more effectively with Nvidia, leveraging ZT Systems' expertise in cloud computing design services and data center infrastructure. The deal is expected to close by the end of next year, with AMD planning to sell ZT Systems' U.S.-based data center infrastructure manufacturing business afterward."
2024-10-18 09:18:42,Which AI Stocks Are Leading the Market to New Highs?,Morningstar,0.913511,0.273075,https://www.morningstar.com/markets/ai-stocks-again-help-push-market-new-highs,"After a sharp selloff, AI-related stocks, including Nvidia, Apple, and Amazon, are once again driving the market to new highs, contributing significantly to recent gains. While the Morningstar Global Next Generation Artificial Intelligence Index is up 30.94% this year, it's also trading at a premium, raising questions about future growth and prompting Morningstar strategists to suggest opportunities might lie in undervalued small-cap and value stocks. This current tech-led recovery mirrors earlier market trends since October 2022, with technology and financial services sectors consistently leading the way."
2024-10-17 04:47:00,"Investing In Artificial Intelligence (AI) Stocks Can Be Risky, but Buying This Global X ETF Might Be a Great Way to Do It",The Motley Fool,0.742288,0.29395,https://www.fool.com/investing/2024/10/17/investing-in-artificial-intelligence-ai-stocks-can/,"Investing in individual AI stocks can be risky due to the difficulty of picking winners, as historical technological revolutions have shown. A safer approach for investors looking to capitalize on AI's growth is to buy an exchange-traded fund (ETF) with a high concentration of AI stocks, such as the Global X Artificial Intelligence and Technology ETF. This ETF offers diversification across 84 AI-focused companies and has historically outperformed the S&P 500 despite its higher expense ratio, making it a potentially attractive option for long-term growth as part of a diversified portfolio."
2024-09-05 15:10:18,XOVR Top Holdings List & Exposure (ERShares Private-Public Crossover ETF),MarketBeat,0.841283,0.183871,https://www.marketbeat.com/stocks/NASDAQ/XOVR/holdings/,"This article details the top holdings and exposure of the ERShares Private-Public Crossover ETF (XOVR). It highlights that the top 25 holdings, including NVIDIA, Meta Platforms, and Palantir Technologies, constitute 85.78% of the fund. The report also provides a comprehensive breakdown of the ETF's investments by company, weight, shares held, and includes exposure to SpaceX and cash equivalents."
2024-08-19 15:59:00,AMD to acquire server builder ZT Systems for $4.9 billion in cash and stock,Reuters,0.837389,0.267442,https://www.reuters.com/technology/amd-acquire-server-builder-zt-systems-49-billion-cash-stock-2024-08-19/,"AMD announced its plan to acquire server maker ZT Systems for $4.9 billion in cash and stock to expand its AI chip and hardware portfolio and bolster its competition with Nvidia. The acquisition aims to integrate ZT Systems' engineering expertise to accelerate the testing and deployment of AMD's AI GPUs for cloud computing giants, with AMD planning to divest ZT Systems' manufacturing business post-acquisition. The deal is expected to close in the first half of 2025 and contribute to AMD's adjusted financial performance by the end of 2025."
2024-08-02 09:58:58,This Could Be a Buying Opportunity for Active ETF ‘LSGR’,ETF Trends,0.617017,0.333415,https://www.etftrends.com/portfolio-construction-content-hub/could-be-buying-opportunity-active-etf-lsgr/,"The article suggests that the recent slump in tech stocks could present a buying opportunity for the Natixis Loomis Sayles Focused Growth ETF (LSGR). LSGR is an actively managed ETF focusing on U.S. large-cap growth with a long-term, private equity ownership perspective, and it has outperformed the Russell 1000 Growth index since its inception. The fund holds a concentrated portfolio of high-quality businesses and has recently seen significant net flows, appealing to investors looking to increase their active ETF ownership."
2024-09-03 12:38:00,A Dot-Com-Like Bust Isn’t in the Cards for AI Investors Who Diversify,Barron's,0.930862,0.304474,https://www.barrons.com/articles/a-dot-com-like-bust-isnt-in-the-cards-for-ai-investors-who-diversify-53ec4dba?gaa_at=eafs&gaa_n=AWEtsqfpXGEcgS_0TgoSo0q1D3QAnrmAVjcr6JvEl0lgYzTB9EcfGVxTM1b-&gaa_ts=69074d4e&gaa_sig=Lq7GoKjUJFd3QuWWqS4e-xizA5qUD6FFZplce-qFdcvt1b9W3TSpl59tuyuJk4bEPNZLAFiqe9Xnuxe0chBEtA%3D%3D,"Concerns about an AI bubble akin to the dot-com bust are overblown, according to J.P. Morgan Private Bank, citing lower valuations and stronger earnings expectations for current AI leaders. While investing in an S&P 500 index fund provides some AI exposure, investors seeking outperformance should diversify across AI infrastructure (AI 1.0) and AI applications (AI 2.0), potentially including global companies and low-cost ETFs for broader exposure. A long-term perspective is crucial as AI is expected to be a multi-year or multi-decade trend."
2024-08-24 18:24:27,Will Alphabet (GOOG) AI Phones Crush Apple’s AI Plans?,Yahoo Finance,0.551382,0.250379,https://finance.yahoo.com/news/alphabet-goog-ai-phones-crush-182427913.html,"This article examines whether Alphabet's new AI-powered Pixel phones will challenge Apple's AI ambitions, highlighting the stabilization and potential rebound of AI stocks. It delves into analyst opinions from RBC Wealth Management and Wedbush, who see the recent pullback as a healthy correction and an early stage of an AI bull market. The piece focuses on Alphabet (GOOG), its Gemini Nano AI assistant, despite market pressures like a potential Justice Department breakup and competition from OpenAI."
2024-08-22 00:00:00,"Going into earnings, is Nvidia stock a buy, a sell, or fairly valued?",Morningstar,1.0,0.184458,https://www.morningstar.com.au/stocks/going-into-earnings-is-nvidia-stock-a-buy-a-sell-or-fairly-valued-3,"Morningstar assesses Nvidia (NVDA) stock ahead of its Q2 earnings report, assigning it a 3-star rating, indicating it is fairly valued at a $105 fair value estimate. The article highlights Nvidia's strong Data Center business growth and wide economic moat, driven by its GPU technology and CUDA software platform, while acknowledging risks from increasing competition and the potential for a future inventory correction in AI demand. Analysts expect Nvidia to exceed guidance due to supply constraints and strong hyperscaler capital expenditure spending on AI."
2024-08-06 09:43:00,挑战英伟达，AI 芯片公司 Groq 成功融资 6.4 亿美元：估值飙升至 28 亿美元,手机新浪网,0.968203,0.191345,https://tech.sina.cn/2024-08-06/detail-inchsmte8152378.d.html?oid=%E5%B7%B4%E5%AE%9D%E8%8E%89a%E8%B4%A7%E5%A5%B3%E5%A4%96%E5%A5%97%E2%97%A2%E5%BE%AE%E4%BF%A1198099199%E2%97%A3XhDA&vt=4,AI芯片初创公司Groq近日成功完成6.4亿美元融资，使其总融资额超过10亿美元，公司估值飙升至28亿美元。本轮融资旨在加速开发其LPU推理引擎，以更快处理AI任务，有望挑战英伟达在AI芯片领域的领先地位。Groq还宣布Meta首席人工智能科学家Yann LeCun将担任技术顾问，并计划扩大产能和增加模型支持。
2024-11-15 21:04:00,Sands Capital Management Boosts Stake in Alphabet Inc.,The Globe and Mail,0.611003,0.246154,https://www.theglobeandmail.com/investing/markets/markets-news/Tipranks/36146768/sands-capital-management-boosts-stake-in-alphabet-inc/,"Sands Capital Management LLC, led by Frank Sands, significantly increased its stake in Alphabet Inc. Class A (GOOGL) by 1,685,218 shares. TipRanks’ AI Analyst, Spark, rates GOOGL as an Outperform due to strong financial performance and strategic investments in AI and cloud services, despite risks like high valuation and increased costs. The article highlights Alphabet's YTD price performance and current market capitalization."
2024-10-17 02:25:00,Alphabet appoints new Chief Technologist,Investing.com,0.63448,0.232687,https://www.investing.com/news/company-news/alphabet-appoints-new-chief-technologist-93CH-3669478,"Alphabet Inc. (NASDAQ: GOOGL) has appointed Prabhakar Raghavan, formerly Senior Vice President, Knowledge and Information, as the new Chief Technologist of Google LLC, effective immediately. This new role comes as the tech industry continues to evolve, prompting companies to adjust their leadership structures. Alphabet's robust financial health, with a market capitalization of $2.01 trillion and strong cash flows, positions it well for future technological initiatives under Raghavan's guidance."
2024-10-01 00:00:00,13 Charts on Q3′s Roller-Coaster Rally for Stocks and Bonds,Morningstar,0.742922,-0.244785,https://www.morningstar.com/markets/13-charts-stocks-bonds-q3-roller-coaster-rallies,"The third quarter of 2024 saw a ""white-knuckle ride"" for investors, with stocks reaching record highs and bonds in the green, largely driven by the Federal Reserve's interest rate cuts. A significant rotation from tech stocks to value and small-cap stocks occurred, alongside a rally in bond markets and outperformance of dividend stocks. Despite a brutal selloff in August, equities ended the quarter up over 6%, with further rate cuts anticipated."
2024-11-22 00:00:00,The 2025 Investment Outlook for Financial Advisors,Morningstar,0.70833,0.23545,https://www.morningstar.com/financial-advisors/morningstars-2025-investment-outlook-financial-advisors,"Morningstar's 2025 Investment Outlook for Financial Advisors discusses key investment themes for the coming year, including opportunities outside the US due to high valuations in American stocks, strategies for generating returns in a falling rate environment, and considerations for investing in private assets. The outlook also details the evolving impact of AI on both investment portfolios and financial advisor practices. It aims to help advisors navigate challenges and opportunities for their clients in 2025."
2024-11-15 21:04:00,Sands Capital Management Boosts Stake in Alphabet Inc.,The Globe and Mail,0.622876,0.244592,https://www.theglobeandmail.com/investing/markets/markets-news/Tipranks/36146768/sands-capital-management-boosts-stake-in-alphabet-inc/,"Sands Capital Management LLC, led by Frank Sands, significantly increased its stake in Alphabet Inc. Class A (GOOGL) by 1,685,218 shares. TipRanks’ AI Analyst, Spark, rates GOOGL as an Outperform due to strong financial performance and strategic investments in AI and cloud services, despite risks like high valuation and increased costs. The article highlights Alphabet's YTD price performance and current market capitalization."
2024-10-17 02:25:00,Alphabet appoints new Chief Technologist,Investing.com,0.600289,0.246396,https://www.investing.com/news/company-news/alphabet-appoints-new-chief-technologist-93CH-3669478,"Alphabet Inc. (NASDAQ: GOOGL) has appointed Prabhakar Raghavan, formerly Senior Vice President, Knowledge and Information, as the new Chief Technologist of Google LLC, effective immediately. This new role comes as the tech industry continues to evolve, prompting companies to adjust their leadership structures. Alphabet's robust financial health, with a market capitalization of $2.01 trillion and strong cash flows, positions it well for future technological initiatives under Raghavan's guidance."
2024-10-01 00:00:00,13 Charts on Q3′s Roller-Coaster Rally for Stocks and Bonds,Morningstar,0.742474,-0.215106,https://www.morningstar.com/markets/13-charts-stocks-bonds-q3-roller-coaster-rallies,"The third quarter of 2024 saw a ""white-knuckle ride"" for investors, with stocks reaching record highs and bonds in the green, largely driven by the Federal Reserve's interest rate cuts. A significant rotation from tech stocks to value and small-cap stocks occurred, alongside a rally in bond markets and outperformance of dividend stocks. Despite a brutal selloff in August, equities ended the quarter up over 6%, with further rate cuts anticipated."
2024-11-22 00:00:00,The 2025 Investment Outlook for Financial Advisors,Morningstar,0.745437,0.204105,https://www.morningstar.com/financial-advisors/morningstars-2025-investment-outlook-financial-advisors,"Morningstar's 2025 Investment Outlook for Financial Advisors discusses key investment themes for the coming year, including opportunities outside the US due to high valuations in American stocks, strategies for generating returns in a falling rate environment, and considerations for investing in private assets. The outlook also details the evolving impact of AI on both investment portfolios and financial advisor practices. It aims to help advisors navigate challenges and opportunities for their clients in 2025."
2025-01-29 10:18:00,How a more focused growth index can cut your risk in the stock market,MarketWatch,0.819585,0.074564,https://www.marketwatch.com/story/how-a-more-focused-growth-index-can-cut-your-risk-in-the-stock-market-7e1fa51e?gaa_at=eafs&gaa_n=AWEtsqctWT1KcH1Z5DLJii79uh0kmT28gDNA48BITtl5SargSpXrDt4BScHO&gaa_ts=69398ffe&gaa_sig=EYMZmX2smZBG23owcPGBKJ6MwJR8bCtTVL9V5HLbFAdTPantHs10ASmGuskO2Cw7qJ9qDHKAeeKGcP7PdlJWwA%3D%3D,"The S&P 500 has become a riskier investment due to its high concentration in ""Big Tech"" growth stocks, as evidenced by Nvidia's recent stock drop after news of a competitor's cheaper AI technology. An alternative growth strategy, such as one offered by the Invesco S&P 500 Pure Growth ETF, can help investors mitigate this risk while maintaining exposure to large-cap growth stocks in a low-cost index fund."
2025-01-29 06:07:30,Mawson Infrastructure Group signs 20MW lease with AI customer,DatacenterDynamics,0.707368,0.227866,https://www.datacenterdynamics.com/en/news/mawson-infrastructure-group-signs-20mw-lease-with-ai-customer/,"Mawson Infrastructure Group has secured a 20MW lease with an undisclosed AI customer for deploying Nvidia GPUs, with a Letter of Intent for a potential expansion to 144MW. The company is also planning to increase its total capacity to 153MW through an expansion in Ohio. This move signifies Mawson's strategic shift towards AI and high-performance computing markets, building on its growing digital colocation business."
2025-01-28 22:38:00,Investors piled into leveraged ETFs tied to Nvidia. Then the stock crashed,NBC Connecticut,0.988406,-0.373689,https://www.nbcconnecticut.com/news/business/money-report/nvidias-plunge-a-difficult-lesson-for-investors-betting-on-single-stock-etfs/3484484/,"Leveraged single-stock ETFs heavily invested in Nvidia experienced significant plunges after the chip manufacturer's stock crashed, highlighting the amplified risks of these investment vehicles. Three prominent leveraged Nvidia ETFs saw their largest single-day losses, while inverse ETFs gained substantially. Experts warn that while these ETFs can magnify gains, they also magnify losses, making them suitable only for traders with high risk tolerance and not for long-term investors."
2025-01-28 14:09:34,Investors piled into leveraged ETFs tied to Nvidia. Then the stock crashed,NBC Los Angeles,0.959124,-0.569844,https://www.nbclosangeles.com/news/business/money-report/nvidias-plunge-a-difficult-lesson-for-investors-betting-on-single-stock-etfs/3616574/,"Leveraged single-stock ETFs heavily invested in Nvidia's recent rally experienced significant plunges after the chip manufacturer's stock crashed, resulting in their largest single-day losses. This event served as a ""difficult lesson"" for investors who underestimated the risks associated with these amplified investment vehicles. While single-stock ETFs can magnify gains, they also amplify losses and are best suited for tactical day traders, not long-term investors."
2025-01-28 06:29:13,Russell 2000: Small Cap Stocks to Watch in 2025,tastylive,0.627428,0.353212,https://www.tastylive.com/news-insights/russell-2000-small-cap-best-stocks-2025,"Despite the Russell 2000's overall underperformance, several small-cap stocks have delivered significant gains, leveraging innovation and market shifts. The article highlights five companies—Dave Inc. (DAVE), GeneDx Holdings (WGS), Root (ROOT), Sezzle (SEZL), and SoundHound AI (SOUN)—that have shown impressive growth and potential, though some come with elevated valuations and inherent risks. Investors are advised to monitor these stocks and new small-cap opportunities for continued high-growth potential."
2025-01-27 16:18:00,Nvidia loses nearly $600 billion in market value after Chinese AI startup bursts onto scene,NBC News,0.332605,0.036739,https://www.nbcnews.com/business/business-news/nvidia-loses-market-value-chinese-ai-startup-deepseek-debut-rcna189431,"Nvidia experienced its worst market value drop since March 2020, losing nearly $600 billion, following advances by a Chinese AI startup, DeepSeek. This sell-off caused Nvidia's market value to fall below $3 trillion, allowing Apple to retake the title of the world's most valuable company. Despite the loss, Nvidia stated that DeepSeek's success could drive more demand for its GPUs, as the AI company leverages ""export control compliant"" models and compute."
2025-01-27 12:08:39,"1 Market-Beating ETF That Doesn't Have Nvidia, Microsoft, or Apple Among Its Top 3 Holdings",The Globe and Mail,0.636769,0.317205,https://www.theglobeandmail.com/investing/markets/stocks/NFLX/pressreleases/30616072/1-market-beating-etf-that-doesnt-have-nvidia-microsoft-or-apple-among-its-top-3-holdings/,"The American Century U.S. Quality Growth ETF (QGRO) offers a diversified approach to growth investing, outperforming the S&P 500 without heavy reliance on tech giants like Nvidia, Microsoft, or Apple. Its top holdings include Netflix, Booking Holdings, and TJX Companies, with no single stock accounting for more than 4% of the portfolio. This diversification makes it an attractive option for investors seeking growth while mitigating risks associated with an overconcentration in a few highly valued tech stocks."
2025-01-23 17:17:55,NYSEARCA:NVDY: High-Yield Income ETF or Missed NVIDIA Gains?,TradingNEWS,0.948701,0.110488,https://www.tradingnews.com/news/etf-nyse-arca-nvdy-84-percent-yield-nvda-vs-nvdy,"The YieldMax NVDA Option Income Strategy ETF (NYSEARCA:NVDY) offers an attractive 84% dividend yield through a covered call strategy on NVIDIA stock. While it provides high monthly income, this approach caps upside potential, leading to significant underperformance compared to NVIDIA's direct stock appreciation. Investors must weigh NVDY's income generation against its limited total return, dividend volatility, and specific risks like single-stock dependence and tax inefficiency."
2025-01-22 12:19:00,"Oracle surges, chip stocks rise as Trump unveils $500 bln AI plan",Reuters,0.840452,0.321952,https://www.reuters.com/technology/oracle-shares-rise-9-after-trump-unveils-500-bln-ai-plan-2025-01-22/,"Oracle's shares jumped nearly 9% after former President Donald Trump announced a $500 billion AI infrastructure investment plan, ""Stargate,"" involving Oracle, OpenAI, and SoftBank to keep the U.S. competitive in the global AI race. Other technology partners and AI-related companies, including Nvidia, Microsoft, Arm, Vistra, Dell Technologies, Super Micro Computer, and Palantir Technologies, also saw their stock prices increase following the news. The plan includes an immediate $100 billion investment, with the remaining over the next four years, and construction of data centers already underway in Texas."
2025-01-22 06:07:24,People are buying the wrong stock thinking it's part of OpenAI's Stargate Project,Quartz,0.618422,0.193452,https://qz.com/stargate-mgx-stock-openai-softbank-trump-musk-oracle-1851744836,"A biotechnology company named Metagenomi (MGX) saw its stock price surge by as much as 33% due to investor confusion, as many believed it was involved in OpenAI and SoftBank's new ""Stargate Project."" The actual MGX involved is a technology fund from the UAE, not the biotech firm. The Stargate Project aims to invest $500 billion in AI infrastructure, with figures like Donald Trump, Sam Altman, and Masayoshi Son backing it, though some, like Elon Musk and Gavin Baker, have expressed skepticism about the funding claims."
2025-01-21 12:20:00,"Mike Philbrick's Past Picks:Global X., Cambria Foreign Shareholder Yield ETF and Harvest Healthcare Leaders Income ETF – BNN Bloomberg",BNN Bloomberg,0.603033,-0.09639,https://www.bnnbloomberg.ca/video/shows/market-call/2025/01/21/mike-philbricks-past-picksglobal-x-cambria-foreign-shareholder-yield-etf-and-harvest-healthcare-leaders-income-etf/,"Mike Philbrick, CEO of ReSolve Asset Management, discusses his past ETF picks: Global X., Cambria Foreign Shareholder Yield ETF, and Harvest Healthcare Leaders Income ETF. The article provides details on these specific investment vehicles."
2025-01-21 06:00:41,IREN Business Update,irisenergy.gcs-web.com,0.626792,0.59205,https://irisenergy.gcs-web.com/news-releases/news-release-details/iren-business-update-0/,"IREN Limited has announced a business update, upgrading its growth target to 57 EH/s by the second half of 2025 and detailing plans for liquid-cooling systems in existing data centers to support both Bitcoin mining and cloud/colocation opportunities. The company is also advancing its 1,400MW Sweetwater data center project, targeting energization in April 2026, and actively exploring a multi-gigawatt development pipeline to enhance its portfolio of power and land resources. These initiatives are supported by a new $1 billion at-the-market facility and a focus on optimal capital sources."
2025-01-17 06:16:22,MicroStrategy Sets Sights on Amazon and Alphabet’s Common Shares Dominance,Wall Street Pit,0.602625,0.183068,https://wallstreetpit.com/122625-microstrategy-sets-sights-on-amazon-and-alphabets-common-shares-dominance/,"MicroStrategy is seeking shareholder approval to dramatically increase its authorized Class A common shares from 330 million to 10.3 billion, a move that would position it with more shares outstanding than many Nasdaq 100 tech giants. This expansion is designed to fuel its aggressive Bitcoin acquisition strategy, which has already seen its stock surge over 2,500% since 2020. Despite potential dilution concerns, investors appear to prioritize the company's Bitcoin-centric growth."
2025-01-14 00:00:00,"AMD: Trading at a 20% Discount, This Misunderstood Stock Is a Buy | Morningstar UK",Morningstar Canada,0.613259,0.229153,https://global.morningstar.com/en-gb/stocks/trading-20-discount-this-misunderstood-stock-is-buy,"Morningstar believes Advanced Micro Devices (AMD) is undervalued, trading at a 20% discount to its fair value estimate despite a challenging 2024. The company is well-positioned in the lucrative AI chip market, second only to Nvidia, and its strong data center business is expected to drive significant growth. Morningstar maintains a ""narrow economic moat"" rating for AMD, citing its chip design expertise and its unique x86 instruction set architecture license."
2025-01-14 00:00:00,"Supermicro Empowers AI-driven Capabilities for Enterprise, Retail, and Edge Server Solutions",Supermicro,0.858415,0.368848,https://ir.supermicro.com/news/news-details/2025/Supermicro-Empowers-AI-driven-Capabilities-for-Enterprise-Retail-and-Edge-Server-Solutions/default.aspx,"Supermicro is showcasing its latest AI server, storage, and edge computing solutions for the retail industry at the National Retail Federation (NRF) annual show, in collaboration with NVIDIA. These solutions aim to enhance retail operations, security, and efficiency by leveraging generative AI for personalized shopping, logistical automation, and shrinkage prevention. Supermicro highlights its broad portfolio of edge AI solutions and various server systems designed to deliver high-end performance at retail locations, demonstrating use cases like digital human customer service, AI shopping assistants, and video search for loss prevention."
2025-01-13 06:15:49,Markets Brief: Why Good News Can Be Bad News for Stock Investors,Morningstar,0.974438,-0.030556,https://www.morningstar.com/markets/markets-brief-why-good-news-can-be-bad-news-stock-investors,"US stock prices fell following stronger-than-expected employment numbers, highlighting investor concerns that positive economic news could lead to stickier inflation and fewer interest rate cuts in 2025. This downturn, particularly affecting high-growth technology companies whose valuations are sensitive to discount rates, suggests that value stocks may be better positioned. Upcoming inflation data and Taiwan Semiconductor earnings are expected to influence market volatility."
2025-01-13 00:00:00,NVIDIA Statement on the Biden Administration’s Misguided ‘AI Diffusion’ Rule,NVIDIA Blog,1.0,-0.430773,https://blogs.nvidia.com/blog/ai-policy/,"NVIDIA expresses strong disapproval of the Biden Administration's new ""AI Diffusion"" rule, arguing it will stifle innovation and economic growth by restricting mainstream computing applications. The company contends that this overreach undermines America's technological leadership and global competitiveness, advocating for policies that promote innovation and open competition instead."
2025-01-13 00:00:00,IQVIA and NVIDIA Collaborate to Transform Healthcare and Life Sciences Through Advanced Agentic AI Solutions,Business Wire,0.81051,0.460162,https://www.businesswire.com/news/home/20250113713508/en/IQVIA-and-NVIDIA-Collaborate-to-Transform-Healthcare-and-Life-Sciences-Through-Advanced-Agentic-AI-Solutions,"IQVIA and NVIDIA have announced a strategic collaboration to advance AI solutions in healthcare and life sciences, leveraging IQVIA’s data and expertise with NVIDIA’s AI Foundry service. This partnership aims to accelerate IQVIA Healthcare-grade AI™ by developing agentic AI solutions to automate complex workflows and improve patient outcomes. Initial solutions are expected to reach the market within the calendar year, utilizing NVIDIA's advanced AI technologies and platforms."
2025-01-10 06:19:10,NVIDIA Announces Blueprint for AI Retail Shopping Assistants,NVIDIA Newsroom,1.0,0.354291,https://nvidianews.nvidia.com/news/nvidia-announces-blueprint-for-ai-retail-shopping-assistants,"NVIDIA has introduced the NVIDIA AI Blueprint for retail shopping assistants, a generative AI workflow aimed at enhancing online and in-store shopping experiences. This blueprint, built on NVIDIA AI Enterprise and Omniverse platforms, empowers developers to create AI-powered digital assistants capable of tasks like understanding text/image prompts, searching multiple items, and presenting products in virtual environments. The initiative seeks to improve customer satisfaction, boost conversion rates, and reduce returns by providing personalized and intelligent shopping assistance."
2025-01-08 05:20:15,AMD invests $20M in AI-powered drug discovery company Absci,SiliconANGLE,0.646299,0.313516,https://siliconangle.com/2025/01/08/amd-invests-20m-ai-powered-drug-discovery-company-absci/,"AMD has invested $20 million in Absci Corp., an AI-powered company focused on drug discovery, and will also partner with them on research. Absci, which uses artificial intelligence to identify therapeutic proteins and epitopes, will shift some of its workloads to AMD's Instinct AI processors and utilize AMD's ROCm software. This collaboration aims to enhance Absci's AI models and develop new hardware and software optimized for the healthcare sector, particularly in drug discovery."
2025-01-07 07:30:00,Astera Labs to triple the size of its Silicon Valley headquarters,The Real Deal,0.616644,0.282622,https://therealdeal.com/san-francisco/2025/01/07/astera-labs-to-triple-size-of-silicon-valley-headquarters/,"Astera Labs, an AI firm, is set to triple the size of its Silicon Valley headquarters by leasing a 154,200 square-foot office complex in north San Jose. The move, expected in spring, allows the company to relocate from its current 51,300 square-foot Santa Clara office and accommodate its rapid growth following a significant IPO in March 2024. This expansion highlights the continued strength of the technology sector in driving large office leases in Silicon Valley."
2025-01-07 05:36:39,Ceva Expands Embedded AI NPU Ecosystem with New Partnerships That Accelerate Time-to-Market for Smart Edge Devices,PR Newswire,0.709295,0.302588,https://www.prnewswire.com/news-releases/ceva-expands-embedded-ai-npu-ecosystem-with-new-partnerships-that-accelerate-time-to-market-for-smart-edge-devices-302343917.html,"Ceva, Inc. announced new partnerships with Cyberon Corporation and AIZIP, expanding its embedded AI ecosystem for the Ceva-NeuPro-Nano NPU. These collaborations aim to accelerate time-to-market for smart edge devices by offering pre-optimized AI models for tasks like keyword spotting and face recognition. Additionally, Ceva's partnership with Edge Impulse now includes full integration of Edge Impulse Studio and support for NVIDIA's TAO Toolkit, further simplifying and speeding up AI application development and deployment."
2025-01-07 05:32:33,This Chinese AI Stock Is Preparing for ‘Explosive Growth’ in 2025. Is It Too Late to Buy?,The Globe and Mail,0.688286,0.344058,https://www.theglobeandmail.com/investing/markets/stocks/MSFT/pressreleases/30335569/this-chinese-ai-stock-is-preparing-for-explosive-growth-in-2025-is-it-too-late-to-buy/,"Baidu, often referred to as the ""Google of China,"" is rapidly transforming into an AI powerhouse, with its ERNIE Bot and Apollo autonomous driving platform gaining significant traction. Despite a challenging macroeconomic environment impacting its online marketing revenue, Baidu is heavily investing in AI, reporting strong growth in AI Cloud revenue and high user engagement with its generative AI content. Analysts project substantial sales and earnings growth, with the stock currently valued at an attractive multiple, suggesting significant upside potential."
2025-01-07 00:00:00,Best and worst performing ETFs of 2024,ETF Stream,0.893366,0.290275,https://www.etfstream.com/articles/best-and-worst-performing-etfs-of-2024,"The article reviews the best and worst-performing ETFs of 2024, highlighting that trends from the previous year, particularly the strong performance of tech and blockchain ETFs, largely continued. Tech ETFs benefited from outperforming earnings and the rise of AI, while blockchain ETFs were boosted by interest rate cuts, spot bitcoin ETF approvals, and crypto advocacy. Conversely, clean energy and Brazil ETFs were among the worst performers, with the former continuing a slump and the latter impacted by fiscal concerns and currency depreciation."
2025-01-06 17:54:00,Arbe Robotics jumps on Nvidia collaboration,גלובס,0.868321,0.494848,https://www.globes.co.il/news/article.aspx?did=1001498727,"Arbe Robotics (Nasdaq: ARBE; TASE: ARBE) saw its stock jump 64% after announcing a collaboration with Nvidia. The Israeli auto-tech chip company will integrate its high-resolution radar with Nvidia DRIVE AGX to enhance free space mapping and AI-driven capabilities for advanced automotive safety and autonomous driving. This partnership will be showcased at CES 2025, and the stock surge has pushed Arbe's share price above a critical $3.1 threshold required for a convertible bond transfer."
2025-01-06 09:00:00,Intel Extends Leadership in AI PCs and Edge Computing at CES 2025,Investor Relations :: Intel Corporation (INTC),0.583873,0.446009,https://www.intc.com/news-events/press-releases/detail/1722/intel-extends-leadership-in-ai-pcs-and-edge-computing-at?utm_source=chatgpt.com,"At CES 2025, Intel unveiled new Intel Core Ultra (Series 2) processors, including the 200V series with Intel vPro for businesses, and 200HX and H series for creators and gamers, all featuring cutting-edge AI enhancements and performance improvements. Intel also introduced a new suite of processors for edge computing, showcasing significant performance gains in AI workloads compared to previous generations and competitors. The availability of these new systems is set to begin in January and February 2025, with further releases planned for the first half of the year."
2025-01-06 06:30:16,Soluna Signs Deal with Atlas Cloud to Deliver Sustainable AI Video Processing,Business Wire,0.621319,0.335769,https://www.businesswire.com/news/home/20250106137397/en/Soluna-Signs-Deal-with-Atlas-Cloud-to-Deliver-Sustainable-AI-Video-Processing,"Soluna Holdings, Inc. announced a deal with Atlas Cloud to provide sustainable AI video processing services, utilizing 64 Nvidia H100 GPUs with potential for expansion. This partnership, secured through Soluna's collaboration with HPE GreenLake, marks Soluna's second AI customer and highlights its commitment to delivering renewable-powered cloud services for intensive computing applications. The agreement reinforces Atlas Cloud's mission to offer a sustainable, one-stop AI cloud platform for various industry verticals."
2025-01-06 06:19:10,NVIDIA Launches AI Foundation Models for RTX AI PCs,NVIDIA Investor Relations,1.0,0.297163,https://investor.nvidia.com/news/press-release-details/2025/NVIDIA-Launches-AI-Foundation-Models-for-RTX-AI-PCs/default.aspx,"NVIDIA announced the launch of foundation models for RTX AI PCs, designed to power digital humans, content creation, productivity, and development. These models, offered as NVIDIA NIM microservices, are accelerated by new GeForce RTX 50 Series GPUs, featuring significant AI performance and supporting FP4 compute for enhanced inference. NVIDIA is collaborating with top PC manufacturers to integrate these NIM-ready RTX AI PCs, emphasizing the company's commitment to advancing AI accessibility for developers and enthusiasts."
2025-01-06 06:19:10,NVIDIA DRIVE Hyperion Platform Achieves Critical Automotive Safety and Cybersecurity Milestones for AV Development,NVIDIA Newsroom,1.0,0.717542,https://nvidianews.nvidia.com/news/nvidia-drive-hyperion-platform-achieves-critical-automotive-safety-and-cybersecurity-milestones-for-av-development,"The NVIDIA DRIVE Hyperion autonomous vehicle platform has achieved critical automotive safety and cybersecurity milestones, receiving certifications from TÜV SÜD and TÜV Rheinland. This platform, adopted by automotive manufacturers like Mercedes-Benz and JLR, will feature the high-performance DRIVE AGX Thor SoC built on the NVIDIA Blackwell architecture. NVIDIA has also established an AI Systems Inspection Lab to help partners meet evolving safety and AI standards for autonomous driving software."
2025-01-06 06:19:10,NVIDIA Puts Grace Blackwell on Every Desk and at Every AI Developer’s Fingertips,NVIDIA Newsroom,1.0,0.705481,https://nvidianews.nvidia.com/news/nvidia-puts-grace-blackwell-on-every-desk-and-at-every-ai-developers-fingertips,"NVIDIA has introduced Project DIGITS, a personal AI supercomputer powered by the new GB10 Grace Blackwell Superchip, designed to bring powerful AI computing capabilities to researchers, data scientists, and students. This desktop system offers a petaflop of AI performance for developing and running large AI models, which can then be seamlessly deployed to cloud or data center infrastructures. With a starting price of $3,000, Project DIGITS aims to democratize access to advanced AI development tools, fostering innovation in the field."
2025-01-06 06:19:10,"CES 2025: AI Advancing at ‘Incredible Pace,’ NVIDIA CEO Says",NVIDIA Blog,1.0,0.558474,https://blogs.nvidia.com/blog/ces-2025-jensen-huang/,"At CES 2025, NVIDIA CEO Jensen Huang announced several innovations, emphasizing the shift towards ""physical AI"" that can perceive, reason, plan, and act. Key reveals included the NVIDIA Cosmos platform for physical AI, new Blackwell-based GeForce RTX 50 Series GPUs, and AI tools for RTX PCs. Huang highlighted partnerships with companies like Toyota and Uber, and introduced Project DIGITS, NVIDIA's smallest yet most powerful AI supercomputer, underscoring AI's rapid advancement across gaming, robotics, and autonomous vehicles."
2025-01-06 06:19:10,NVIDIA Blackwell GeForce RTX 50 Series Opens New World of AI Computer Graphics,NVIDIA Newsroom,1.0,0.730628,https://nvidianews.nvidia.com/news/nvidia-blackwell-geforce-rtx-50-series-opens-new-world-of-ai-computer-graphics,"NVIDIA has announced its new GeForce RTX 50 Series Desktop and Laptop GPUs, powered by the Blackwell architecture, which aim to revolutionize AI computer graphics. These GPUs offer significant performance increases, up to 2x over the previous generation, through advancements in neural shaders, DLSS 4 with Multi Frame Generation, and AI-driven rendering. The new series also introduces AI-powered tools for creators, autonomous game characters, and strengthens AI capabilities for PCs."
2025-01-06 05:57:29,"HP Inc. Unleashes New AI PCs At CES 2025, Wins Three Innovation Awards",CRN,0.64022,0.332381,https://www.crn.com/news/computing/2025/hp-incs-best-pcs-at-ces-2025,"HP Inc. unveiled a new lineup of AI-powered PCs at CES 2025, winning three innovation awards for devices like the Omnibook Ultra Flip and its embedded AI Companion. The company is targeting various user types, from entry-level workers to on-the-go executives, with new models such as the OmniStudio X Series, EliteBook Ultra, and EliteBook X, all featuring enhanced NPUs and AI capabilities. HP emphasizes its commitment to providing tools that boost productivity, creativity, and connectivity for every user."
2025-01-06 00:00:00,Schwab Trading Activity Index™: December Score Edges Higher for Third Consecutive Month,Charles Schwab Press Releases,0.646424,0.095764,https://pressroom.aboutschwab.com/press-releases/press-release/2025/Schwab-Trading-Activity-Index-December-Score-Edges-Higher-for-Third-Consecutive-Month/default.aspx,"The Schwab Trading Activity Index™ (STAX) increased to 51.16 in December, marking its third consecutive monthly rise. Schwab clients net bought equities, adding exposure in Health Care and Energy sectors, while selling Information Technology and Communication Services. The report highlights market volatility, key economic data releases, and popular stocks bought and sold by Schwab clients throughout December and the entirety of 2024."
2024-12-31 23:59:59,Cisco To Invest In Hot AI Startup CoreWeave: Report,CRN,0.87651,0.38279,https://www.crn.com/news/networking/2024/cisco-to-invest-in-hot-ai-startup-coreweave-report,"Cisco Systems is reportedly investing in CoreWeave, an AI cloud computing provider valued at $23 billion and backed by Nvidia. CoreWeave, founded in 2017, recently raised $1.1 billion and is reportedly planning an IPO by mid-2025. This investment aligns with Cisco's recent strategic focus on AI, evidenced by its acquisitions of Splunk, Robust Intelligence, and its intent to acquire Deeper Insights AI Ltd."
2024-12-31 23:59:59,Nvidia dethroned as world's most valuable company after just a few days on top,Fortune,1.0,-0.15925,https://fortune.com/2024/06/21/nvidia-market-cap-world-most-valuable-company-nvda-stock-selloff/,"Nvidia's reign as the world's most valuable company was short-lived, with a two-day selloff erasing over $220 billion from its market capitalization and pushing it to third place behind Apple and Microsoft. Despite a 6.7% drop, analysts see no fundamental issues and expect any volatility to be temporary, reiterating ""buy"" ratings and raising price targets due to confidence in its AI leadership. The decline also coincided with broader market turbulence from a ""triple-witching"" options expiration."
2024-12-31 23:59:59,"CytoReason Secures $80M from OurCrowd, NVIDIA, Pfizer, and Thermo Fisher Scientific to Scale Its AI Disease Models and Establish US Hub in Cambridge, Massachusetts",Business Wire,0.910968,0.443262,https://www.businesswire.com/news/home/20240717912688/en/CytoReason-Secures-%2480M-from-OurCrowd-NVIDIA-Pfizer-and-Thermo-Fisher-Scientific-to-Scale-Its-AI-Disease-Models-and-Establish-US-Hub-in-Cambridge-Massachusetts,"CytoReason has secured $80 million in funding from OurCrowd, NVIDIA, Pfizer, and Thermo Fisher Scientific to expand its AI-driven disease models and establish a US hub in Cambridge, Massachusetts. This investment will enable CytoReason to broaden its therapeutic indications, grow its proprietary data, and further enhance its computational disease models for predictive insights in pharmaceutical R&D. The company's technology is used by six of the top ten pharma companies to make data-driven decisions and reduce R&D timelines."
2024-12-31 23:59:59,Micron Technology sees largest gain in nearly 13 years,Fortune,0.615708,0.472795,https://fortune.com/2024/09/26/micron-technology-shares-stock-surge/,"Micron Technology experienced its largest single-day gain in nearly 13 years, with shares rising 15% to $109.88, driven by surprisingly strong sales and profit forecasts. The rosy outlook is attributed to a boom in AI spending, with high-bandwidth memory products—crucial for AI systems—already sold out for 2024 and 2025. The company's recent fiscal fourth-quarter results also beat estimates, further cementing its strong position in the chip market."
2024-12-31 23:59:59,The 10 Biggest Nvidia News Stories Of 2024 (So Far),CRN Magazine,1.0,0.323738,https://www.crn.com/news/components-peripherals/2024/the-10-biggest-nvidia-news-stories-of-2024-so-far,"This article covers the 10 biggest Nvidia news stories of 2024 to date, highlighting the company's rapid expansion and continued dominance in AI computing. Key developments include strategic software startup acquisitions, plans for new GPU and CPU architectures, and significant financial achievements like surpassing Intel in annual revenue and briefly becoming the world's most valuable company. Nvidia's focus on a ""full-stack"" computing approach, encompassing hardware, software, and services, underpins its success amidst growing competition."
2024-12-31 23:59:59,Camtek stock hits new heights as Israeli tech firm breaks $100 milestone,Ynetnews,0.58845,0.342735,https://www.ynetnews.com/business/article/bjhj3ddmr,"Camtek, an Israeli manufacturer of inspection systems for the semiconductor industry, has seen its stock price break the $100 milestone, achieving a market value exceeding $4 billion. This significant growth, including a 265% increase over the last year, is attributed to high demand from the semiconductor and AI markets, particularly in areas like High Bandwidth Memory (HBM) and Advanced Packaging. The company's strong performance and profitability highlight its crucial role in ensuring chip quality for leading manufacturers amidst a rapidly evolving tech landscape."
2024-12-31 23:59:59,COMPUTEX 2024 News,NVIDIA Newsroom,1.0,0.458277,https://nvidianews.nvidia.com/online-press-kit/computex-2024-news,"NVIDIA's COMPUTEX 2024 news features CEO Jensen Huang's ""Accelerate Everything"" message and a series of announcements focusing on AI, including digital human microservices, NIM for model deployment, and supercharged Ethernet networking. The company is collaborating with the computer industry to build AI factories and data centers, and bringing AI assistants to GeForce RTX AI PCs, highlighting its pervasive role in advancing AI across various industries like robotics, healthcare, and industrial digitalization."
2024-12-31 23:59:59,Soluna Cloud Secures Deal with San Francisco Compute Company to Deliver Custom AI Cloud Solutions,Business Wire,0.643707,0.315238,https://www.businesswire.com/news/home/20241203712823/en/Soluna-Cloud-Secures-Deal-with-San-Francisco-Compute-Company-to-Deliver-Custom-AI-Cloud-Solutions,"Soluna Cloud has secured a Master Services Agreement with San Francisco Compute Company (SF Compute) to provide custom AI cloud solutions. Soluna will supply 80 to 120 Nvidia H100 GPUs for SF Compute's real-time compute trading platform, potentially generating $2.466 million in revenue over one year. This collaboration marks SF Compute as the first customer from Soluna's strategic partnership with Hewlett Packard Enterprise (HPE) GreenLake."
2024-12-31 23:59:59,MicroStrategy’s $2 billion Bitcoin buy is largest since 2020,Fortune,0.640821,0.329292,https://fortune.com/crypto/2024/11/11/bitcoin-rally-microstrategy-2-billion-btc-michael-saylor-trump-election-crypto/,"MicroStrategy Inc. has made its largest Bitcoin purchase since 2020, acquiring approximately 27,200 BTC for around $2.03 billion between October 31 and November 10. This brings the company's total Bitcoin holdings to about 279,420 BTC, valued at approximately $24 billion based on recent record prices. The aggressive Bitcoin strategy, which involves using proceeds from stock and debt sales, has significantly boosted MicroStrategy's stock performance, outperforming major U.S. stocks including Nvidia."
2024-12-31 23:59:59,Pure Storage CEO Giancarlo: Pure Storage Platform Is Built For AI,CRN Magazine,0.576236,0.243832,https://www.crn.com/news/storage/2024/pure-storage-ceo-charles-giancarlo-pure-storage-platform-built-for-ai,"Pure Storage CEO Charles Giancarlo discusses how the Pure platform is designed to integrate AI and security, allowing enterprises to use existing data for analytics and AI without specialized environments. He emphasizes the company's significant R&D investment (20% of revenue) to modernize storage into a cloud-like system, positioning flash storage to fully replace traditional disks within the decade. Giancarlo also highlights the competitive landscape and the strategic shift to position Pure Storage as a platform rather than just individual storage arrays, requiring a new approach to sales and channel engagement."
2024-12-31 23:59:59,Jabil Acquires Mikros Technologies to Support Demand for Liquid Cooling in AI Data Centers,Business Wire,0.644892,0.371692,https://www.businesswire.com/news/home/20241003396998/en/Jabil-Acquires-Mikros-Technologies-to-Support-Demand-for-Liquid-Cooling-in-AI-Data-Centers,"Jabil Inc. has acquired Mikros Technologies LLC, a leader in liquid cooling solutions, to enhance its thermal management capabilities for AI data centers and other high-power density systems. The acquisition, completed on October 1st, will allow Jabil to address the growing demand for efficient cooling in industries such as artificial intelligence, energy storage, and electric vehicles. Mikros Technologies' proprietary microchannel liquid cooling designs will complement Jabil's existing data center solutions."
2024-12-31 23:59:59,"Soluna Unleashes First Batch of NVIDIA GPUs, Targeting $80 Million Revenue Over Three Years",Business Wire,0.838492,0.354303,https://www.businesswire.com/news/home/20240624064211/en/Soluna-Unleashes-First-Batch-of-NVIDIA-GPUs-Targeting-%2480-Million-Revenue-Over-Three-Years,"Soluna Holdings, Inc. has secured a $12.5 million credit facility for its new subsidiary, Soluna Cloud, Inc., to launch NVIDIA H100 GPU-based services. This initiative, focused on sustainable AI infrastructure powered by renewable energy, targets $38 million to $80 million in revenue over a three-year contract. Soluna Cloud aims to provide enterprise-grade Generative AI solutions starting as early as July 2024."
2024-12-31 23:59:59,"ServiceNow CEO McDermott: 'Taking On The World's Biggest Challenges’ With AI, New Nvidia Pact, More",CRN Magazine,0.859966,0.301583,https://www.crn.com/news/channel-news/2024/servicenow-ceo-mcdermott-taking-on-the-world-s-biggest-challenges-with-ai-new-nvidia-pact-more,"ServiceNow CEO Bill McDermott announced new AI technologies and expanded partnerships with Nvidia and Cognizant, leveraging their Q3 earnings to position themselves as a leading AI company. He emphasized that AI, particularly their Now Assist generative AI platform, is driving significant productivity gains and economic growth. The company also introduced Workflow Data Fabric to unify enterprise data and enhance workflow automation, aligning with their financial success which saw beats on revenue and earnings projections for Q3 2024."
2024-12-31 23:59:59,"Nvidia, AMD Lead The Pack, Broadcom Stable, Intel Falters: Analyst's Latest Take",TradingView,0.937968,0.031411,https://www.tradingview.com/news/benzinga:a503d7ca0094b:0-nvidia-amd-lead-the-pack-broadcom-stable-intel-falters-analyst-s-latest-take/,"KeyBanc analyst John Vinh provided a mixed outlook for the semiconductor sector, with Nvidia and AMD showing strong performance and positive catalysts. Conversely, Qualcomm and Synaptics were downgraded due to increased competition and limited growth, while Intel, Micron, Marvell, and Monolithic Power Systems faced negative findings. Broadcom's stable outlook is tempered by potential future competition from Apple."
2024-12-31 23:59:59,"Cadence Unveils Palladium Z3 and Protium X3 Systems to Usher in a New Era of Accelerated Verification, Software Development and Digital Twins",Business Wire,0.639868,0.359932,https://www.businesswire.com/news/home/20240417697934/en/Cadence-Unveils-Palladium-Z3-and-Protium-X3-Systems-to-Usher-in-a-New-Era-of-Accelerated-Verification-Software-Development-and-Digital-Twins,"Cadence Design Systems, Inc. announced its new Palladium Z3 Emulation and Protium X3 FPGA Prototyping systems, designed to accelerate verification and software development for complex SoCs. These systems offer over twice the capacity and are 1.5 times faster than previous generations, supporting advanced applications like generative AI, mobile, and automotive. The Palladium Z3 features a custom emulation processor and domain-specific apps, while the Protium X3 provides faster bring-up times for software validation, with both systems supporting massive gate designs up to 48 billion."
2024-12-31 23:59:59,"SoundHound AI Reports Record Third Quarter Revenue, Up 89%, Exceeding $25 Million; Raises Outlook",Business Wire,0.643853,0.353564,https://www.businesswire.com/news/home/20241112739401/en/SoundHound-AI-Reports-Record-Third-Quarter-Revenue-Up-89-Exceeding-%2425-Million-Raises-Outlook,"SoundHound AI reported record third-quarter revenue of $25.1 million, an 89% increase year-over-year, and exceeded expectations. The company also announced an increased revenue outlook for both 2024 and 2025, driven by significant diversification in customer base and expansion into new verticals like financial services, healthcare, and insurance. Keyvan Mohajer, CEO of SoundHound AI, highlighted the company's strong position in conversational AI, attributing success to strong technology, vertical integrations, and proprietary software."
2025-03-01 02:32:25,Astera Labs CFO Michael Truett sells $10.38m in common stock,Investing.com South Africa,0.644716,-0.262634,https://za.investing.com/news/insider-trading-news/astera-labs-cfo-michael-truett-sells-1038m-in-common-stock-93CH-3583114,"Astera Labs (NASDAQ: ALAB) CFO Michael Truett sold 125,800 shares of common stock for approximately $10.38 million on February 26, 2025, through a charitable remainder unitrust. This transaction follows a 13% stock decline in the past week, though the company still boasts a 73% gain over six months. Despite strong Q4 2024 revenue growth and optimistic Q1 2025 guidance, investor concerns about future growth have caused recent stock dips, though analysts maintain ""Buy"" ratings with high price targets."
2025-02-28 00:00:00,What’s Happening With Palantir Stock?,Morningstar Canada,0.634592,0.243854,https://global.morningstar.com/en-gb/stocks/whats-happening-with-palantir-stock,"Palantir Technologies (PLTR) experienced a significant rally followed by a sharp decline, raising questions about its current valuation. Morningstar equity analyst Mark Giarelli views Palantir as having strong growth potential, especially given its leadership in AI technologies, and currently sees the stock as fairly valued despite its high volatility. Investors are cautioned to consider the stock's wide swings, the impact of potential government spending cutbacks, and the large but uncertain total addressable market for its analytical software."
2025-02-27 10:56:00,Tencent fires up AI race with model it says outdoes DeepSeek,Fortune,0.811276,-0.247544,https://fortune.com/asia/2025/02/27/tencent-new-ai-model-claims-outdoes-deepseek/,"Tencent Holdings Ltd. has launched its new AI model, Hunyuan Turbo S, which it claims outperforms DeepSeek, intensifying the AI race particularly in convergence economies. The model is designed for instant responses and will be integrated into Tencent's consumer chatbot, Yuanbao, and made available to developers. This move follows a series of AI model rollouts from tech giants like Alibaba and Baidu, all aiming to compete with the influential DeepSeek."
2025-02-27 04:44:00,F5 AppWorld: Redefining the Application Delivery Controller to 3.0,Techzine Global,0.643394,0.386866,https://www.techzine.eu/blogs/security/128946/f5-appworld-redefining-the-application-delivery-controller-to-3-0/,"F5 AppWorld 2025 showcased the company's redefinition of the Application Delivery Controller (ADC) to version 3.0, aligning it with the AI-empowered era. The new F5 Application Delivery and Security Platform converges high-performance load balancing and security, specifically designed for modern and AI-driven applications across hybrid multi-cloud environments. This evolution addresses increased complexity, data traffic, and new attack vectors associated with AI, with F5 partnering with companies like Nvidia and Intel to support AI initiatives."
2025-02-27 04:27:37,FDVV vs. SCHD: Which Dividend ETF is the Smartest Buy in 2025?,TradingNEWS,0.629536,0.21225,https://www.tradingnews.com/news/fdvv-schd-which-dividend-etf-wins-on-growth-yield-and-value-in-2025,"This article compares two dividend ETFs, FDVV and SCHD, to determine which is a smarter buy in 2025 based on growth, yield, and value. SCHD offers a higher dividend yield and stronger historical dividend growth, with a defensive sector allocation, making it suitable for income stability. FDVV, while having a lower yield and slower dividend growth, benefits from significant exposure to high-growth technology stocks, appealing to investors seeking dividend exposure with tech upside and willing to accept higher volatility."
2025-02-27 00:00:00,AI Hinges on Rapid Electrification,Global X ETFs,0.665443,0.339863,https://www.globalxetfs.com/articles/ai-hinges-on-rapid-electrification/,"The article discusses how the rapid growth of AI is leading to unprecedented demand for electricity and infrastructure, similar to how energy-efficient lightbulbs ultimately increased overall energy consumption. It highlights the significant power costs associated with training AI models, using AI applications, and manufacturing AI chips, putting immense pressure on the U.S. power grid. The author suggests that investments in grid modernization, power generation, and innovative energy solutions like small modular nuclear reactors (SMRs) are crucial to meet this surging demand."
2025-02-26 11:12:00,"Earnings call transcript: EXLS Q4 2024 beats estimates, stock rises 4.6%",Investing.com,0.62837,0.638292,https://www.investing.com/news/transcripts/earnings-call-transcript-exls-q4-2024-beats-estimates-stock-rises-46-93CH-3893481,"ExlService Holdings Inc. (EXLS) exceeded Q4 2024 earnings and revenue estimates, leading to a 4.6% stock increase post-announcement. The company reported adjusted EPS of $0.44 and revenue of $481.4 million, driven by strong growth in AI and data modernization services. EXLS projects continued revenue growth and increased adjusted EPS for 2025, emphasizing its strategic focus on data and AI and a new operating model for enhanced client engagement and accelerated innovation."
2025-02-26 11:03:00,싹 다 팔고 3배 인버스…美 기술주 매도하는 고수들,한국경제,0.744073,-0.237896,https://www.hankyung.com/article/202502260058i,"국내 투자수익률 상위 1%의 초고수들이 엔비디아, 테슬라 등 미국 기술주를 대거 매도하고 나스닥100지수 3배 인버스 ETF를 주요 매수 대상으로 삼고 있습니다. 이는 미국 증시 하락세에 대한 추가 하락 베팅으로 해석됩니다. 특히 '매그니피센트7' 주식들이 큰 폭으로 하락했으며, 테슬라는 시가총액 1조 달러 선이 무너지고 유럽 시장 판매 급감 소식이 겹쳐 주가 하락을 주도했습니다."
2025-02-26 09:17:00,Super Micro Computer shares surge 12% after company files delayed financials by deadline,CNBC,0.610502,0.396444,https://www.cnbc.com/2025/02/26/super-micro-computer-surges-20percent-after-filing-delayed-financials.html,"Super Micro Computer shares surged 12.2% after the AI server company filed its delayed financial results by the Nasdaq's deadline, regaining compliance with filing requirements. The company reported more than doubled sales to $14.99 billion and a net income of $1.15 billion for the fiscal year, despite identifying material weaknesses in internal controls. Super Micro plans to hire more accounting and audit employees and upgrade IT systems to address these issues."
2025-02-26 04:50:03,"Nvidia sales grow 78% on AI demand, company gives strong guidance",CNBC,1.0,0.811693,https://www.cnbc.com/2025/02/26/nvidia-nvda-earnings-report-q4-2025.html,"Nvidia reported strong fiscal fourth-quarter earnings, beating Wall Street expectations, with revenue up 78% year-over-year due to high demand for its AI-accelerating GPUs. The company also issued robust guidance for the first quarter, projecting $43 billion in revenue, driven by the anticipated ""significant ramp"" of its next-generation Blackwell AI chips. While growth rates are moderating as Nvidia scales, its data center business, now 91% of total sales, continues to surge, with CEO Jensen Huang noting ""amazing"" demand for Blackwell."
2025-02-26 04:33:00,ZoomInfo CEO says he is buying more stock as shares explode more than 20% higher,Yahoo Finance,0.63045,0.063022,https://finance.yahoo.com/news/zoominfo-ceo-says-he-is-buying-more-stock-as-shares-explode-more-than-20-higher-170158722.html,"ZoomInfo's CEO, Henry Schuck, is buying more company stock after an earnings report caused shares to surge over 20%. Schuck believes the stock is undervalued and plans to continue aggressive share repurchases, with ZoomInfo having already repurchased 12% of outstanding shares last year. The company is investing in AI, notably with its new CoPilot tool, and sees positive traction in customer spending despite cautious 2025 guidance."
2025-02-26 00:00:00,NVIDIA Announces Financial Results for Fourth Quarter and Fiscal 2025,NVIDIA Newsroom,1.0,0.635311,http://nvidianews.nvidia.com/news/nvidia-announces-financial-results-for-fourth-quarter-and-fiscal-2025,"NVIDIA reported record financial results for the fourth quarter and fiscal year 2025, driven by strong demand for its Data Center products, particularly for Blackwell AI supercomputers. The company announced record quarterly revenue of $39.3 billion and full-year revenue of $130.5 billion, with significant growth in Data Center revenue. NVIDIA also provided an optimistic outlook for the first quarter of fiscal 2026, highlighting continued advancements and partnerships across various sectors including AI, Gaming, Professional Visualization, Automotive, and Robotics."
2025-02-25 05:08:23,"Super Micro files financials just ahead of Nasdaq deadline and says it's 'regained compliance,' stock pops 22%",CNBC,0.638046,0.401324,https://www.cnbc.com/2025/02/25/super-micro-files-financials-ahead-of-nasdaq-deadline-stock-pops-.html,"Super Micro Computer successfully filed its delayed financial results just before the Nasdaq deadline, leading to a 22% surge in its stock during extended trading. The company announced it has regained compliance with Nasdaq's filing requirements after resolving issues stemming from its previous auditor's resignation and internal control weaknesses. Super Micro addressed these internal control issues and confirmed its fiscal 2024 sales more than doubled to $14.99 billion, primarily due to high demand for AI-related components."
2025-02-25 05:03:26,Exploring AI's impact beyond the tech giants,Invesco,0.702992,0.413959,https://www.invesco.com/qqq-etf/en/etf-insights/how-artificial-intelligence-is-transforming-big-tech-within-the-nasdaq-100.html,"This article highlights how Artificial Intelligence is influencing companies beyond major tech firms, focusing on diverse applications within the Nasdaq-100 Index. It showcases how companies like Fortinet, Intuitive Surgical, Palantir Technologies, AppLovin Corporation, and Broadcom are using AI to innovate in cybersecurity, healthcare, data analytics, mobile advertising, and hardware infrastructure. The Invesco QQQ ETF is presented as a way for investors to gain exposure to these forward-thinking companies."
2025-02-25 04:26:55,EXL Reports 2024 Fourth Quarter and Year-End Results; Issues 2025 Guidance,TradingView,0.604226,0.57347,https://www.tradingview.com/news/tradingview:3852bfd33b419:0-exl-reports-2024-fourth-quarter-and-year-end-results-issues-2025-guidance/,"EXL (EXLS) announced its financial results for the fourth quarter and full year 2024, reporting significant revenue and earnings growth. The company revealed a Q4 2024 revenue of $481.4 million, up 16.3% year-over-year, and full-year revenue of $1.84 billion, a 12.7% increase from 2023. EXL also provided positive guidance for 2025, projecting revenue between $2.025 billion and $2.060 billion and adjusted diluted EPS in the range of $1.83 to $1.89, driven by strategic AI initiatives and operational enhancements."
2025-02-25 04:21:07,Cisco Expands Partnership with NVIDIA to Accelerate AI Adoption in the Enterprise,Cisco Newsroom,0.995432,0.378526,https://newsroom.cisco.com/c/r/newsroom/en/us/a/y2025/m02/cisco-expands-partnership-with-nvidia-to-accelerate-ai-adoption-in-the-enterprise.html,"Cisco and NVIDIA announced an expanded partnership to accelerate AI adoption in enterprises by creating a cross-portfolio unified architecture for AI-ready data center networks. This collaboration will integrate Cisco Silicon One with NVIDIA Spectrum-X, making Cisco the only partner silicon included in NVIDIA Spectrum-X. The aim is to provide enterprises with flexibility and choice in AI infrastructure, simplifying deployment and optimizing performance for AI workloads."
2025-02-25 00:00:00,Foresight integrates NVIDIA Jetson Orin into its perception technologies,The Robot Report,0.870789,0.253402,https://www.therobotreport.com/foresight-integrates-nvidia-jetson-orin-perception-technologies/,"Foresight Autonomous Holdings Ltd. has integrated NVIDIA Jetson Orin computing platforms into its 3D perception technologies, expanding its focus from autonomous vehicles to uncrewed aerial vehicles (UAVs). This collaboration utilizes both Jetson Orin Nano and Jetson AGX Orin to enhance performance, energy efficiency, and real-time data processing for diverse applications. The integration allows Foresight's systems to deliver advanced AI and GPU capabilities for improved environmental perception in challenging conditions."
2025-02-24 05:07:42,Sify opens AI-Hub data centre in Lucknow,Techcircle,0.72898,0.377156,https://www.techcircle.in/2025/02/24/sify-opens-ai-hub-data-centre-in-lucknow/,"Sify Infinit Space launched its AI-Hub Data Centre in Lucknow to bolster northern India's data infrastructure. Located within HCL IT City, the facility will be developed in four phases, with the first phase operational by June 2025. This initiative supports Uttar Pradesh's goal of becoming a data center hub and aligns with Sify's investment strategy and their recent certification as Nvidia's co-location partner."
2025-02-24 04:50:03,NVIDIA Earth-2 Features First Gen AI to Power Weather Super-Resolution for Continental US,NVIDIA Blog,1.0,0.413977,https://blogs.nvidia.com/blog/earth-2-ai-high-resolution-forecasts/,"NVIDIA's Earth-2 platform introduces CorrDiff, a generative AI weather model that significantly enhances forecast precision for the continental U.S., down to a kilometer scale. This model, optimized to be 10,000 times more energy-efficient than traditional methods, aims to improve disaster preparedness and save lives by providing high-resolution predictions of extreme weather events. It is already being adopted by various agencies and companies globally, demonstrating its potential for applications in regional forecasting, renewable energy, and disaster management."
2025-02-24 04:20:52,Salesforce Earnings Preview: Google Deal in Focus as Stock Slides,tastylive,0.59726,0.097618,https://www.tastylive.com/news-insights/salesforce-earnings-preview-google-deal-focus-stock-slides,"Salesforce (CRM) is set to report quarterly earnings, with analysts expecting an EPS of $2.61 on $10.04 billion in revenue. A recent expanded partnership with Google (GOOGL) will integrate Google's Gemini AI chatbot into Salesforce's Agentforce platform, aiming to enhance AI capabilities. Despite the strategic partnership, the stock has fallen from its all-time high, and high implied volatility in options suggests significant market anticipation for the earnings report."
2025-02-24 03:58:51,C3.ai Earnings Preview: Can the AI Stock Reverse its Pre-Report Slide?,tastylive,0.620486,-0.264144,https://www.tastylive.com/news-insights/c3-ai-earnings-preview-ai-stock-reverse-pre-report-slide,"C3.ai (AI) is scheduled to report its Q3 earnings, with analysts expecting an EPS loss of -$0.25 and revenue of $98.13 million. The stock has experienced a significant slide, shedding 20% of its value due to broader tech market downturns and analyst concerns regarding AI investment sustainability. Despite C3.ai's history of beating expectations, elevated volatility and technical support/resistance levels suggest a potentially volatile post-earnings price movement."
2025-02-21 05:13:40,Should You Pick Unity Stock At $28?,Trefis,0.636937,0.118941,https://www.trefis.com/stock/u/articles/562678/should-you-pick-unity-stock-at-28/2025-02-21,"Unity Software (NYSE: U) released Q4 results showing a loss of $0.30 per share on $457 million in sales, beating analyst estimates. Despite a 25% year-over-year revenue decline, driven by drops in its Create Solutions and Grow Solutions segments, Unity stock jumped 30% to $28 after the company announced its new AI-powered advertising network, Vector. The article suggests that while the stock appears fully priced at 6x price-to-sales and faces near-term headwinds, the new AI platform offers future growth potential."
2025-02-21 04:27:54,F5 unveils ADC 3.0 to enhance AI application security | SC Media,SC Media,0.703168,0.321984,https://www.scworld.com/brief/f5-unveils-adc-3-0-to-enhance-ai-application-security,"F5 has launched ADC 3.0, a new framework designed to improve application delivery and security for AI-powered, hybrid, and multicloud environments. This initiative addresses the security gaps in AI adoption among enterprises, with ADC 3.0 integrating high-performance load balancing and advanced security to tackle AI-related risks like model theft and data poisoning. F5 has also partnered with Nvidia, Intel, and NetApp to enhance AI application delivery."
2025-02-21 04:18:19,Chip design software maker Cadence revenue skyrockets with AI demand,Manufacturing Dive,0.873708,0.272729,https://www.manufacturingdive.com/news/cadence-q4-2024-earnings-grow-chipmakers-adopt-ai-software-intel-nvidia/740577/,"Cadence Design Systems reported strong Q4 2024 revenues, up 27% to $1.36 billion, driven by surging demand for AI-driven chip design software and expanded partnerships with major chipmakers like Nvidia and Intel. Despite robust growth and a 2024 fiscal year revenue of $4.6 billion, the company's 2025 financial outlook fell below Wall Street expectations due to uncertainties in its China business amid evolving trade restrictions. Cadence expects flat growth in China for 2025 and plans to be prudent with its guidance given the market's unpredictability."
2025-02-19 05:12:26,Roundhill Launches 5 Leveraged Weekly Income ETFs,ETF Database,0.645049,0.253327,https://etfdb.com/news/2025/02/19/5-leveraged-weekly-income-etfs-roundhill/,"Roundhill Investments has launched five new WeeklyPay ETFs (NVW, TSW, AAPW, COIW, PLTW) on the Cboe Exchange, offering weekly distributions and leveraged exposure to specific single stocks like Nvidia, Tesla, and Apple. These actively managed funds aim to generate 1.2 times the weekly returns of their underlying companies, providing income-focused investors with amplified returns and potential tax advantages through return of capital distributions. This innovation expands Roundhill's portfolio of weekly income strategies, with plans for additional leveraged WeeklyPay ETFs covering other major companies."
2025-02-19 05:08:31,Data Center Demand Is Exploding Thanks to AI: 1 Stock and 2 ETFs to Profit From It,The Globe and Mail,0.606824,0.309331,https://www.theglobeandmail.com/investing/markets/markets-news/Motley%20Fool/30998470/data-center-demand-is-exploding-thanks-to-ai-1-stock-and-2-etfs-to-profit-from-it/,"The rapid advancement of artificial intelligence (AI) is causing an explosive growth in data center demand due to the massive computing power required. Investors looking to capitalize on this trend can consider Vistra (NYSE: VST) for its role in providing power, especially nuclear energy, to hyperscalers. Additionally, two ETFs, the Global X Data Center & Digital Infrastructure ETF (NASDAQ: DTCR) and the Global X MLP & Energy Infrastructure ETF (NYSEMKT: MLPX), offer diversified exposure to data center operators, digital infrastructure, and the energy sources powering them."
2025-02-19 04:50:03,"Going Into Earnings, Is Nvidia Stock a Buy, a Sell, or Fairly Valued?",Morningstar,1.0,0.097045,https://www.morningstar.com/stocks/going-into-earnings-is-nvidia-stock-buy-sell-or-fairly-valued-5,"Morningstar assesses Nvidia (NVDA) stock ahead of its Q4 earnings report, maintaining a ""fairly valued"" rating with a long-term fair value estimate of $130 per share. The analysis highlights the critical role of Nvidia's data center business, its wide economic moat due to GPU technology and CUDA software, and the ""Very High"" uncertainty rating given competitive pressures and market dynamics. Despite potential slowdown concerns and competition, Morningstar projects robust growth for Nvidia's data center revenue in the near-to-medium term."
2025-02-18 21:57:00,"Chip design software maker Cadence forecasts annual profit below estimate, shares down",Reuters,0.643261,-0.203921,https://www.reuters.com/technology/chip-design-software-maker-cadence-forecasts-annual-profit-below-estimate-shares-2025-02-18/,"Cadence Design Systems forecast its annual profit and revenue below analysts' estimates for fiscal year 2025, leading to a 5% drop in shares during extended trading. The company cites soft demand for its chip design software due to clients tightening spending in a challenging economic environment, particularly in the automotive market, and potential U.S. government restrictions on sales to Chinese entities. Additionally, rival Synopsys' proposed acquisition of Ansys poses a threat to Cadence's market share in the concentrated industry."
2025-02-18 04:01:32,"Taiwan's ASE opens fifth plant in Penang, will hire additional 1,500 staff",The Edge Malaysia,0.582446,0.277681,https://theedgemalaysia.com/node/744814,"Taiwanese semiconductor firm ASE Technology Holding Co Ltd has opened its fifth plant in Penang, significantly expanding its operations in Malaysia. The new facility, focusing on chip packaging and testing, will triple its floor space to 3.4 million square feet and create 1,500 new jobs. This expansion strengthens Penang's role in the global semiconductor industry, dubbed the ""Silicon Valley of the East,"" and highlights the strong partnership between Malaysia and Taiwan."
2025-02-18 01:52:31,"NVDW ETF Analysis: Dividends, Returns CBOE:NVDW",TradingView,0.909906,0.057616,https://www.tradingview.com/symbols/CBOE-NVDW/analysis/,"This article provides an in-depth analysis of the Roundhill NVDA WeeklyPay ETF (NVDW), highlighting its objective to deliver weekly income and 1.2x leveraged exposure to NVIDIA (NVDA) stock performance. It details the fund's structure, inclusion of total return swap agreements, and investments in short-term US Treasurys for collateral. The analysis also covers key statistics such as AUM, dividend yield, expense ratio, and mentions the inherent risks due to leverage and lack of diversification."
2025-02-17 04:37:57,2 High-Powered ETFs That Have Doubled in 5 Years. Here's Why It's Not Too Late to Invest.,The Globe and Mail,0.715965,0.398999,https://www.theglobeandmail.com/investing/markets/markets-news/Motley%20Fool/30963180/2-high-powered-etfs-that-have-doubled-in-5-years-heres-why-its-not-too-late-to-invest/,"This article highlights two growth-focused ETFs, the iShares Russell 1000 Growth ETF (IWF) and the Schwab U.S. Large-Cap Growth ETF (SCHG), both of which have doubled in value over the past five years. It explains why these ETFs, concentrating on large and mid-cap growth stocks, particularly in tech and consumer discretionary sectors, remain attractive investments. The article suggests that despite past gains, continued growth in areas like AI and strong underlying companies make them suitable for long-term investors."
2025-02-15 04:05:12,"LI's Broadridge, Verint testing new Chinese chatbot DeepSeek for automation, efficiency",Newsday,0.619918,-0.057432,https://www.newsday.com/business/deepseek-broadridge-financial-solutions-verint-systems-n4c5lmf3,"Long Island-based technology companies Broadridge Financial Solutions and Verint Systems are testing DeepSeek, a Chinese artificial intelligence app, to improve efficiency and automate processes. Despite potential security risks and bans on government devices, both companies are evaluating DeepSeek in closed systems, seeing it as a cost-effective alternative to other AI tools like ChatGPT. Experts note DeepSeek's ability to train on smaller datasets as an advantage."
2025-02-14 12:25:00,Arm plans to sell its own chips in an effort to ramp up revenues,Euronews.com,0.628405,0.066715,https://www.euronews.com/business/2025/02/14/arm-takes-manufacturing-into-its-own-hands-as-it-plans-to-sell-chips,"Chip designer Arm is reportedly shifting its strategy to manufacture and sell its own chips, aiming to increase revenues and compete with its existing clients like Qualcomm. This move signifies a departure from its traditional business model of licensing intellectual property and could significantly disrupt the semiconductor industry, particularly in the data center and AI sectors. Arm, owned by SoftBank Group, is expected to reveal its first chip by summer 2025."
2025-02-14 11:00:00,SMH Vs. SOXX: Both Are Attractive But I Prefer SMH (NASDAQ:SMH),Seeking Alpha,0.607401,0.315774,https://seekingalpha.com/article/4758446-smh-vs-soxx-both-are-attractive-but-i-prefer-smh,"This article compares the VanEck Semiconductor ETF (SMH) and the iShares Semiconductor ETF (SOXX), finding both attractive due to the foundational role of their underlying companies in technology and current valuation discounts. The author believes the market misinterpreted impacts from DeepSeek, creating a buying opportunity. The author ultimately prefers SMH due to a personal preference for concentration and a stronger bullish view on its top holdings, NVIDIA (NVDA) and Taiwan Semiconductor Manufacturing Company (TSM)."
2025-02-14 08:37:00,"SoundHound AI, Serve, Nano-X in focus as Nvidia exits stakes; cuts Arm investment (NVDA:NASDAQ)",Seeking Alpha,1.0,-0.609164,https://seekingalpha.com/news/4408523-soundhound-ai-serve-nano-x-in-focus-as-nvidia-exits-stakes-cuts-arm-investment,"Nvidia has reportedly exited its stakes in SoundHound AI, Serve Robotics, and Nano-X, causing shares of these companies to fall sharply in premarket trading. The Jensen Huang-led chipmaker also reduced its investment in Arm, according to its latest 13-F filing. This move indicates a shift in Nvidia's investment portfolio."
2025-02-14 04:01:32,ASE expects revenue to at least double,Taipei Times,0.601822,0.523549,https://www.taipeitimes.com/News/biz/archives/2025/02/14/2003831834,"ASE Technology Holding Co (日月光投控), the world’s biggest chip assembly and testing manufacturing (ATM) service provider, yesterday said revenue from its leading-edge packaging and testing services would more than double to US$1.6 billion this year. This growth is attributed to the accelerating adoption of artificial intelligence (AI) technology spreading to edge devices and increased demand from Chinese customers due to US restrictions. The company plans to spend US$2 billion on new manufacturing equipment and facilities this year to cope with growing demand and expects an improved gross margin for its ATM business."
2025-02-14 03:59:42,"After Earnings, Is Advanced Micro Devices Stock a Buy, a Sell, or Fairly Valued?",Morningstar,0.863394,0.098913,https://www.morningstar.com/stocks/after-earnings-is-advanced-micro-devices-stock-buy-sell-or-fairly-valued,"Advanced Micro Devices (AMD) reported strong fourth-quarter results with growth in client and data center revenue, though its AI GPU growth forecast was disappointing compared to competitor Nvidia. Morningstar has cut its fair value estimate for AMD to $140 per share from $160 due to less optimism about AI GPU growth, but still considers the stock undervalued. The company holds a narrow economic moat based on intangible assets in chip design and expects significant long-term growth, particularly in the data center segment for AI applications."
2025-02-14 03:18:00,"Applied Digital Jumps On $375M SMBC Deal, Hood Stake – Retail Sentiment Improves",Stocktwits,0.640514,0.377555,https://stocktwits.com/news-articles/markets/equity/applied-digital-robinhood-stake-smbc-loan-ai-expansion/ch5i2T6RHt/amp,"Applied Digital (APLD) surged over 12% following a $375 million financing deal with Sumitomo Mitsui Banking Corporation (SMBC) for its Ellendale HPC campus. The stock also benefited from filings showing Hood River Capital Management acquired a 7.17% stake and Nvidia maintained its investment. This news significantly boosted retail sentiment on Stocktwits, moving it from bearish to neutral."
2025-02-13 04:01:11,"Report: Arm to build its own chips, and Meta is first in line to buy them",SiliconANGLE,0.637181,0.105652,https://siliconangle.com/2025/02/13/report-arm-build-own-chips-meta-first-line-buy/,"Arm Holdings Plc. reportedly plans to design and build its own server CPUs, with Meta Platforms Inc. lined up as a first customer, marking a significant shift from its traditional licensing model. This move, driven by the lucrative AI chip market, could put Arm in direct competition with its existing licensees, potentially alienating customers but offering substantial new revenue streams. Analysts highlight both the immense opportunity in AI and the risks of disrupting established customer relationships."
2025-02-12 05:22:27,Direxion Launches 2 Leveraged AMD ETFs Amid AI Chip Race,Yahoo Finance,0.714256,0.349951,https://finance.yahoo.com/news/direxion-launches-2-leveraged-amd-003114053.html,"Direxion has launched two new leveraged ETFs, Direxion Daily AMD Bull 2X Shares (AMUU) and Direxion Daily AMD Bear 1X Shares (AMDD), offering traders concentrated exposure to Advanced Micro Devices (AMD) stock. This move comes as AMD expands its presence in the artificial intelligence and data center markets, aiming to challenge Nvidia's dominance. The ETFs are designed for short-term trading due to their high-risk nature."
2025-02-12 04:32:21,"DeepSeek Shows There Is No Longer One “AI Trade,” but Many",Morningstar,0.714836,0.150022,https://www.morningstar.com/funds/deepseek-shows-there-is-no-longer-one-ai-trade-many,"Recent developments from Chinese company DeepSeek, particularly its R1 model which uses fewer expensive chips, are signaling a new phase in AI investing. Fund managers now anticipate greater divergence among AI players, with potential benefits for companies like Broadcom and Marvell due to a shift towards more efficient chips. While efficiency gains could impact demand for some hardware, the overall growth in AI applications is expected to compensate, benefiting key players like Nvidia and Taiwan Semiconductor."
2025-02-12 04:20:56,Solid Earnings Reflect Cirrus Logic's (NASDAQ:CRUS) Strength As A Business,Simply Wall St,0.595257,0.287565,https://simplywall.st/stocks/us/semiconductors/nasdaq-crus/cirrus-logic/news/solid-earnings-reflect-cirrus-logics-nasdaqcrus-strength-as,"Cirrus Logic's recent strong earnings are supported by its impressive free cash flow. The company's accrual ratio of -0.11 indicates that its free cash flow of US$457m significantly exceeded its statutory profit of US$305.1m for the year ending December 2024. Additionally, its earnings per share have grown by 28% annually over the past three years, suggesting strong underlying business performance."
2025-02-11 22:23:13,Digihost to Develop HPC and AI-Tier Data Centers,insideAI News,0.648095,0.352975,https://insideainews.com/2025/02/11/digihost-to-develop-hpc-and-ai-tier-data-centers/,"Digihost Technology Inc. announced the formation of US Data Centers, Inc. (USDC), a new subsidiary focused on developing high-performance computing (HPC) and artificial intelligence (AI)-focused data centers. USDC's first project will transform Digihost's existing site in Columbiana, Alabama, into a two-phase, 55 MW Tier 3 data center with an estimated total capital expenditure of $440 million. This strategic investment aims to meet the escalating demand for AI-driven computing power and cloud services."
2025-02-11 20:36:00,"Supermicro forecasts crazy revenue growth for fiscal 2026, boosting its stock",SiliconANGLE,0.606251,0.149815,https://siliconangle.com/2025/02/11/supermicro-forecasts-crazy-revenue-growth-fiscal-2026-boosting-stock/,"Super Micro Computer Inc. saw its stock jump 9% after forecasting at least $40 billion in revenue for fiscal 2026, driven by demand for its AI hardware and direct-liquid cooling technology. This ambitious projection significantly exceeded Wall Street expectations, despite the company also revising down its fiscal 2025 guidance and facing scrutiny over financial irregularities and an ongoing Justice Department probe. The company is actively working to finalize its financial results to meet a critical February 25 deadline set by financial regulators."
2025-02-11 11:12:00,Super Micro's roller coaster continues into earnings with 59% stock pop in past week,CNBC,0.60805,0.156887,https://www.cnbc.com/2025/02/11/super-micro-roller-coaster-has-stock-soaring-ahead-of-q2-2025-earnings.html,"Super Micro's stock has surged 59% in the past week, driven by strong AI market demand and significant capital spending forecasts from major tech companies. This follows a volatile 2024, which saw the stock drop significantly due to governance concerns and delayed financial reports. The upcoming earnings report is seen as a crucial test for the company to regain investor confidence amidst skepticism from analysts."
2025-02-11 07:30:00,Digihost to Develop High-Performance Computing and AI-Tier,GlobeNewswire,0.604753,0.378235,https://www.globenewswire.com/news-release/2025/02/11/3024064/0/en/Digihost-to-Develop-High-Performance-Computing-and-AI-Tier-Data-Centers-Through-Wholly-Owned-Subsidiary-US-Data-Centers-Inc.html,"Digihost Technology Inc. announced the formation of US Data Centers, Inc., a new subsidiary dedicated to developing high-performance computing (HPC) and artificial intelligence (AI)-focused data centers. Their first project involves transforming an existing site in Columbiana, Alabama, into a 55 MW Tier 3 data center with an estimated total capital expenditure of $440 million, planned for completion by Q1 2027. This strategic investment aims to meet the escalating demand for AI-driven computing power and cloud services."
2025-02-11 04:27:54,F5 targets AI-era IT challenges with ADC 3.0 reference architectures,SiliconANGLE,0.637421,0.411392,https://siliconangle.com/2025/02/11/f5-targets-ai-era-challenges-adc-3-0-reference-architectures/,"F5 Inc. has unveiled its new ADC 3.0 framework, a set of reference architectures and strategic partnerships designed to address the challenges of securely deploying and managing AI applications in complex hybrid and multicloud IT environments. This initiative responds to the increasing adoption of AI apps (75% of enterprises) and aims to simplify application delivery while enhancing security against emerging threats like model theft and data poisoning. F5 is collaborating with companies like Nvidia Corp. and NetApp Inc. to provide the necessary tools and infrastructure for the immense data processing and security demands of AI workloads."
2025-02-11 04:19:30,"CEO of Canada’s Celestica sells $130-million of shares, cashing in on Nvidia-style gains during AI boom",The Globe and Mail,0.841102,0.21348,https://www.theglobeandmail.com/business/article-ceo-of-canadas-celestica-sells-130-million-of-shares-cashing-in-on/,"Celestica's CEO, Rob Mionis, sold $130-million in company shares amidst an AI boom that saw the company's stock price surge over 1,000 percent, akin to Nvidia's growth. Other top executives also sold shares, totaling $212-million, as Celestica's profits jumped significantly due to its critical role in providing storage and network switches for AI-driven data centers, making hyperscalers a major portion of its revenue. This financial success comes after decades of languishing stock prices, with the company finding new life through its high-end manufacturing for the AI sector."
2025-02-10 04:50:31,NXP buys Kinara for $307M to power AI workloads at the network edge,SiliconANGLE,0.619586,0.09644,https://siliconangle.com/2025/02/10/nxp-buys-kinara-power-ai-workloads-network-edge/,"Dutch chipmaker NXP Semiconductors N.V. has acquired California-based startup Kinara Inc. for $307 million to bolster its presence in AI workloads at the network edge. This acquisition, following two other recent deals, aims to strengthen NXP's Industrial & IoT group and expand its AI capabilities, especially after a period of declining revenues. Kinara's neural processing units, like the Ara-1 and Ara-2 NPUs, are expected to provide NXP with viable edge AI products and help diversify its chip business."
2025-02-10 04:15:52,"Bit Digital, Inc. Secures New Multi-Year Colocation Agreement with a Leader in AI Hardware",Bit Digital,0.624266,0.379485,https://bit-digital.com/press-releases/bit-digital-inc-secures-new-multi-year-colocation-agreement-with-a-leader-in-ai-hardware/,"Bit Digital, Inc. (Nasdaq: BTBT) has secured a multi-year colocation agreement with a leading AI hardware innovator. Through its rebranded HPC business, WhiteFiber, the company will provide 5 MW of built-to-suit data center infrastructure for five years, with the contract expected to commence in mid-2025 at an Enovum data center. This partnership highlights Bit Digital's capability to deliver high-performance colocation solutions for next-generation AI workloads."
2025-04-03 02:00:28,NVIDIA Corporation (NVDA): Our Calculation of Intrinsic Value,The Acquirer's Multiple,1.0,-0.034491,https://acquirersmultiple.com/2025/04/nvidia-corporation-nvda-our-calculation-of-intrinsic-value/,"This article presents a discounted cash flow (DCF) analysis for NVIDIA Corporation (NVDA), concluding that the stock is overvalued. Based on conservative assumptions, the intrinsic value is estimated at $36.07 per share, significantly below the current market price of $110.42, indicating a -67.34% margin of safety. The author acknowledges criticism regarding the conservative growth rate assumptions and provides clarification on the methodology."
2025-03-18 03:36:02,"NVIDIA, Alphabet and Google Collaborate on the Future of Agentic and Physical AI",NVIDIA Newsroom,1.0,0.853085,https://nvidianews.nvidia.com/news/nvidia-alphabet-and-google-collaborate-on-the-future-of-agentic-and-physical-ai,"NVIDIA, Alphabet, and Google are expanding their collaboration to advance AI, focusing on agentic AI, robotics, and broader accessibility of AI tools. Their joint efforts include optimizing open models like Gemma, developing advanced robotics capabilities through Intrinsic, and applying AI to drug discovery with Isomorphic Labs and grid optimization with X's Tapestry. Google Cloud will also adopt NVIDIA's latest Blackwell GPUs to power these research and production initiatives."
2025-03-18 00:00:00,NVIDIA Announces Isaac GR00T N1 — the World’s First Open Humanoid Robot Foundation Model — and Simulation Frameworks to Speed Robot Development,NVIDIA Newsroom,1.0,0.406214,https://nvidianews.nvidia.com/news/nvidia-isaac-gr00t-n1-open-humanoid-robot-foundation-model-simulation-frameworks,"NVIDIA announced Isaac GR00T N1, the world’s first open and customizable foundation model for humanoid robots, along with new simulation frameworks like the Isaac GR00T Blueprint and the Newton physics engine. These technologies are designed to accelerate humanoid robot development, making them more adaptable and capable of complex tasks. NVIDIA is collaborating with Google DeepMind and Disney Research on the Newton engine, and the GR00T N1 model is already being adopted by leading humanoid developers."
2025-03-05 11:58:00,Malaysia to pay Arm Holdings $250 million for chip design blueprints,Reuters,0.631898,0.323711,https://www.reuters.com/markets/asia/malaysia-minister-says-pay-arm-holdings-250-million-chips-design-blueprints-2025-03-05/,"Malaysia will pay Arm Holdings $250 million over 10 years for chip design blueprints to enable local manufacturers to produce their own chips within the next decade, driven by the AI boom. Arm will also establish its first Southeast Asian office in Kuala Lumpur, and the deal includes training 10,000 engineers in Malaysia. This initiative aims to build a complete supply chain in advanced industries like AI data servers, autonomous vehicles, and robotics, and to foster 10 local chip companies with significant yearly revenue."
2025-02-12 04:32:21,"DeepSeek Shows There Is No Longer One “AI Trade,” but Many",Morningstar,0.724949,0.127009,https://www.morningstar.com/funds/deepseek-shows-there-is-no-longer-one-ai-trade-many,"Recent developments from Chinese company DeepSeek, particularly its R1 model which uses fewer expensive chips, are signaling a new phase in AI investing. Fund managers now anticipate greater divergence among AI players, with potential benefits for companies like Broadcom and Marvell due to a shift towards more efficient chips. While efficiency gains could impact demand for some hardware, the overall growth in AI applications is expected to compensate, benefiting key players like Nvidia and Taiwan Semiconductor."
2025-04-24 06:46:38,Google Parent Alphabet's Stock Climbs as AI-Fueled Search Growth Drives Revenue Beat,Investopedia,0.642534,0.545328,https://www.investopedia.com/google-parent-alphabet-earnings-q1-fy2025-11718719,"Alphabet (GOOGL) reported first-quarter revenue and profit that surpassed analyst expectations, driven by strong AI-fueled search growth and cloud revenue. The company announced a 5% increase in its quarterly dividend and an additional $70 billion in stock buybacks, leading to a nearly 5% rise in its Class A shares during after-hours trading. Alphabet also reiterated plans for significant spending on AI infrastructure, highlighting its strategic partnership with Nvidia for chip technology."
2025-04-04 16:50:00,Alphabet CEO Sundar Pichai sells $5.15 million in company stock,Investing.com,0.672347,-0.085642,https://www.investing.com/news/insider-trading-news/alphabet-ceo-sundar-pichai-sells-515-million-in-company-stock-93CH-3969224,"Alphabet CEO Sundar Pichai recently sold approximately $5.15 million in company stock through a pre-established trading plan. The sales occurred while Alphabet's stock traded near its 52-week low, though Wall Street maintains a bullish outlook. Pichai's remaining direct holdings in Alphabet amount to over 2.7 million shares."
2025-03-20 02:52:03,"Quest, Google team on gen AI; GE Healthcare plans autonomous imaging",MedTech Dive,0.871938,0.368604,https://www.medtechdive.com/news/quest-google-gen-ai-ge-healthcare-nvidia-synchron/743035/,Medtech companies showcased their latest AI advancements at Nvidia’s GTC 2025 conference. Quest Diagnostics announced a partnership with Google Cloud to leverage generative AI for data streamlining and personalized customer experiences. GE Healthcare expanded its collaboration with Nvidia to develop autonomous X-ray and ultrasound systems aimed at alleviating staff shortages and improving imaging workflows.
2026-03-27 17:37:58,KLA Corp Stock (KLAC) Moved Down by 5.10% on Mar 27: Facts Behind the Movement,TradingKey,0.600482,-0.242181,https://www.tradingkey.com/news/Market-Movers/261729074-market-movers-klac-20260327,"KLA Corp (KLAC) stock declined by 5.10% due to a combination of market sentiment, institutional selling, and broader U.S. stock market downturns. Institutional investors like SG Americas Securities LLC and Pictet Asset Management Holding SA reduced their stakes in KLA, contributing to the downward pressure. Despite positive company-specific news such as share repurchases and dividend increases, geopolitical developments, supply chain concerns for optical components, and projected declines in NAND revenue segments are creating a cautious outlook."
2026-03-27 15:07:40,Alphabet Inc. Class A Trade Ideas — BSESOF:ABEA,TradingView,0.552571,-0.036187,https://www.tradingview.com/symbols/BSESOF-ABEA/ideas/page-3/,"This article compiles various trade ideas and technical analyses for Alphabet Inc. Class A (GOOGL), with analysts presenting both bullish and bearish perspectives. Multiple traders discuss key support and resistance levels, price action following earnings reports, and the impact of market trends and AI investments on the stock. Strategies range from short-term swing trades to longer-term outlooks, emphasizing risk management and technical indicators."
2026-03-26 01:58:05,NetApp Inc. stock rises amid dividend anticipation and institutional buying as AI storage demand surges,AD HOC NEWS,0.602791,0.321438,https://www.ad-hoc-news.de/boerse/news/ueberblick/netapp-inc-stock-rises-amid-dividend-anticipation-and-institutional/68988793,"NetApp Inc. stock climbed 1.14% on Nasdaq, reaching 105.50 USD, driven by an upcoming ex-dividend date of April 2, 2026, and significant institutional interest. Investors are focused on NetApp's critical role in the expanding AI infrastructure market, with the company's hybrid cloud strategy and strong dividend yield making it an attractive play for US investors balancing growth and income. Pension funds and other institutional players are increasing their holdings, validating NetApp's position in providing scalable storage solutions for AI and cloud environments."
2026-03-25 09:37:47,Alphabet Inc. Class C Trade Ideas — SWB:ABEC,TradingView,0.550872,-0.161855,https://www.tradingview.com/symbols/SWB-ABEC/ideas//page-3/,"This article compiles various trading ideas and analyses for Alphabet Inc. Class C (SWB:ABEC, NASDAQ:GOOGL), with many analysts suggesting a bearish outlook due to recent price pullbacks and technical breakdowns. Several contributors highlight key support and resistance levels, and discuss the impact of factors like AI investments and broader market sentiment on Google's stock performance. While some see potential for mean reversion or tactical bullish plays, the predominant sentiment leans towards caution and further downside risk."
2026-03-17 13:38:19,Stifel reiterates PTC stock rating after IoT business sale,Investing.com,0.598069,0.046805,https://m.investing.com/news/analyst-ratings/stifel-reiterates-ptc-stock-rating-after-iot-business-sale-93CH-4565958?ampMode=1,"Stifel reiterated a Buy rating and $180 price target for PTC Inc. after the company completed the sale of its ThingWorx IoT and Kepware industrial connectivity businesses to TPG. The divestiture allows PTC to focus on its Intelligent Product Lifecycle vision, with revised guidance largely in line with prior expectations. Stifel anticipates high-single-digit revenue growth and strong free cash flow, supported by PTC's strong financial health and new product advancements."
2026-03-16 15:37:39,Alphabet Inc. Class C Trade Ideas — BIVA:GOOG,TradingView,0.64184,0.097385,https://www.tradingview.com/symbols/BIVA-GOOG/ideas/?video=yes,"This article compiles various trading ideas and technical analyses for Alphabet Inc. Class C (GOOG/GOOGL) from multiple contributors on TradingView. The analyses present a mix of bullish, bearish, and neutral perspectives, often comparing GOOGL's market behavior to Bitcoin's for pattern recognition. Discussions include structural similarities with crypto cycles, options positioning, trendline analysis, and potential price targets ranging from significant upside to major corrections."
2026-03-11 07:35:25,"Barrow Hanley Mewhinney & Strauss LLC Buys 428,412 Shares of Alphabet Inc. $GOOG",MarketBeat,0.694484,0.080761,https://www.marketbeat.com/instant-alerts/filing-barrow-hanley-mewhinney-strauss-llc-buys-428412-shares-of-alphabet-inc-goog-2026-03-11/,"Barrow Hanley Mewhinney & Strauss LLC significantly increased its stake in Alphabet Inc. (NASDAQ:GOOG) during the third quarter, purchasing an additional 428,412 shares and bringing their total holdings to 1,345,397 shares. This move is part of a broader trend of institutional investors and hedge funds adjusting their positions in Alphabet, with several major firms like Vanguard Group Inc. and State Street Corp also increasing their holdings. The article further details Alphabet's financial performance, recent dividend announcement, insider trading activity, and a mix of positive, neutral, and negative market sentiments impacting the stock."
2026-03-10 11:14:17,Alphabet Inc. $GOOG is Capital Group Private Client Services Inc.'s 4th Largest Position,MarketBeat,0.649454,-0.079173,https://www.marketbeat.com/instant-alerts/filing-alphabet-inc-goog-is-capital-group-private-client-services-incs-4th-largest-position-2026-03-10/,"Capital Group Private Client Services Inc. reduced its stake in Alphabet (GOOG) by 48.3% despite it remaining their fourth-largest holding. Various other institutional investors adjusted their positions, with many increasing their holdings. Wall Street analysts maintain a positive outlook on Alphabet, with a consensus ""Buy"" rating and an average price target of $343.90."
2026-03-10 09:59:00,Alphabet Inc. (GOOGL): Navigating the Agentic AI Era and the $4 Trillion Frontier,FinancialContent,0.629586,0.31146,https://markets.financialcontent.com/stocks/article/finterra-2026-3-10-alphabet-inc-googl-navigating-the-agentic-ai-era-and-the-4-trillion-frontier,"Alphabet Inc. (GOOGL) has successfully transitioned into the ""Agentic AI Era,"" with its market capitalization briefly touching $4 trillion in early 2026. The company's revenue reached over $400 billion in FY 2025, driven by strong performance in Google Services, Google Cloud, and Other Bets like Waymo, despite significant capital expenditures and regulatory challenges. Alphabet's strategy focuses on AI infrastructure, enterprise cloud solutions, and autonomous systems, leveraging innovations like Gemini 3.1 Pro and Ironwood TPUs."
2026-03-08 18:51:30,TeraWulf (WULF) Is Down 15.2% After Pivoting From Bitcoin Mining To Google-Backed HPC Strategy,Simply Wall Street,0.628703,0.054976,https://simplywall.st/stocks/us/software/nasdaq-wulf/terawulf/news/terawulf-wulf-is-down-152-after-pivoting-from-bitcoin-mining,"TeraWulf (WULF) shares dropped 15.2% following its strategic pivot from Bitcoin mining to high-performance computing (HPC), supported by Google and new private capital. This shift was announced alongside its full-year 2025 financial results, which reported significant revenue and net losses. The company's new investment narrative centers on Google's expanded $3.2 billion commitment and a $400 million private placement to fund its 3 gigawatt development pipeline for HPC, raising both growth prospects and dilution concerns for investors."
2026-03-07 12:12:39,Vista Capital Partners Inc. Raises Holdings in Microsoft Corporation $MSFT,MarketBeat,0.620642,0.127092,https://www.marketbeat.com/instant-alerts/filing-vista-capital-partners-inc-raises-holdings-in-microsoft-corporation-msft-2026-03-07/,"Vista Capital Partners Inc. increased its stake in Microsoft Corporation by 5.2% in Q3, now holding 29,889 shares valued at $15.48 million. Institutional investors collectively own over 71% of Microsoft, which has an average analyst rating of ""Moderate Buy"" and an average target price of $591.95. Microsoft recently exceeded Q3 earnings and revenue estimates, reporting EPS of $4.14 and revenue of $81.27 billion."
2026-03-07 06:50:12,Alphabet CEO Pichai Sundar sells $9.8 million in GOOGL stock By Investing.com,Investing.com UK,0.62747,0.071251,https://m.uk.investing.com/news/insider-trading-news/alphabet-ceo-pichai-sundar-sells-98-million-in-googl-stock-93CH-4547150?ampMode=1,"Alphabet CEO Pichai Sundar recently sold $9.8 million in Class C Capital Stock, disposing of 32,500 shares in transactions ranging from $301.57 to $305.14. Despite the sale, he maintains significant direct and indirect ownership in Alphabet, with the sales executed under a pre-adopted trading plan. The article also touches upon Google's new AI model, Gemini 3.1 Flash Lite, and other tech industry news."
2026-03-07 05:50:25,Alphabet CEO Pichai Sundar sells $9.8 million in GOOGL stock,Investing.com,0.596717,0.03205,https://m.investing.com/news/insider-trading-news/alphabet-ceo-pichai-sundar-sells-98-million-in-googl-stock-93CH-4548374?ampMode=1,"Alphabet CEO Sundar Pichai sold $9.8 million worth of Class C Capital Stock in Alphabet Inc. through a series of transactions on March 4, 2026. The sales were made at prices between $301.57 and $305.14, and he acquired 265,001 Class C Google Stock Units with a value of $0. Following these transactions, Pichai maintains significant direct and indirect ownership in Alphabet."
2026-03-01 15:50:19,"GOOG stock heads into Monday: Alphabet closes higher as Google faces Belgium ad probe, Korea Maps decision",TechStock²,0.577725,-0.070852,https://ts2.tech/en/goog-stock-heads-into-monday-alphabet-closes-higher-as-google-faces-belgium-ad-probe-korea-maps-decision/,"Alphabet's Class C stock (GOOG) closed higher on Friday despite broader market declines, as Google faces a new antitrust probe in Belgium regarding its ad pricing methods. Simultaneously, South Korea approved Google’s request to export high-precision map data with strict security controls, potentially improving Google Maps functionality in the country. Investors are now watching how these regulatory and market developments will impact GOOG stock as trading resumes on Monday, especially with upcoming U.S. labor data and the Federal Reserve meeting on the horizon."
2026-02-26 05:31:00,Alphabet (GOOGL) Stock Steady Near $311 as AI Investments Surge Post-Q4 2025 Earnings Beat,International Business Times AU,0.636889,0.376325,https://www.ibtimes.com.au/alphabet-googl-stock-steady-near-311-ai-investments-surge-post-q4-2025-earnings-beat-1862102,"Alphabet's Class A shares traded steadily near $311 after the company announced blockbuster Q4 2025 results, featuring record revenues, explosive Google Cloud acceleration, and massive AI infrastructure commitments. The tech giant's Q4 revenue reached $113.8 billion, exceeding estimates, with Google Cloud contributing $17.7 billion and achieving sustained profitability. Alphabet is heavily investing in AI, with planned 2026 capital expenditures of $175-$185 billion for data centers and custom silicon, signaling its commitment to leading in generative AI despite regulatory challenges and competitive risks."
2026-02-23 15:35:58,GOOG stock price: Alphabet Class C rises after Wells Fargo upgrade puts AI capex back in spotlight,TechStock²,0.641545,0.081142,https://ts2.tech/en/goog-stock-price-alphabet-class-c-rises-after-wells-fargo-upgrade-puts-ai-capex-back-in-spotlight/,"Alphabet Class C (GOOG) shares rose by 0.3% after Wells Fargo upgraded the stock to Overweight and raised its price target to $387, citing Alphabet's strong position in AI computing. While the upgrade highlights the company's significant investment in AI infrastructure, concerns remain regarding high capital expenditures and potential impacts from new tariffs, which are clouding broader market sentiment. Investors are also looking ahead to Nvidia's earnings for further insights into AI infrastructure demand."
2026-02-22 04:22:03,Baidu Inc: Wall Street Turns Cautious as AI Bets Face Reality Check,AD HOC NEWS,0.569068,0.031718,https://www.ad-hoc-news.de/boerse/news/ueberblick/baidu-inc-wall-street-turns-cautious-as-ai-bets-face-reality-check/68600298,"Wall Street is increasingly cautious about Baidu Inc due to slowing growth, rising competition, and geopolitical risks, despite its status as a profitable search giant investing heavily in AI and autonomous driving. Investors are rethinking the stock's valuation, which is influenced by China's tech cycle, the global AI arms race, and US-Beijing tensions. The article highlights how Baidu functions as a leveraged bet on Chinese digitalization, offering diversification but with higher volatility and policy risk compared to US tech companies."
2026-02-20 17:39:00,Google stock (GOOG) jumps after Supreme Court tariff ruling as traders brace for Nvidia earnings,TechStock²,0.869188,0.286451,https://ts2.tech/en/google-stock-goog-jumps-after-supreme-court-tariff-ruling-as-traders-brace-for-nvidia-earnings/,"Alphabet's Class C shares (GOOG) jumped 3.7% in after-hours trading following a Supreme Court decision to toss out U.S. tariffs and new AI product announcements. The company's stock performance is also influenced by its significant capital expenditure on AI infrastructure, with investors looking to upcoming Nvidia earnings for broader AI market insights. Analysts are divided on whether current high valuations for AI-related stocks are sustainable, given the substantial investments required."
2026-02-15 22:55:14,Is Apple (AAPL) John Overdeck's Top Pick?,Finviz - Stock Screener,0.811466,0.140021,https://finviz.com/news/311377/is-apple-aapl-john-overdecks-top-pick,"Apple Inc. (AAPL) is the third largest holding in John Overdeck's portfolio, representing a 2.79% share valued at $1.39 billion. While still a significant investment, it trails NVIDIA Corporation (NVDA) which remains his largest position. Recent developments for Apple include plans to allow third-party AI apps in CarPlay, moving beyond Siri-only, and upcoming product releases like the iPhone 17e and an iOS 26.4 beta."
2026-02-15 11:19:20,Elon Musk Says Tesla Will Have 'Largest Fleet' Of Autonomous Vehicles As Far Into The Future As He Can Imagine,Benzinga,0.742306,0.233319,https://www.benzinga.com/markets/tech/26/02/50634357/elon-musk-says-tesla-will-have-largest-fleet-of-autonomous-vehicles-as-far-into-the-future-as-he-can-imagine,"Tesla CEO Elon Musk stated that he expects the company to have the largest fleet of autonomous vehicles as far into the future as he can imagine. This aligns with Tesla's ongoing efforts in autonomous technology, including Robotaxi trials in Austin and investments in AI and machine learning. The article also touches upon the deepening competition in autonomous vehicles, mentioning Waymo and NVIDIA's recent advancements, and the ongoing debate surrounding liability and insurance for self-driving cars."
2026-02-07 11:27:21,Why Is Broadcom (AVGO) Stock Soaring Today,Finviz,0.637344,0.278245,https://finviz.com/news/303268/why-is-broadcom-avgo-stock-soaring-today,"Broadcom (AVGO) stock jumped 7.6% after Wall Street acknowledged the significant revenue potential from Google’s announced AI infrastructure spending, with Broadcom securing $21 billion in orders for custom AI accelerators. This positive development led Wolfe Research to upgrade the stock to Outperform and Jefferies to reiterate its Buy rating, despite the stock experiencing volatility and recent declines due to geopolitical tensions impacting chip exports to China."
2026-02-05 20:58:15,Fund Manager Recommends Elon Musk Buyback Tesla Shares To Spark Stock Turnaround,Stocktwits,0.644684,0.18158,https://stocktwits.com/news-articles/markets/equity/fund-manager-recommends-elon-musk-buyback-tesla-shares-to-spark-stock-turnaround/cZbZSyvR4n5,"Future Fund Managing Partner Gary Black suggests Elon Musk should buy back Tesla shares, launch a brand awareness campaign for autonomous driving, and introduce a conventional pickup truck to boost the stock. Black argues that a CEO buying back shares demonstrates confidence and that these measures are crucial given Tesla's double-digit stock drop in 2026 compared to the Nasdaq-100's single-digit decline and increasing competition in the autonomous vehicle sector. He also controversially recommends removing safety monitors from robotaxis to prove FSD's safety to skeptics."
2026-02-04 22:27:28,Earnings call transcript: Alphabet Q4 2025 highlights strong earnings beat,Investing.com,0.585873,0.352625,https://www.investing.com/news/transcripts/earnings-call-transcript-alphabet-q4-2025-highlights-strong-earnings-beat-93CH-4486264,"Alphabet Inc. (GOOG) delivered strong financial results for Q4 2025, beating analyst expectations with an EPS of $2.82 and revenue of $113.8 billion. The company saw an 18% increase in revenue year-over-year, surpassed $400 billion in annual revenue for the first time, and plans significant AI investments with anticipated 2026 CapEx between $175 billion-$185 billion. Key growth drivers included advancements in AI, increased demand for enterprise AI solutions, strong performance in Search, YouTube subscriptions, and Google Cloud, with the stock rising 0.97% in after-hours trading."
2026-02-04 17:27:00,"Broadcom, Nvidia shares rise on surging Google capital expenditures for AI",CNBC,0.841802,0.38192,https://www.cnbc.com/2026/02/04/broadcom-google-tpu-ai-nvidia.html,"Broadcom and Nvidia shares increased after Google announced a significant surge in capital expenditures for artificial intelligence, projecting to spend up to $185 billion this year. This substantial investment is nearly double last year's spending and is expected to benefit companies like Broadcom, which helps manufacture Google's custom tensor processing unit chips (TPUs), and Nvidia, as Google also utilizes their chips for AI development. Analysts believe this increased AI infrastructure spending will positively impact the ""Google cohort"" of technology companies."
2026-02-04 12:33:20,Why This Analyst Just Raised Their Price Target on Broadcom Stock,Palmetto Grain Brokerage,0.609282,0.323827,https://www.palmettograin.com/news/story/17286/why-this-analyst-just-raised-their-price-target-on-broadcom-stock,"Wolfe Research has upgraded Broadcom (AVGO) to ""Outperform"" with a $400 price target, citing increasing confidence in Google's TPU program and Broadcom's critical role as a supplier. This upgrade follows Broadcom's stellar Q4 2025 results, which saw record revenue and earnings driven by accelerated AI demand. Despite recent stock volatility, analysts maintain a ""Strong Buy"" consensus with a mean price target reflecting significant upside potential."
2026-02-02 18:58:26,Nvidia and Uber Just Announced a Major New Robotaxi Partnership. Does That Make UBER Stock a Buy Here?,Palmetto Grain Brokerage,0.841152,0.113144,https://www.palmettograin.com/news/story/37364176/nvidia-and-uber-just-announced-a-major-new-robotaxi-partnership-does-that-make-uber-stock-a-buy-here,"Uber (UBER) has partnered with Nvidia (NVDA) and Mercedes (MBGYY) to develop a robotaxi company, leveraging Uber's vast real-life data for AI models. Despite recent Q3 earnings showing strong growth, the stock reacted negatively due to management's announcement that autonomous vehicles will not be profitable for several years. Analysts maintain a ""Strong Buy"" rating for UBER, projecting significant upside, as future earnings growth and the company's valuable data are expected to drive its stock price higher."
2026-02-02 09:47:24,Unity stock steadies premarket after Google’s Project Genie shock — what to watch next,TechStock²,0.633356,-0.093449,https://ts2.tech/en/unity-stock-steadies-premarket-after-googles-project-genie-shock-what-to-watch-next/,"Unity Software Inc. shares rebounded modestly in premarket trading after a steep drop caused by Google's Project Genie announcement, which sparked fears that AI-generated interactive worlds could disrupt traditional game engine demand. While Unity's CEO and some analysts downplay the immediate threat, investors are closely watching the company's Q4 and full-year 2025 results on February 11th for clarity on management's AI strategy and growth prospects. The debate continues over how ""world model"" AI will impact the gaming industry and Unity's valuation."
2026-01-31 22:31:29,Why This Artificial Intelligence (AI) Stock Is Gaining Attention From Institutional Investors,Finviz,0.554928,0.321847,https://finviz.com/news/294624/why-this-artificial-intelligence-ai-stock-is-gaining-attention-from-institutional-investors,"Alphabet has become a top holding for several prominent hedge funds due to its robust AI technology stack, including custom Tensor Processing Units (TPUs) and the Gemini large language model. The company leverages its distribution and ad network advantages to monetize AI features and maintains a reasonable valuation despite its recent growth."
2026-01-29 04:57:30,Norway’s $2.2 trillion sovereign wealth fund reduces stakes in top U.S. tech firms (NORW:NYSEARCA),Seeking Alpha,0.949556,-0.238443,https://seekingalpha.com/news/4543954-norways-22-trillion-sovereign-wealth-fund-reduces-stakes-in-top-us-tech-firms,"Norway's $2.2 trillion sovereign wealth fund, Norges Bank Investment Management, decreased its stakes in major U.S. tech companies during the second half of 2025. This reduction included its largest holding, Nvidia, as well as other significant tech firms. The move comes as disclosed in newly released portfolio data."
2026-01-28 15:57:14,Google stock price today: Alphabet Class C inches up as regulators circle and a $135 million Android settlement lands,TechStock²,0.589819,0.211333,https://ts2.tech/en/google-stock-price-today-alphabet-class-c-inches-up-as-regulators-circle-and-a-135-million-android-settlement-lands/,"Alphabet Inc.'s Class C shares (GOOG) rose slightly as Google agreed to a $135 million settlement for an Android data use lawsuit, while facing new regulatory scrutiny in Europe and Britain regarding its Search and AI services. Investors are also anticipating Alphabet's earnings report on February 4th, amidst high expectations for Big Tech. The company's heavy investment in AI and potential regulatory changes pose both opportunities and risks for its stock performance."
2026-01-28 10:37:00,The Silicon Fortress: An In-Depth Research Report on Apple Inc. (AAPL) in the Age of Generative Intelligence,FinancialContent,0.643616,0.141514,https://markets.financialcontent.com/stocks/article/finterra-2026-1-28-the-silicon-fortress-an-in-depth-research-report-on-apple-inc-aapl-in-the-age-of-generative-intelligence,"This research report offers an in-depth analysis of Apple Inc. (AAPL) as of January 28, 2026, highlighting its pivot to generative AI, upcoming fiscal first-quarter earnings, and anticipated leadership transition. The article discusses Apple's business model, stock performance, financial health, product innovations like the iPhone 17 series and Apple Intelligence 2.0 with Google's Gemini, competitive landscape, and regulatory challenges. It concludes that Apple remains a technology fortress but faces critical shifts in strategy, execution, and succession that will define its next 12 months."
2026-01-19 10:27:00,Broadcom (AVGO): The Architect of the AI Era and the VMware Transformation,FinancialContent,0.620452,0.409532,https://markets.financialcontent.com/stocks/article/finterra-2026-1-19-broadcom-avgo-the-architect-of-the-ai-era-and-the-vmware-transformation,"Broadcom Inc. has transformed into a dual-engine powerhouse, driving AI infrastructure and enterprise software, largely due to its strategic acquisition of VMware and its critical role in the AI networking stack. The company, led by CEO Hock Tan, reported record-breaking financial results in FY2025, with significant growth in AI-related revenue and strong free cash flow. Despite potential risks like customer concentration and the VMware transition, Broadcom's dominant market position and disciplined management make it a key player in the technology landscape."
2026-01-18 11:27:58,Strong Analyst Sentiment on Microsoft (MSFT) Despite Price Target Cuts and Heavy AI Spend,Finviz,0.627962,0.284044,https://finviz.com/news/279755/strong-analyst-sentiment-on-microsoft-msft-despite-price-target-cuts-and-heavy-ai-spend,"Despite recent price target cuts from Barclays and Wells Fargo, Wall Street analysts maintain strong bullish sentiment on Microsoft (MSFT), with 95% recommending a buy. The company continues to strengthen its AI ecosystem through acquisitions like Osmos and strategic partnerships, solidifying its leadership in enterprise AI solutions amidst positive outlooks for the software sector."
2026-01-15 11:06:16,These Funds Hold the Largest Stakes in Alphabet Stock,Morningstar,0.718935,0.371931,https://www.morningstar.com/funds/these-funds-hold-largest-stakes-alphabet-stock,"Alphabet's stock surge, driven by AI enthusiasm and the release of Gemini 3, has significantly impacted funds heavily invested in the company. The Provident Trust Strategy Fund and Fidelity OTC Portfolio hold the largest stakes, with several ESG-focused funds also appearing on the list of top holders. This performance has propelled Alphabet to become the world's second-largest company, highlighting the strong returns for funds with major allocations to its stock."
2026-01-15 05:57:15,Here's an AI Stock Nobody's Talking About -- But Should Be,Finviz,0.608999,0.363569,https://finviz.com/news/276473/heres-an-ai-stock-nobodys-talking-about-but-should-be,"The article highlights InterDigital (NASDAQ: IDCC) as an overlooked AI stock that focuses on intellectual property and foundational technology rather than consumer-facing products. The company develops cutting-edge tech, obtains patents, and licenses its innovations across various industries, including wireless networks and AI video coding. InterDigital's business model has led to significant growth in its patent portfolio, establishing it as a leader in setting global technology standards."
2026-01-14 05:30:51,Google Shares Jump After Hours on Apple Deal to Integrate Gemini With Siri,Eudaimonia and Co,0.61452,0.337385,https://eand.co/google-shares-jump-after-hours-on-apple-deal-to-integrate-gemini-with-siri,"Google's parent company, Alphabet Inc. (GOOG), saw its shares jump after Apple announced a deal to integrate Google's Gemini AI into Siri as part of its Apple Intelligence platform. This partnership positions Gemini as a core engine for Siri, potentially boosting Alphabet's valuation and AI revenue growth, despite competitive pressures from OpenAI. The market reacted positively, while some, like Elon Musk, raised concerns about power concentration."
2026-01-14 03:58:10,Did Benchmark Electronics' (BHE) New AI-Focused CTO Just Reshape Its Technology Investment Narrative?,Simply Wall Street,0.624529,0.174414,https://simplywall.st/stocks/us/tech/nyse-bhe/benchmark-electronics/news/did-benchmark-electronics-bhe-new-ai-focused-cto-just-reshap,"Benchmark Electronics (BHE) recently appointed Josh Hollin, an AI, robotics, and advanced manufacturing expert, as its new CTO. This appointment is expected to influence the company's technology investments, particularly in advanced computing and AI data center programs. While Hollin's focus aligns with the existing advanced computing recovery thesis, the article notes that investors should be aware of potential headwinds in semi-cap and industrial demand."
2026-01-12 21:15:38,Apple will use Google’s Gemini models to power new Siri release,SiliconANGLE,0.55769,0.317793,https://siliconangle.com/2026/01/12/apple-will-use-googles-gemini-models-power-new-siri-release/,"Apple Inc. has announced a multi-year partnership with Google LLC to integrate Google's Gemini series of large language models into its Siri voice assistant. The upgraded Siri, part of Apple's new AI suite called Apple Intelligence, is expected to provide more personalized responses and handle multi-step tasks across various apps, rolling out later this year. This collaboration has also reportedly pushed Alphabet Inc.'s market capitalization above $4 trillion, making it the fourth company to reach this milestone."
2026-01-12 19:17:53,Apple calls on Google to help smarten up Siri and bring other AI features to the iPhone,NBC Bay Area,0.641871,0.123836,https://www.nbcbayarea.com/news/local/apple-google-siri-ai-features-iphone/4012500/,"Apple is partnering with Google to integrate Google's Gemini AI technology into its ""Apple Intelligence"" suite for the iPhone and other products. This collaboration aims to enhance Siri and other AI features, addressing Apple's previous delays in the AI race. The deal is seen as a significant validation for Google, whose parent company, Alphabet, recently surpassed Apple in market value, driven by its AI advancements."
2026-01-12 16:56:54,Alphabet hits $4-trillion valuation as AI refocus lifts sentiment,GMA Network,0.61527,0.345315,https://www.gmanetwork.com/news/money/companies/972586/alphabet-hits-4-trillion-valuation-as-ai-refocus-lifts-sentiment/story/,"Alphabet briefly reached a $4 trillion market valuation, driven by its intensified focus on artificial intelligence. This surge, which saw its class-A shares hit a record high, reflects growing investor confidence and follows the company surpassing Apple in market capitalization for the first time since 2019. The company's AI efforts, including its Google Cloud unit and the Gemini models, have contributed significantly to its strong performance and market leadership."
2026-01-12 03:23:08,How Invesco’s AI and Software ETF Evolved to Capture Current Opportunities,ETF Trends,0.644759,0.311755,https://www.etftrends.com/innovative-etfs-channel/invescos-ai-software-etf-evolved-capture-current-opportunities/,"Invesco has updated its AI and Next Gen Software ETF (IGPT) to adapt to the evolving software landscape, particularly with the rise of generative AI. The modernization includes changes to the fund's name, ticker, index, and investment strategy, focusing on revenue-driven exposure to current opportunities. The revamped ETF targets three subthemes: AI-powered development platforms, the broader AI ecosystem, and robotics and automation."
2026-01-09 22:25:44,"Top Research Reports for NVIDIA, Alphabet & Amazon.com",TradingView — Track All Markets,0.92271,0.305004,https://www.tradingview.com/news/zacks:3d987ed62094b:0-top-research-reports-for-nvidia-alphabet-amazon-com/,"This article from Zacks Research Daily presents expert analysis on 16 major stocks, highlighting new research reports on NVIDIA, Alphabet, and Amazon.com, which have shown strong market performance due to advancements in AI, cloud services, and e-commerce. It details the growth drivers and potential headwinds for each company, along with a special feature on micro-cap stock CBL & Associates Properties and other notable reports."
2026-01-09 09:27:06,Alphabet CEO Pichai Sundar sells $10.4 million in stock By Investing.com,Investing.com South Africa,0.622799,0.125963,https://za.investing.com/news/insider-trading-news/alphabet-ceo-pichai-sundar-sells-104-million-in-stock-93CH-4054385,"Alphabet CEO Sundar Pichai sold 22,411 shares of Class C Capital Stock for $10.4 million on January 7, 2026. The sale occurred when Alphabet's stock was trading near its 52-week high, reflecting a strong market position and ""GREAT"" financial health according to InvestingPro. Despite the sale, Pichai retains significant holdings in both Class C and Class A shares, while the company continues to advance in AI with features like Gemini in Gmail."
2026-01-07 23:58:10,Why Alphabet Stock Topped the Market Today,The Globe and Mail,0.629548,0.388108,https://www.theglobeandmail.com/investing/markets/markets-news/Motley%20Fool/36937890/why-alphabet-stock-topped-the-market-today/,"Alphabet's stock rose over 2% today after news that a U.S. House of Representatives subcommittee will discuss proposals to increase autonomous vehicle deployments. The company's Waymo subsidiary is a leader in self-driving technology, making it a direct beneficiary of any relaxed regulations. This move aims to boost the U.S.'s competitiveness in the next-generation auto industry."
2026-01-02 17:08:48,These Stocks Drove the Market’s Gains in 2025,Morningstar,1.0,0.352731,https://www.morningstar.com/markets/which-stocks-drove-markets-gains-2025,"In 2025, technology and communication-services stocks, particularly those related to AI like Nvidia and Alphabet, significantly fueled market gains, pushing the Morningstar US Market Index up by 17.4%. These sectors accounted for nearly 60% of the market's overall growth. Conversely, consumer defensive and real estate sectors lagged, adding minimal points to the market return due to factors like sluggish consumer spending and tariff impacts."
2026-01-02 14:01:57,Google stock’s best year since 2009 sets up a tougher 2026 test for Alphabet’s AI spending,ts2.tech,0.585126,0.187491,https://ts2.tech/en/google-stocks-best-year-since-2009-sets-up-a-tougher-2026-test-for-alphabets-ai-spending/,"Alphabet (GOOGL) experienced its best annual stock performance since 2009 in 2025, driven by investor enthusiasm for its AI initiatives. However, Wall Street anticipates a sharp slowdown in 2026 earnings growth as increased capital spending on AI infrastructure puts pressure on Google Cloud to perform and the core search business to adapt. Despite rising investment costs, some investors remain bullish on Alphabet's long-term prospects."
2026-03-27 17:30:59,Why Are Adobe Shares Sliding On Friday?,Benzinga,0.551097,-0.26198,https://www.benzinga.com/trading-ideas/movers/26/03/51518086/why-are-adobe-shares-sliding-on-friday,"Adobe (ADBE) shares are falling on Friday following a downgrade from William Blair analyst Arjun Bhatia due to growing concerns about the software sector and potential AI-driven disruption to traditional SaaS models. The stock is also facing technical headwinds, trading significantly below its moving averages, and is near its 52-week low. Furthermore, Google's Stitch redesign poses a competitive threat, especially after its recent unveiling caused a dip in Adobe shares on March 18."
2026-03-27 09:37:44,Alphabet Inc. $GOOGL Shares Acquired by Inspirion Wealth Advisors LLC,MarketBeat,0.571526,-0.050579,https://www.marketbeat.com/instant-alerts/filing-alphabet-inc-googl-shares-acquired-by-inspirion-wealth-advisors-llc-2026-03-27/,"Inspirion Wealth Advisors LLC significantly increased its stake in Alphabet Inc. (NASDAQ:GOOGL) by 109.3% in the fourth quarter, reaching a total of 3,817 shares valued at $1.195 million. This coincides with Alphabet's strong Q4 earnings, which surpassed analyst expectations, and a consensus ""Moderate Buy"" rating with an average price target of $367.18. Despite positive AI momentum and analyst upgrades, the company faces near-term challenges from regulatory pressures, a YouTube legal verdict, and technical selling pressure."
2026-03-25 21:05:29,SLB and Baker Hughes Advance AI-Enabled Power Optimization,Society of Petroleum Engineers (SPE),0.804966,0.368313,https://jpt.spe.org/slb-and-baker-hughes-advance-ai-enabled-power-optimization,"SLB and Baker Hughes are partnering with technology giants NVIDIA and Google Cloud, respectively, to develop AI-enabled power optimization and sustainability solutions for the data center sector. SLB's collaboration with NVIDIA focuses on designing and deploying AI infrastructure, modular data center components, and an AI Factory for Energy. Meanwhile, Baker Hughes will work with Google Cloud to leverage AI for optimizing power generation, management, and consumption in data centers, building on its expertise in turbomachinery and power systems."
2026-03-25 18:38:59,Memory Stocks Slide As Google's New AI Efficiency Breakthrough May Slash Data Storage Needs,Benzinga,0.62783,-0.058581,https://www.benzinga.com/trading-ideas/movers/26/03/51466825/memory-stocks-slide-as-googles-new-ai-efficiency-breakthrough-may-slash-data-storage-needs,"Shares of memory and storage companies like SanDisk, Western Digital, and Micron Technology saw declines following Google's announcement of ""TurboQuant."" This new set of advanced quantization algorithms significantly compresses large language models (LLMs) by reducing key-value memory size by at least 6x without sacrificing accuracy. The breakthrough could lead to reduced data storage needs for AI applications."
