Date,Close,High,Low,Open,Volume
2020-04-03,177.09376525878906,180.66713664284723,175.08495593438872,179.19915776414615,47487600
2020-04-06,189.7550506591797,190.88500315636537,182.714572873169,183.96041339985334,64763500
2020-04-07,189.67779541015625,195.72354331489208,189.29149213713953,195.44346091590847,69904500
2020-04-08,193.70509338378906,194.2845483290108,189.4556834361989,191.36790980752508,45940400
2020-04-09,193.9851531982422,196.26437792469775,192.21778695074894,195.42416018310405,68252600
2020-04-13,196.0808563232422,196.4575071371494,191.94734979340546,193.15456582984197,42853900
2020-04-14,204.60865783691406,205.22675193563566,199.35485062951767,200.1371243614047,63959600
2020-04-15,202.26174926757812,204.57961235777697,200.03081691144556,201.3442682416021,47036000
2020-04-16,205.95106506347656,207.0327259650037,202.5129159951729,204.44446174019964,64657400
2020-04-17,207.92127990722656,209.09952424373802,204.82115657291044,208.77116493330766,62863200
2020-04-20,205.45855712890625,208.49108381558787,205.29437748424988,206.05733168430316,38249100
2020-04-21,197.877197265625,203.932597119078,196.66032878826886,203.3917666846975,72932800
2020-04-22,203.7490997314453,205.08187098267123,201.19945999205072,201.9431092141937,40089100
2020-04-23,203.31451416015625,207.10034214349758,202.90889131228306,204.54103512758533,43278500
2020-04-24,206.52088928222656,206.9651513344646,202.3294381106388,203.7491255617453,34231900
2020-04-27,208.1820526123047,209.2154369303088,207.15833545693548,208.79049439716798,36451700
2020-04-28,204.2609405517578,209.88174513834431,203.98087293294373,209.88174513834431,46862800
2020-04-29,211.5042724609375,212.44107338546277,207.77638834773578,208.79045287533302,48716400
2020-04-30,211.41734313964844,212.50865646516988,209.91073981579444,212.42174044337628,43359500
2020-05-01,205.45855712890625,209.25403801564116,204.43482535127114,207.1583123352251,48795000
2020-05-04,207.85360717773438,208.07573077839098,203.89393310825727,204.2223070347106,32841000
2020-05-05,210.2101287841797,212.60524140247904,209.42785510852917,209.9976575714691,37783100
2020-05-06,211.5042724609375,213.47444276143392,210.64473513948423,211.89057573977195,36455200
2020-05-07,214.22775268554688,215.10659482861956,212.8756617777369,214.22775268554688,38624800
2020-05-08,217.16368103027344,217.29888863818735,214.86513695921292,215.89852096982384,31852300
2020-05-11,219.1049041748047,220.128621142671,215.60881081589696,215.84060162875423,35714100
2020-05-12,214.51751708984375,220.29285086058465,214.4885450756534,219.70372867783442,41054100
2020-05-13,211.83262634277344,216.92225369989848,209.29265361270694,215.03899947448033,65521200
2020-05-14,214.2374267578125,214.27605119381286,208.59731596406328,210.50954238140108,51549300
2020-05-15,215.6281280517578,215.68607207020938,210.85720737890446,211.2918022538168,55747200
2020-05-18,219.6457061767578,220.85292220614207,217.75279969513662,218.5350733243338,42398100
2020-05-19,219.09523010253906,221.98289623923193,218.95037006914487,219.90647576259502,36237300
2020-05-20,223.47019958496094,223.8275308564137,221.62556973619712,221.64488932118866,37417000
2020-05-21,221.03643798828125,224.19451948437748,220.52457953233147,223.51848140449331,43642900
2020-05-22,221.79942321777344,222.00222728846185,219.71335007153678,220.63083144321163,28762400
2020-05-26,221.2006072998047,225.57557187225572,220.9591640870647,225.37275308948347,33055300
2020-05-27,222.40786743164062,222.5237702175574,216.27521745482932,220.862639405846,55665600
2020-05-28,222.1180877685547,225.47897292870002,221.2102589942772,221.2682030034399,42784300
2020-05-29,225.372802734375,225.60459357481275,220.93024074674634,222.4948031307782,50691800
2020-06-01,226.04884338378906,226.42549429325658,224.0593532088309,224.50361530702403,25776000
2020-06-02,227.5651092529297,227.6230532782803,224.06900077932698,226.47378098706872,33383400
2020-06-03,228.5887908935547,229.34209257938343,227.29465873959504,228.17350088204523,37228700
2020-06-04,226.98562622070312,229.65115438627208,225.68182678063243,228.24113406363668,38716100
2020-06-05,231.48609924316406,232.07522127740808,227.56506378818975,228.13486623900093,47365600
2020-06-08,233.28248596191406,233.4080264390754,229.76707260737527,231.34127267684426,32937300
2020-06-09,234.97251892089844,235.8223889413976,232.23938020140483,232.42287938635488,35046300
2020-06-10,237.7926788330078,239.33792184989457,236.14120017450344,236.6627259557278,58084400
2020-06-11,226.0101776123047,235.25261657892358,225.95223359629532,233.8715684089503,72919400
2020-06-12,227.80654907226562,232.17183259666058,223.80824928171896,230.90667227387442,72034800
2020-06-15,230.57827758789062,231.25431566388,223.54745212455148,224.48425300718134,45307400
2020-06-16,234.5379638671875,236.02524770750486,230.9163153500075,235.43612562591588,48890100
2020-06-17,235.28163146972656,237.09728956374468,234.422094023702,236.0349332881963,34749300
2020-06-18,235.91903686523438,236.16048012506343,234.19030960893033,234.9629162511616,30578600
2020-06-19,235.88043212890625,238.54596063489907,234.15168999168736,238.28519776627672,49422100
2020-06-22,238.709228515625,238.83498729885778,235.4585876156787,235.74881154787224,24068700
2020-06-23,240.74085998535156,242.97567274457055,239.7540691320293,240.30550934275024,32767400
2020-06-24,235.77780151367188,241.21487860014443,234.27824752813524,239.98621007187438,46032400
2020-06-25,238.02232360839844,238.322231504084,233.29148174788256,235.86490879175327,36940800
2020-06-26,232.40138244628906,237.95456371796433,231.87894996050554,237.78041463531986,52824600
2020-06-29,234.9361572265625,234.94584119916232,229.6248525472428,232.15957332663174,34377800
2020-06-30,239.54124450683594,240.08301554399114,234.68462883150275,234.8684471681419,38909200
2020-07-01,242.33717346191406,243.33364832067178,239.03815701076502,239.5799280296446,34689200
2020-07-02,243.98184204101562,245.99414496054678,243.51746898640175,244.78482936675303,31956500
2020-07-06,249.98007202148438,250.5024751273051,247.11639129095556,247.13574447485212,34589000
2020-07-07,248.25796508789062,252.38900604586954,247.95805718300818,249.72851174337242,36578200
2020-07-08,251.52798461914062,251.55700701531356,248.15158459234928,249.58342502693569,30426300
2020-07-09,253.64669799804688,254.31424260771402,249.2448007829336,253.44354123293766,40312900
2020-07-10,255.37841796875,255.6299650471857,250.8217253109411,253.50155790112584,32885300
2020-07-13,250.12513732910156,261.00897620103956,249.30279693169464,258.22270872593504,64108100
2020-07-14,251.8955841064453,252.3019271171447,244.53327053443735,247.60009296158933,72230500
2020-07-15,252.4083709716797,254.14011934814144,249.10935414724085,253.30809478080585,54523900
2020-07-16,250.68626403808594,251.32478617232272,247.3001805992664,249.62206048102462,47594100
2020-07-17,250.97653198242188,251.83754932542152,248.79976393164944,251.1409823682021,35137900
2020-07-20,258.09698486328125,258.725823103141,250.36704859363883,251.61504110027627,40610100
2020-07-21,255.40750122070312,259.6739709771937,254.56582213375208,259.66428700285246,43243800
2020-07-22,256.30712890625,257.2359043650542,254.00458772495364,255.90081547678648,29865500
2020-07-23,249.61244201660156,256.60710506156016,248.1999400352882,255.90088359521226,51363500
2020-07-24,247.24215698242188,248.56756217519336,243.1401678560097,245.77162505827138,54054500
2020-07-27,251.65367126464844,252.0406462547425,248.10313808705376,248.88677203739152,36445700
2020-07-28,248.45144653320312,251.3925100729386,248.1612226252013,250.87007751423138,31302400
2020-07-29,251.31512451171875,252.1761714056983,249.51567703900358,249.98971931474543,27556900
2020-07-30,252.6308135986328,253.1919229192316,248.19986571034966,249.35113626270052,41774500
2020-07-31,257.1392822265625,257.29407821401765,252.36006313952907,257.2553718360749,53686300
2020-08-03,260.61236572265625,261.35729353762446,259.1515029631688,259.2772765152185,32081600
2020-08-04,261.5797424316406,261.6764935608913,259.36426852628824,260.10919612534934,24911300
2020-08-05,262.2279357910156,262.6826395559107,261.17341632015274,262.06348543256706,21612100
2020-08-06,265.7011413574219,266.03007163056697,261.395966366894,262.03448849393004,28048200
2020-08-07,262.63427734375,265.93329323320563,260.4865320544736,265.15931367779456,44969400
2020-08-10,261.5121154785156,263.1277743454048,257.99060329263017,262.9245880376013,35088400
2020-08-11,256.5587463378906,261.6378722697648,256.0169752671021,260.3511438334103,43104300
2020-08-12,263.0116271972656,263.9597412930272,258.6677748421069,258.71616518255945,38773400
2020-08-13,263.6114501953125,265.88493979878893,262.67302015211345,263.7855845478306,31895700
2020-08-14,263.3017883300781,264.5014195831263,261.9086548316943,264.2305341542349,30799500
2020-08-17,266.3590087890625,266.86207342141137,263.3405619463594,265.01423574638244,24803000
2020-08-18,268.9227600097656,269.3968022647834,265.96235786037397,267.4232205147262,23529500
2020-08-19,267.1136169433594,269.9385614536909,266.6008683458078,268.8840418671907,31999400
2020-08-20,270.8189697265625,271.30269597386075,265.9139784931246,266.32032153155023,27723400
2020-08-21,272.69580078125,273.15050458608215,270.3642369755621,271.0124430683541,34748900
2020-08-24,274.3985290527344,276.6913865178221,272.1153260351239,275.96579721751306,36418500
2020-08-25,276.5559387207031,276.7494410173016,273.1795391724885,273.6245590254986,34866600
2020-08-26,282.4574279785156,282.7089750801637,276.5269393383919,277.8039837438717,42216700
2020-08-27,281.5770263671875,284.2859109668264,279.31319115616515,283.4345480790629,49482700
2020-08-28,283.0088806152344,283.6377188397529,281.4609506995913,282.8153783041637,28021000
2020-08-31,285.28240966796875,287.0915411935552,283.0959574801818,283.5313229328272,36321000
2020-09-01,290.1583251953125,290.27441475478145,286.1627422192065,287.9331670497137,36216200
2020-09-02,292.90594482421875,293.6218502667113,287.2270030536581,293.4090095237664,50836800
2020-09-03,278.05548095703125,288.90061343624177,275.15312393311996,288.3975488475127,110083300
2020-09-04,274.3502197265625,279.5260975019284,262.95362826556686,276.2657866737444,123959000
2020-09-08,261.1638488769531,269.16467148600805,260.8832793478771,263.3599557149268,99568600
2020-09-09,268.8356628417969,270.9350179006585,264.11449066571544,266.66857903282937,64837900
2020-09-10,263.47601318359375,273.01511029037704,261.75394889576535,271.7961106792902,69667500
2020-09-11,261.64752197265625,266.2622594432859,258.21304812541126,265.2270782554954,71809000
2020-09-14,266.2042541503906,268.19720409347343,264.0758466751033,265.4302743756,38525200
2020-09-15,269.97723388671875,271.32200674248566,266.17515347001654,269.94821149896916,41849900
2020-09-16,265.6720886230469,271.23493990693896,265.32381993172135,270.77058165183826,42321000
2020-09-17,261.5216979980469,265.46889016761645,258.00015765399314,258.84183638339624,81570800
2020-09-18,258.18402099609375,263.2341237780638,254.0820322085779,262.9438998635904,86251100
2020-09-21,258.80322265625,258.938650650959,251.6440506769576,253.92725388489964,57168600
2020-09-22,263.6114501953125,264.1918980370395,257.8647803677729,261.20247355492427,41128900
2020-09-23,255.56222534179688,263.47597875836726,254.68184012929768,263.29216044343315,48837300
2020-09-24,256.7522888183594,259.9545549257633,252.71799802790744,252.8824779792669,70631700
2020-09-25,262.7214050292969,263.53406160645886,255.69769025797873,257.25530417410357,55242400
2020-09-28,268.1778259277344,268.1778259277344,262.82781516039273,267.5779806195505,58438300
2020-09-29,266.968505859375,268.6712020340795,266.40736692479027,267.61668244413096,27050000
2020-09-30,268.7969970703125,271.94121767207247,266.89111447842726,267.16199999545273,49380800
2020-10-01,273.0634765625,273.67297638022234,270.73191242253915,272.6184566655552,50020200
2020-10-02,265.3818664550781,273.0537569293741,264.5401875878808,267.03620179833854,75497400
2020-10-05,271.0414733886719,271.36071969641114,267.2393924658892,267.3457980603673,28184600
2020-10-06,266.2042541503906,272.03799199821265,265.3238687639904,270.35463396504605,49704200
2020-10-07,270.80926513671875,271.60255359693394,268.2551768522164,268.84533811728915,27539700
2020-10-08,272.250732421875,273.27622941180806,271.18652907638824,273.20850067066374,25443300
2020-10-09,276.4107971191406,276.48820983920064,273.5084401272333,273.8954151546272,30201100
2020-10-12,284.9437255859375,287.7783537475403,280.0484192953146,281.0932547917312,79370700
2020-10-13,284.93408203125,287.3817355237458,283.56997054778395,286.74324289466466,64240000
2020-10-14,282.55419921875,286.7045790694134,280.81279637790465,285.73712648576384,36949100
2020-10-15,280.65802001953125,281.2481519650968,277.21389094318516,277.85241323589815,42514200
2020-10-16,279.1196594238281,283.7247120792235,278.7713612595345,282.3025560839823,40570700
2020-10-19,274.5629577636719,281.9930140510619,273.5858509928782,281.03521617369915,36756800
2020-10-20,275.1531982421875,278.25871282965664,273.7407257092302,275.29831022771214,32195400
2020-10-21,274.9403076171875,277.9684384378739,274.45658140364156,275.40469541094143,29306100
2020-10-22,274.9306945800781,276.672127112734,271.68006775802075,275.7723736849211,32196200
2020-10-23,275.4723815917969,275.63686148730443,272.60873081007645,275.5014039822625,24658500
2020-10-26,271.34136962890625,276.0141516237852,267.7521295734599,273.18920721373644,38421100
2020-10-27,273.4601745605469,274.28251523285076,271.0802492651122,272.3379259232388,30559100
2020-10-28,262.7987976074219,269.5709647553025,262.5472505227228,268.9614649881043,53413500
2020-10-29,267.3941955566406,270.3932745179459,263.6501297925138,264.1145175950573,43246300
2020-10-30,260.61236572265625,266.281623343448,258.3775527534436,265.4109219764302,65838300
2020-11-02,261.19281005859375,264.61757030336025,258.28076888148894,263.00194132601484,39987400
2020-11-03,265.7108154296875,267.8102002838302,262.0248238747027,263.10836591904484,43604100
2020-11-04,277.57183837890625,279.3712861039812,272.69586884350133,274.359888552646,75728200
2020-11-05,284.8083190917969,285.7757714676253,282.4960937419013,283.97629469594665,52054200
2020-11-06,285.0211486816406,285.7467380103803,280.3967272074456,284.15044739201414,40959800
2020-11-09,279.1970520019531,289.40369134582903,278.7423482460267,287.96216736147034,86537100
2020-11-10,274.1954040527344,277.32994074510486,271.4865193034532,275.88844594941975,69024900
2020-11-11,280.3290710449219,280.80311336475245,274.156718816236,276.7204622668145,36102900
2020-11-12,279.0132141113281,282.56377674646967,277.90064996411223,281.29641670126654,34414600
2020-11-13,281.4609375,282.0801212469425,278.50053533015796,280.7256937058883,24806900
2020-11-16,283.6570129394531,283.9569207765208,280.55146994380436,281.1609695882644,30168400
2020-11-17,282.7574157714844,284.1795725510759,282.1188933883702,283.85064214601397,21843500
2020-11-18,280.6676025390625,283.8215068214784,280.5805353656853,282.205877841639,28069600
2020-11-19,282.8638000488281,283.1733919711904,279.44869350185394,280.11623816756173,22718400
2020-11-20,280.9288024902344,283.53125152891744,280.8417353264938,282.78629436530196,25907300
2020-11-23,280.9385070800781,283.2216804949819,278.6940105023637,281.9252978658632,26875600
2020-11-24,284.88568115234375,285.3790912751818,280.20321554369457,282.0026626575489,24516800
2020-11-25,286.6368408203125,287.275363047315,285.0018436460883,285.94995777545125,23326800
2020-11-27,289.2779235839844,290.40017180232275,288.2040361712454,288.6006951597849,17163100
2020-11-30,289.8681335449219,290.20674784840224,285.1856666612284,289.5972480069994,27836200
2020-12-01,293.5830993652344,295.20844184859413,291.0386948091692,292.14160472558103,27521300
2020-12-02,293.9604797363281,294.2990940527124,290.57439562110636,292.41254966450754,23620000
2020-12-03,294.3764343261719,295.92436417217755,293.6508449787604,294.27002872688513,22828700
2020-12-04,295.5760803222656,295.7212218182587,293.7476104304128,294.4248094730478,19332100
2020-12-07,297.2497253417969,297.61736194731213,295.5760221993255,295.75984050208314,20851000
2020-12-08,298.25592041015625,298.5558283040243,295.02463280980265,296.775719360828,18341500
2020-12-09,291.50311279296875,298.3236411639306,290.43890912941885,298.0431011941414,48839300
2020-12-10,292.6737060546875,293.7959544453921,288.3878987649172,289.4714407906166,27519500
2020-12-11,292.0254821777344,292.15125570041494,288.75548868524487,291.0193235205912,26760400
2020-12-14,294.14422607421875,296.0887852563194,293.1477513166906,293.21545054394346,28804800
2020-12-15,297.2884521484375,297.2884521484375,294.21193112054425,296.3983829620619,25709000
2020-12-16,298.9234924316406,299.7071266165933,296.64028911520074,297.6851543780097,25461900
2020-12-17,300.87762451171875,301.10980358446716,299.3200406915361,300.51967193313254,23730500
2020-12-18,299.9682922363281,301.8258138564122,297.5980220193117,301.5162219990141,41173400
2020-12-21,299.4071044921875,299.9401559146954,294.250921921989,297.02283664353786,37095500
2020-12-22,300.2213134765625,301.14204159379784,297.4009199650788,300.3085384827537,26176300
2020-12-23,298.7093200683594,300.62832914085624,298.5542435491377,300.2697276304532,21201300
2020-12-24,300.0274658203125,300.47329238593636,298.89351114155653,298.97103462251584,16785000
2020-12-28,303.0513610839844,303.52629219348063,300.8027957974349,302.6346095530133,22497700
2020-12-29,303.32275390625,304.99949122408196,302.4213992691314,304.3791850795112,25871900
2020-12-30,303.3323059082031,304.805487908631,302.7120000694059,304.4856630452458,18138100
2020-12-31,304.0786437988281,304.5632467395812,302.15963508324836,303.2354394143684,21611400
2021-01-04,299.7851257324219,305.5809886517187,295.7822999497379,305.4065090807964,45305900
2021-01-05,302.2565612792969,302.5279673471048,298.7965184263941,298.7965184263941,29323400
2021-01-06,298.0696105957031,302.27596093217613,296.5576516573513,297.54623109309864,52809600
2021-01-07,305.2805480957031,306.1140511445384,300.6961925936404,300.7252675935341,30394800
2021-01-08,309.20587158203125,309.55480121569246,305.3774950283903,307.56791063832617,33955800
2021-01-11,304.73779296875,307.4224832000481,304.0884118717858,306.249752108564,32746400
2021-01-12,304.253173828125,305.86202982994007,301.6169322098256,304.7765237949617,29266800
2021-01-13,306.307861328125,307.10258773993957,303.91392141249594,304.5148243780855,22898400
2021-01-14,304.6699523925781,307.75202078235884,304.19502127671944,306.7537396531724,23500100
2021-01-15,302.2565612792969,305.4161822238818,301.0159788139452,304.4566777731747,35118700
2021-01-19,306.66644287109375,307.17041929190594,303.47774717307743,304.57295457432366,24537000
2021-01-20,313.79986572265625,314.73999687481995,306.76344916000136,310.28167223024104,30728100
2021-01-21,316.3100891113281,317.0563967393444,313.7611019095679,315.1373580102177,25130600
2021-01-22,315.3990478515625,316.40700085407076,314.71089025556637,315.2730463317936,21609400
2021-01-25,318.0061950683594,320.1481618170667,311.5125320309247,318.7815776847995,39080600
2021-01-26,318.47137451171875,319.6053584694792,317.1435671137224,318.72337751962505,25498100
2021-01-27,309.5934143066406,316.2227787014921,307.58715111959197,316.21310675600824,55264000
2021-01-28,311.4252624511719,316.36821870377565,310.17497849589614,310.79528450025003,42836300
2021-01-29,304.8734130859375,310.8437251270906,303.1288542538718,309.73881617638284,55259000
2021-02-01,312.49139404296875,313.5768999697579,306.28845232791394,308.31408920519334,35646000
2021-02-02,317.5894470214844,318.742804644067,315.29243330220027,315.4572113530647,33930800
2021-02-03,316.3294982910156,320.03187276941543,316.27134829002074,319.6635697112321,24824500
2021-02-04,320.070556640625,320.15778162492757,316.40695941082924,317.725094855198,22350900
2021-02-05,321.15606689453125,322.16404935647347,319.3824330340786,321.02039344305297,22732000
2021-02-08,323.3077697753906,323.46284630646204,321.20460902422445,322.84256976000034,20462800
2021-02-09,323.2398986816406,324.4998546355321,322.36758962975637,322.37729115454334,17597500
2021-02-10,322.5033264160156,325.1298666378689,319.3534066238231,324.6743385925005,28068700
2021-02-11,324.2769470214844,324.68402657650824,321.8927084215484,324.03464550911383,22046100
2021-02-12,326.08935546875,326.25410391756105,322.38698162108943,323.43371103849927,20346800
2021-02-16,325.2074279785156,327.7758182666713,324.04436880985253,326.8841356269865,27080800
2021-02-17,323.6470031738281,325.3237404644689,320.002808155959,322.2319704739825,31360300
2021-02-18,322.2319641113281,323.5888467814989,318.2485115255932,320.0609518390549,32236200
2021-02-19,320.8265686035156,323.705111688559,319.8089141056786,323.5791101725215,39157700
2021-02-22,312.5108337402344,317.70576451299615,312.3073087302855,316.4458083476422,47256900
2021-02-23,311.5803527832031,313.2473882716304,301.42306334466684,307.2382992934385,97241900
2021-02-24,314.1487121582031,314.4588651439499,306.23028696468884,308.92467817550323,58206300
2021-02-25,303.19671630859375,314.05183592483166,301.6556822348677,311.4931473273802,110182600
2021-02-26,304.4664001464844,309.2833257791753,301.30677898554114,306.12373419605314,104739800
2021-03-01,313.6253662109375,313.96459422673973,308.1493582226554,309.43838918932,49164500
2021-03-02,308.5951843261719,314.34256880454757,308.3432108792186,314.26504533882803,48370000
2021-03-03,299.6397399902344,308.4401177344463,299.58158999462006,307.4999867015868,86301100
2021-03-04,294.7356262207031,302.4311262035778,290.8684731744773,299.27150436710195,139131600
2021-03-05,299.1744384765625,300.0757927695711,288.29027630033136,297.3523268447944,121523700
2021-03-08,290.70367431640625,300.51203512418215,290.28692280023205,298.6317729607191,88409800
2021-03-09,302.1693420410156,304.06900708490633,297.4687166333101,298.0017680987758,80391100
2021-03-10,301.30682373046875,306.7246827589697,300.6186956204412,306.4242312076411,76798100
2021-03-11,308.2462463378906,310.01017856024106,305.1544772146569,306.0461300606246,53484800
2021-03-12,305.7457580566406,308.43047797154094,301.8011115793504,304.19502233019176,69315600
2021-03-15,309.011962890625,309.1767409392232,304.4276370409877,306.06559768993225,42955700
2021-03-16,310.70806884765625,314.2166196657638,309.2736627941333,311.2023734081659,54925900
2021-03-17,311.98736572265625,313.87732901291446,305.9589039878514,307.6744173190195,78258700
2021-03-18,302.4310302734375,308.0911894225714,301.97550229781075,307.1122819567353,82718100
2021-03-19,303.4972229003906,305.03825710361554,300.12437490714007,302.2663121807997,78446200
2021-03-22,309.1887512207031,311.25577228121415,305.88929446999254,305.88929446999254,56194800
2021-03-23,307.83984375,311.5954035747394,307.0246860032887,310.2756328272574,53455400
2021-03-24,302.6480407714844,309.24698344349076,302.50248217460296,309.20815794592994,64803700
2021-03-25,302.1239318847656,303.6378297955095,298.3004652722226,300.8041614179257,78729000
2021-03-26,306.6558532714844,306.97608211289656,300.51304493757567,301.91043676981775,63519600
2021-03-29,306.5685729980469,307.61662446358594,303.2302911223653,306.12218344931506,54608000
2021-03-30,305.0256652832031,305.5982156181683,302.327870178271,304.60838735325643,44635700
2021-03-31,309.69342041015625,311.2557989477642,306.4715847685918,306.81124129008373,55032500
2021-04-01,314.9725036621094,315.10834847578525,313.26453721468926,313.51685851674256,55685600
2021-04-05,321.2608337402344,322.02748171837067,317.21415729922177,317.4567647947559,42172500
2021-04-06,321.0377502441406,322.9882949558998,320.26138825609326,320.9504150733319,33537200
2021-04-07,321.81402587890625,322.6486111670162,319.6305581481029,320.5621627543296,32046400
2021-04-08,325.1717224121094,325.35610651026633,323.8713495618083,324.6671093943618,29940800
2021-04-09,327.1416320800781,327.34544369614696,323.0755577628153,323.81306439968864,36664900
2021-04-12,326.7147521972656,327.13203008038977,324.83211521854287,326.10337642585216,25833000
2021-04-13,330.5284423828125,330.99422979874663,328.02471656148083,328.23821233217444,30374000
2021-04-14,326.5594482421875,330.8972720510287,325.74429049749494,330.7711113973542,42564300
2021-04-15,331.50860595703125,331.8968016818083,326.278003217147,329.43190098231787,36342800
2021-04-16,331.8968200683594,332.11031588274375,330.02386739959644,332.0326648874163,40860100
2021-04-19,328.8594055175781,331.4795494048191,326.93794297479013,330.32476466150547,34533100
2021-04-20,326.46246337890625,329.48048742067397,324.4924910388118,328.1995419220028,38081800
2021-04-21,329.25726318359375,329.4416472865148,324.0945675321625,325.1814445924262,36598100
2021-04-22,325.2881774902344,329.8491811367838,324.13336331578,328.8690668857819,45936100
2021-04-23,329.3834533691406,330.69351053391887,325.9190102176331,325.9190102176331,36381900
2021-04-26,331.52813720703125,331.8095703109679,328.8788515941866,329.62610194444756,30812000
2021-04-27,330.09185791015625,332.0327184942115,329.14085517768586,331.81922264535814,33187200
2021-04-28,328.9757385253906,330.77103977666064,328.32553745692206,329.76178438097213,33615700
2021-04-29,330.15966796875,332.66336412713804,326.937833532547,332.2460863699352,37708900
2021-04-30,327.9956970214844,330.19859255069343,327.0834902553694,327.7142935836678,38263400
2021-05-03,326.2489318847656,329.9462685840966,325.80254228422564,329.1990479902384,29729700
2021-05-04,320.3778381347656,324.01695135854357,316.5640249687101,323.6966928103507,65147000
2021-05-05,319.3006591796875,323.28914284720815,318.52432683741387,322.42544572238677,46219300
2021-05-06,321.7073059082031,321.8625782847719,316.79693175802845,319.0386230172309,46814300
2021-05-07,324.3177490234375,326.69528498289117,321.8819600124243,324.48270555479803,53324500
2021-05-10,316.1273193359375,323.1143982975088,315.92350769169906,322.9397279868842,60700500
2021-05-11,315.69061279296875,316.4863725809252,309.5865991846512,310.2465141587872,71963600
2021-05-12,307.5196228027344,313.08016857875674,306.65592575857204,310.76085593256374,91164900
2021-05-13,309.89715576171875,312.866669605649,307.5293038630691,310.46002182452656,69877800
2021-05-14,316.7386779785156,317.6508549788167,312.5560972204388,313.0607397997424,44370000
2021-05-17,314.8172607421875,316.7192956178089,311.9447956788766,315.03075656808636,39395000
2021-05-18,312.6920166015625,316.99101523005356,312.42029733332146,315.76829333055844,36528500
2021-05-19,313.05108642578125,313.3519174298694,306.9470719461978,307.29644223121727,66319100
2021-05-20,319.1065368652344,319.96052014548815,314.3126391150429,314.53581909839676,46466100
2021-05-21,317.3403015136719,321.0764330594228,316.9812471772893,320.6591552963388,50330400
2021-05-24,322.6777648925781,323.8034675119384,317.2336359084848,319.6305997585061,32475800
2021-05-25,323.1240539550781,324.90964146681205,321.9498420357386,324.1915327977373,31280300
2021-05-26,324.24981689453125,324.7156043929025,323.10471647413306,323.79371355892494,25444900
2021-05-27,323.0367126464844,324.6476298482482,322.83293065796823,323.8033605663678,27931700
2021-05-28,324.0557556152344,325.64727538816913,323.73552667394773,324.24013972588364,29927400
2021-06-01,322.9786071777344,325.8607862429022,321.62969489713447,325.3852552757995,31145400
2021-06-02,323.6093444824219,324.45361397756494,321.891693772137,323.39584866403806,22047900
2021-06-03,320.241943359375,322.0469291884791,318.5728023487736,320.7756680855697,37057800
2021-06-04,325.67633056640625,326.12272009697,321.96928066931946,322.03721788043293,38736500
2021-06-07,326.6468200683594,326.7050435127181,324.4536382802467,325.1426354486117,32611900
2021-06-08,326.80206298828125,329.25725005460623,325.12320818685185,328.39355301587057,27282800
2021-06-09,326.8796691894531,328.9466900273445,326.6952851024466,328.17035779849925,21485300
2021-06-10,330.28582763671875,330.39256071213316,326.7728760813205,327.21926555016654,33702100
2021-06-11,331.14959716796875,331.1593109469786,329.6454421804354,330.29561384013823,21222800
2021-06-14,334.32281494140625,334.3324991021083,330.3925560700677,331.5764817348543,27827700
2021-06-15,332.139404296875,334.284046453268,331.42126590878416,333.9735017241031,35963800
2021-06-16,330.92633056640625,333.6726343260986,327.4716022735315,332.60515544567727,55399500
2021-06-17,335.1282653808594,336.13752079099703,329.8685517932755,329.9170614432595,59722700
2021-06-18,332.49853515625,334.6140660817932,331.7512848788848,333.4689654467027,55414900
2021-06-21,334.5650939941406,334.8857241584454,330.4748505082584,332.68999755887523,32992600
2021-06-22,337.6836242675781,338.13053159102276,334.05971080589035,334.3608907031603,28941600
2021-06-23,337.8488464355469,338.9953049558193,337.0133225753747,337.6254075494483,27188500
2021-06-24,339.9377136230469,341.46303387726124,339.2381921776648,339.78226111856935,32581600
2021-06-25,339.5198974609375,340.7440673140973,338.9175375806625,340.5011783527263,28682800
2021-06-28,343.6490478515625,343.78507991676616,340.7441050397931,340.80239602501337,39130300
2021-06-29,344.8925476074219,344.92169309236914,342.63856092260255,343.47408459077593,29426000
2021-06-30,344.3485107421875,345.1257731621185,343.76557133962166,344.73712712738813,32724000
2021-07-01,344.48455810546875,344.9897564637457,342.648303353147,343.99878018998015,29290000
2021-07-02,348.43878173828125,348.7593821022505,346.1458946628319,346.37905856390046,32727200
2021-07-06,349.9447021484375,350.22646164532887,346.349933662475,349.041162328563,38842400
2021-07-07,350.68304443359375,352.4415578919642,348.7302079739393,352.14037799464285,35265200
2021-07-08,348.56512451171875,349.4200985088241,344.33887976392447,345.6213111100473,50890000
2021-07-09,350.7413635253906,351.2174163723197,347.39920925212596,347.98214865318926,35184500
2021-07-12,352.11126708984375,352.56789950313225,350.56646727183477,352.140412577946,25717700
2021-07-13,352.11126708984375,355.07450042851514,351.2562932394713,351.73234609498456,39723000
2021-07-14,352.7427673339844,355.0939157390003,351.91693898364883,354.45268536048786,35336400
2021-07-15,350.2652893066406,352.85935636038874,348.26388671366414,352.6553379425304,53391600
2021-07-16,347.4283752441406,352.1015564750905,347.0785997230479,351.12027558621315,47262000
2021-07-19,344.5816650390625,345.0771382727002,342.0264688643934,343.97927561366504,64404600
2021-07-20,348.5845642089844,350.0321730725412,343.73647990399576,345.5144438789271,42183700
2021-07-21,351.2757263183594,351.2757263183594,347.9335718645994,348.1570403811089,30259900
2021-07-22,353.5978088378906,353.60750423595323,351.47979427948155,351.47979427948155,30252200
2021-07-23,357.72686767578125,358.0085975181968,353.5686099185459,354.91905710150735,31960800
2021-07-26,358.00860595703125,358.3972520169587,356.17238081685986,357.0370501062758,28438100
2021-07-27,354.06402587890625,357.7462301719111,349.91549383976536,357.7462301719111,57933100
2021-07-28,355.4242858886719,356.998231370159,352.90795963703147,355.2008470048349,42066200
2021-07-29,356.0556640625,357.2215128523185,354.8606401446537,354.8606401446537,25672500
2021-07-30,354.2001037597656,354.78304316742987,352.10153968189235,352.13068516979905,36484600
2021-08-02,354.2292175292969,356.44436336044856,353.5199711877009,355.86142400498187,27334100
2021-08-03,356.3763732910156,356.4929552406913,351.7031923611625,354.8898941335919,35558500
2021-08-04,356.8912658691406,357.84340112520624,355.2299139305761,356.33747200644353,29602200
2021-08-05,359.15509033203125,359.38825426520106,356.99823500160903,357.70745184817855,21443900
2021-08-06,357.58111572265625,358.8635765497484,356.47355748073585,357.8920207079267,33332100
2021-08-09,358.2417297363281,358.766348445876,356.93984870786994,358.0376816997559,25960200
2021-08-10,356.4055480957031,359.0481812206712,355.2202487606175,358.75672632250746,35130800
2021-08-11,355.79339599609375,358.1639942187618,354.46236946318714,357.66852098541506,34249800
2021-08-12,357.0758972167969,357.43536811406886,353.93776135089763,355.28823812662705,25969200
2021-08-13,358.3291931152344,358.659518507022,356.930150485588,357.42565339803343,19336200
2021-08-16,358.484619140625,358.52346001947916,353.354806426924,357.21188359429476,34856900
2021-08-17,355.3270568847656,356.7066492975724,352.89816777113714,355.73509365212107,44793900
2021-08-18,351.9072265625,356.1917913024979,351.57690114042134,354.79274854455855,38541900
2021-08-19,353.6073913574219,355.27846828638013,349.7211686993354,349.97378265995934,48499400
2021-08-20,357.2702331542969,357.66857459932345,354.3652610843774,354.67616606335383,39486000
2021-08-23,362.61383056640625,363.30362697510054,358.30011986359386,358.30981526121445,34034700
2021-08-24,363.7213134765625,364.32367328454313,362.74003270254565,363.2063901262377,21732900
2021-08-25,364.13909912109375,364.71234313017925,363.225834304302,363.97395124012723,20441900
2021-08-26,361.8268127441406,363.96421764744815,361.3896007880284,363.2841463984758,29133300
2021-08-27,365.3438415527344,365.8490398813782,361.97254183101103,362.45831971800555,27104700
2021-08-30,369.44390869140625,369.9296867106609,366.11144894567093,366.13089904214496,27295700
2021-08-31,369.1426696777344,369.75472497853656,367.59786973187414,369.686738600358,29628200
2021-09-01,369.75469970703125,371.8241183407126,369.5506812873745,370.20163673041526,28138300
2021-09-02,369.57977294921875,371.43544784695985,368.3653283551102,371.10512247530545,25453400
2021-09-03,370.716552734375,371.11489416925747,368.41397023843336,368.4333906805509,24605400
2021-09-07,371.2411804199219,371.8921358655914,369.66726473429577,370.8234185329037,23970200
2021-09-08,369.94903564453125,371.06631894293287,367.68532355818826,371.06631894293287,32949200
2021-09-09,368.67626953125,371.2800318811056,368.43338058855016,370.17247372014936,29399000
2021-09-10,365.87823486328125,371.10521037835343,365.54790941338325,370.38626849619504,40249400
2021-09-13,365.6255798339844,368.63740873289976,363.57561133523944,368.20992181049735,48741800
2021-09-14,364.58599853515625,367.84068638433644,363.63386328299066,367.11201961520175,41826600
2021-09-15,367.29669189453125,367.64646743225006,362.7498174509155,365.04270476619996,34097900
2021-09-16,367.5493469238281,368.1225614042241,364.0420440057606,365.96570590448766,35193100
2021-09-17,363.19671630859375,367.1218103087527,362.1571740657108,367.07324437526984,60912300
2021-09-20,355.6919250488281,359.14476056928754,351.052446315012,357.40373906547455,76203200
2021-09-21,356.1296081542969,358.7168157950645,355.0013501820699,357.52046638119464,41927500
2021-09-22,359.45599365234375,360.91494318773044,355.9447730023296,357.04385306817227,46972900
2021-09-23,362.77264404296875,363.8036325830604,359.97145643124753,360.61339773246715,44652000
2021-09-24,363.1130676269531,363.53132237880186,360.1368129986181,360.5064182906499,36056800
2021-09-27,360.21453857421875,361.08990209736965,357.6662455631458,360.0686496007595,43338100
2021-09-28,350.021484375,360.1660409313434,349.5157258263751,355.66277441308364,97701600
2021-09-29,349.447509765625,353.4255743394461,348.82504021102085,351.2857999976475,58076600
2021-09-30,348.1636657714844,352.7544942625844,347.3272157221571,351.09130030893095,61384600
2021-10-01,350.3229064941406,351.3636308081304,344.6816476164096,348.7861595912774,56375500
2021-10-04,342.9698181152344,349.0390380839239,340.7327742551447,348.7083464504916,76766000
2021-10-05,347.5996398925781,349.84642009446213,343.8063765440991,344.0300631718556,47232900
2021-10-06,349.8269348144531,350.0992708754434,343.4853484647592,344.3898900585049,56806500
2021-10-07,353.0365905761719,355.68215344387613,352.3362936499442,352.87122991088916,39411200
2021-10-08,351.276123046875,354.3496467593131,350.74115710996455,354.11619466511115,41822300
2021-10-11,348.5819396972656,353.26030184571573,348.49437661062404,349.739345608254,34847200
2021-10-12,347.3661804199219,350.4688525299562,346.72423904744426,350.0311854685431,43905100
2021-10-13,350.1478576660156,350.81897676780096,347.648183891679,349.6712770247832,40120800
2021-10-14,356.59637451171875,356.8103549187942,353.0754484627125,353.73683165461904,43433900
2021-10-15,358.8431701660156,358.95988136016933,356.78119324956873,357.8121817077922,40419900
2021-10-18,362.45172119140625,362.665701662127,356.9466142468693,357.54964202369865,34513500
2021-10-19,365.1944580078125,365.2430777774369,362.50027569432086,363.5215283156259,29091000
2021-10-20,364.7178955078125,366.26437825684025,363.23947450315666,365.65161478068956,31390300
2021-10-21,366.94525146484375,367.13978994323423,363.6188631341587,363.9203769979809,25469300
2021-10-22,363.8619689941406,366.6534206308841,362.19877506830113,365.6905235710402,36275800
2021-10-25,367.5871887207031,368.5014661306031,363.33678718872363,365.28205322129304,32597800
2021-10-26,368.7445983886719,372.23634710908186,367.5677208330088,369.82423639548495,47191300
2021-10-27,369.6004638671875,372.66425124960705,368.92934486083686,369.1919450310794,45760500
2021-10-28,373.7050476074219,373.9579416825158,370.7287930405598,371.49718141168137,38007000
2021-10-29,375.5433349609375,375.7086956406966,370.281416249106,370.6315499016707,37310100
2021-11-01,376.8271179199219,376.9535649328839,373.8995133810821,375.9809321345882,30765300
2021-11-02,378.40283203125,378.8794423541163,376.1657881505037,376.2144079243628,25135300
2021-11-03,382.4197998046875,382.8380248315274,377.8484429446031,378.88913759797674,33748900
2021-11-04,387.3218994140625,388.2750904027313,383.1395895493531,383.6842616336203,40265300
2021-11-05,387.6915283203125,390.01610580693085,386.29093439470984,389.09212224591516,43383800
2021-11-08,387.1662902832031,388.68359539126715,386.5243489401909,387.6623426124407,29256300
2021-11-09,384.5012512207031,388.63494111094883,383.1395710756906,388.2361580537664,50490700
2021-11-10,378.8502502441406,384.5401289612193,376.92442641715365,381.729235316056,54937400
2021-11-11,379.9007263183594,382.0016171956971,379.56029882613444,381.82655037652,32243000
2021-11-12,383.8982238769531,384.43316010787464,379.45328432637615,381.0483868740119,34730600
2021-11-15,383.8106689453125,385.3960653814899,381.3693804579635,385.07510957260075,33716900
2021-11-16,386.54376220703125,387.03978477893776,382.8866531746897,383.0811619362063,27872900
2021-11-17,386.7480773925781,388.78087686824887,385.78518018894584,386.86478860727243,28703300
2021-11-18,390.7552490234375,391.26100742176186,386.5729396249577,388.7905413443785,45721500
2021-11-19,392.93402099609375,394.2081679319985,391.5626048175631,392.3893488562752,45191700
2021-11-22,388.3724060058594,397.52488753479,388.26543060661675,394.47083487011935,61715400
2021-11-23,386.6021728515625,389.27691358306146,382.1669687768328,387.21490670410526,70098700
2021-11-24,387.84716796875,388.12921018442887,381.7973891566023,384.12196673194364,46954400
2021-11-26,380.4940185546875,386.66050784137326,379.10313088983804,385.2696201765238,51533300
2021-11-29,388.7516784667969,389.76322507789195,384.3262102771607,385.0556850127537,54447100
2021-11-30,383.0423583984375,390.2106592936949,381.02900084263916,387.86661005974304,81332700
2021-12-01,376.5257568359375,389.52015172619764,376.05891190014995,387.38034682913985,77766500
2021-12-02,379.2392883300781,381.01919343331065,373.8217160857389,375.24175177395284,84416600
2021-12-03,372.6448974609375,381.60283935442993,368.5306490591684,380.60102852102005,105349100
2021-12-06,375.630859375,376.9925395765384,368.9196682345571,373.1311855550033,67588800
2021-12-07,386.9425964355469,387.5553600113219,382.2350559963303,382.27396962972693,56005300
2021-12-08,388.673828125,388.8781024101654,385.37661795077236,387.273264023644,39204000
2021-12-09,382.9548034667969,389.24774019188266,382.7602649929764,387.4483631974559,49973700
2021-12-10,387.11767578125,387.38027600962283,382.5949085157785,385.7657016429064,52545800
2021-12-13,381.5250244140625,387.4288840777842,381.15541913036526,387.1079282528068,50166400
2021-12-14,377.5760803222656,379.4143409548299,373.13114112014546,376.7006870204364,75199200
2021-12-15,386.1839294433594,386.5438285946548,373.3743691680471,377.3232568620715,73858000
2021-12-16,376.2532958984375,387.5747567536777,374.6678995710291,387.1467959162522,82591400
2021-12-17,374.3760986328125,378.5389658742494,371.3220173604435,372.8393221701562,80492500
2021-12-20,370.7445373535156,371.533373856162,367.60865814683467,369.6538019286373,65336800
2021-12-21,379.0419921875,379.3536394122616,370.2673960601498,374.0167921394008,48899500
2021-12-22,383.65814208984375,383.86264755757725,378.08757482728123,378.7498028220549,37042200
2021-12-23,386.550537109375,388.02106837414027,383.84316538472837,384.0087075166377,29595500
2021-12-27,392.93914794921875,392.93914794921875,387.8165552575593,387.8457703226318,32820700
2021-12-28,391.1180419921875,394.0104527999988,390.2415601729176,393.8351623802079,33113700
2021-12-29,391.0596008300781,392.52041372779274,388.68334280550386,391.25438777123253,32248500
2021-12-30,389.89093017578125,393.0268094113681,389.3065991298355,390.84530882119145,23850100
2021-12-31,387.4562683105469,390.5823994941913,386.9595824300405,389.21898010882563,34752900
2022-01-03,391.186279296875,391.439496421577,386.51168907670075,388.62498213644994,40575900
2022-01-04,386.1123352050781,391.7705482299664,383.01541893347996,391.7315848969011,58027200
2022-01-05,374.2505187988281,385.54747736079605,373.99730172965064,384.42749707501173,75739800
2022-01-06,373.9875793457031,377.2306007150052,370.199219910222,372.42940265304225,70814300
2022-01-07,369.9361877441406,375.6820747117179,368.1637576183187,373.9972600596945,72652300
2022-01-10,370.1796875,370.69586988679407,359.661847242509,365.0279090976705,91770500
2022-01-11,375.74053955078125,375.9060816926195,367.36520682533364,369.4492843140459,68295700
2022-01-12,377.2305603027344,380.00611053470755,374.95169592751887,378.31154749648664,54576400
2022-01-13,367.79376220703125,379.2952275240133,366.85885020807444,378.61350290208264,77994000
2022-01-14,370.08233642578125,370.4134504382263,365.06685520469034,365.27139040203764,80121200
2022-01-18,360.8695068359375,366.39139326644755,360.1098852353702,364.2683520905437,75450900
2022-01-19,356.9058532714844,364.9013616697189,356.6428879028102,362.42770992919867,81791500
2022-01-20,352.2701721191406,364.1027509832261,351.73455259619834,360.1293528653298,88610700
2022-01-21,342.502197265625,352.7181393726713,342.21976511466244,350.07894570355364,143388900
2022-01-24,344.07012939453125,344.7323871817224,325.4204234632394,336.87320642826637,198685800
2022-01-25,336.0941162109375,341.8594715046256,332.7537308094478,337.613389137773,124398400
2022-01-26,335.5681457519531,347.5565456914218,331.8771508517301,343.6902604084696,146559500
2022-01-27,332.1888732910156,342.0931685236825,331.1662863860783,340.2720264541344,95255700
2022-01-28,342.6092834472656,342.8235371800627,329.12113570448446,334.0684086431916,108167900
2022-01-31,353.56536865234375,354.149699698525,342.3365891287706,343.9727220021404,94326400
2022-02-01,355.97088623046875,356.6233957534103,349.7575868291186,354.9093657280363,74433000
2022-02-02,358.86328125,360.43123585657395,354.773023033465,360.10012183811494,78777100
2022-02-03,344.3135986328125,352.4746783595393,343.2520781277815,349.1635083008554,95384800
2022-02-04,348.6570739746094,351.9584954869843,342.7748593755462,344.82972180603156,86318300
2022-02-07,345.8523254394531,351.61765032861587,344.5960180338166,349.25114058242553,58198100
2022-02-08,349.7380676269531,350.8288031286312,343.5831690442686,344.71286787681044,64720900
2022-02-09,357.1492614746094,357.22715841338385,352.6596813646489,354.25685095249275,55766400
2022-02-10,349.066162109375,356.91559567207963,347.22555300721353,350.12768275819224,112468500
2022-02-11,337.9931945800781,350.66332306833533,336.76610206327547,349.0661531435878,101569100
2022-02-14,338.4118957519531,341.81074053043295,334.9059686837341,337.43802051737816,80254400
2022-02-15,346.8261413574219,347.0598618690624,342.62874208745905,343.6902623715719,55128800
2022-02-16,346.73858642578125,347.7611436507016,341.54781418950745,344.57658196938326,58947100
2022-02-17,336.4252624511719,344.22598404772407,336.00647344965546,343.52479258418157,61801400
2022-02-18,332.5881652832031,337.74969251719716,330.2800855630904,337.36014833883615,80001500
2022-02-22,329.2477111816406,335.0520287130775,325.61517574368247,329.6470035760064,85967100
2022-02-23,320.81396484375,333.24059154227604,320.5023176630174,332.40307317940693,86215400
2022-02-24,331.5947570800781,332.1304062718498,309.9455304218847,310.51036496050875,130614100
2022-02-25,336.73681640625,336.94135159639,328.5757672146632,332.3933413462363,78842100
2022-02-28,337.73992919921875,339.43449236604516,332.40311178089286,333.5620257210726,77515500
2022-03-01,332.5686340332031,338.9864680636294,330.0463008202966,336.7173519143617,67407000
2022-03-02,338.1489562988281,339.48316059979805,331.3512965393578,334.1170986077121,70609000
2022-03-03,333.31854248046875,340.89529050718346,331.45843724286703,340.78814877836516,71089400
2022-03-04,328.4881896972656,332.393439908502,326.1703910045435,330.96184175458234,76936300
2022-03-07,316.3730773925781,329.63728233789755,316.1685719260236,328.4783684935688,89933800
2022-03-08,314.9025573730469,324.5049527472836,311.5816393165124,315.58425219278513,116153900
2022-03-09,326.23846435546875,327.59216523477136,320.49260625639835,323.08311801855376,64723400
2022-03-10,322.6156921386719,323.82331784104474,318.17482270496157,322.17746604211277,69362700
2022-03-11,315.9251708984375,325.8976751121603,315.43823320293427,325.58602785416184,66228400
2022-03-14,309.8579406738281,318.0579546755952,309.1567492160719,314.6883542048612,79802600
2022-03-15,319.57708740234375,320.35620526401823,310.8901387169031,312.4970265836646,76471000
2022-03-16,331.42926025390625,331.54612053854316,319.8206532148058,323.4921822389416,105243000
2022-03-17,335.4415283203125,335.499958446336,328.2348588144383,329.53009956836956,67810000
2022-03-18,342.3074035644531,342.5995839728813,332.62708116075316,333.7859950907957,85446300
2022-03-21,341.355712890625,343.6959267738545,336.96785649515317,341.472747390431,73799100
2022-03-22,348.06427001953125,348.9321048086692,341.47275472750243,341.85302014961167,63345900
2022-03-23,343.0621337890625,348.7468627183793,343.0036314121792,345.1878292583709,70615500
2022-03-24,350.68719482421875,350.73596663379254,342.8280596036386,344.98297609778405,53555300
2022-03-25,350.3947448730469,351.6818566630685,346.09464168165056,350.628754377757,57584200
2022-03-28,355.8161315917969,355.9136454569455,349.1465938629714,350.38493365490325,56833900
2022-03-29,361.939697265625,362.56373256036494,356.93753556395194,359.7067572779281,68073000
2022-03-30,357.9418640136719,361.73493685192096,356.45975415978955,360.07729010507074,68757700
2022-03-31,353.5052185058594,358.4391168355058,352.66663492729305,358.0880728528101,67011400
2022-04-01,352.83245849609375,354.54857786742474,349.65369038520504,353.76852631291604,54527800
2022-04-04,360.09674072265625,360.10650103702426,353.4077116185241,353.67097229295626,45950200
2022-04-05,352.1011962890625,359.3557897970497,350.9603402364003,358.64397108410117,62738700
2022-04-06,344.4565124511719,347.8887807691179,341.8237865192822,346.7869364328608,90077100
2022-04-07,345.27557373046875,347.46950207698916,340.00039133532164,343.4619108236752,63777400
2022-04-08,340.44891357421875,344.29072819287865,339.8151180142693,343.5399278842686,61956100
2022-04-11,332.394775390625,337.1336461991477,332.05349170625715,336.2170693357857,66107400
2022-04-12,330.99066162109375,339.0253050777088,329.61579631478435,337.14340927653535,72790200
2022-04-13,337.71868896484375,338.77176141426696,330.6103532208054,331.33190231102026,61367800
2022-04-14,329.9960632324219,338.3232483542657,329.7815446072718,337.80645754236645,73519400
2022-04-18,330.2496643066406,332.5411069864075,327.4219398273184,328.9430614025969,58560600
2022-04-19,337.63092041015625,338.2062135453221,328.58218697027695,329.6060081883247,56515700
2022-04-20,332.7068176269531,338.8985774684599,331.4879684359896,338.4402889823752,65500000
2022-04-21,325.82275390625,339.2008435755003,324.8964463920442,336.587638098854,75801000
2022-04-22,317.29071044921875,327.1975169660709,316.86167329540245,325.97866817842254,82562100
2022-04-25,321.3665466308594,321.67857907479,314.3947372353848,315.6623578799585,101755900
2022-04-26,309.23663330078125,319.4944558229734,308.96358255665734,319.30918839349266,105819600
2022-04-27,308.8661804199219,314.83366197617295,307.15003104168255,309.3341995179408,111204200
2022-04-28,319.8357238769531,321.6688774536265,309.60712328307943,313.82923269772596,99450000
2022-04-29,305.44354248046875,319.07515965390826,304.80974698698793,315.63313145885587,91977900
2022-05-02,310.5432434082031,310.7772529007873,301.9332771565138,305.03402196148,115511800
2022-05-03,310.87481689453125,313.1662594023677,308.1055950099553,310.56278434940856,78185500
2022-05-04,321.3861389160156,322.0589460045462,306.06765165068026,311.35256472176445,116083400
2022-05-05,305.1998291015625,317.14455084755014,301.9040562178666,317.0665575945601,154607400
2022-05-06,301.5432434082031,307.2377023806188,297.50640122599674,303.20088995546826,139572800
2022-05-09,289.7447814941406,301.64075976693016,288.3504253646002,295.91704956152574,113387300
2022-05-10,293.26483154296875,298.1402275733702,289.17924728892785,296.9213785657699,124124600
2022-05-11,284.5671081542969,296.51182827022683,283.69930314607365,291.00263678041307,140326100
2022-05-12,283.8943176269531,288.37968812743026,277.83908381769044,280.28654225693896,120910900
2022-05-13,294.4153747558594,295.448956182402,286.7512378445897,288.3503817918,83684900
2022-05-16,291.0027160644531,294.7275267387595,289.7253643539919,292.67009360702116,59190400
2022-05-17,298.5400390625,298.9203045116113,293.0600684613582,296.8629014948216,62715300
2022-05-18,283.88458251953125,294.71769852776856,282.6267219754765,294.025400603484,79477100
2022-05-19,282.36346435546875,287.0536233934312,280.413305660472,282.08071276977756,79920700
2022-05-20,281.48583984375,286.4782402945012,273.22691831272135,285.82495393267806,91764200
2022-05-23,286.1662902832031,286.5465557453117,280.13054689629246,282.52923369769405,63648400
2022-05-24,280.081787109375,281.66141091858105,275.21615060325445,280.9496220270844,73491100
2022-05-25,284.00164794921875,286.07857192290606,278.3851808380714,278.5899391890219,67144500
2022-05-26,291.8704528808594,293.4208550430776,282.9192326893722,283.2020139981043,59462200
2022-05-27,301.3970642089844,301.54332017519914,294.8835406190051,295.0005453919769,66985600
2022-05-31,300.5974426269531,303.5714225615586,296.7458675248366,301.3677635987881,60968300
2022-06-01,298.3742370605469,304.8585078295692,296.1608179752849,302.7328423020077,65341700
2022-06-02,306.5454406738281,306.72094780932804,295.8390590524458,297.2529359659999,59291300
2022-06-03,298.56927490234375,302.7328525405804,297.321174666632,301.32873605577254,60914700
2022-06-06,299.5638427734375,304.5660039935262,298.0037100512005,303.00587127128927,51785000
2022-06-07,302.1477966308594,302.9278778701051,295.1467348920725,296.2388188699599,44900300
2022-06-08,299.9734191894531,303.9517297604242,299.1250751769183,301.34825485773797,38342100
2022-06-09,291.938720703125,301.3482294885749,291.77297389502866,298.2864961255871,55900500
2022-06-10,281.6418762207031,287.5216026829034,281.1933481148443,286.33200485314705,85963500
2022-06-13,268.546630859375,275.3039242046248,267.68855619514085,272.7784720379273,94442000
2022-06-14,269.03411865234375,271.7155865820096,266.52815784547136,270.7405073348584,64697500
2022-06-15,275.75238037109375,279.68194827863294,269.7166378626102,272.4566377365892,86051400
2022-06-16,264.62677001953125,269.1803734200172,262.56933734329976,268.7220849855624,81910300
2022-06-17,267.8445129394531,270.2822109859682,263.76868894737345,265.397054578494,82703400
2022-06-21,274.6021423339844,276.9175477266973,272.2184026530174,272.3258532528724,51633700
2022-06-22,274.2015686035156,278.6076088822081,271.5051672393198,272.10109459964207,67472900
2022-06-23,278.2852478027344,279.1351926915743,273.8498699692125,276.683029536765,57457800
2022-06-24,287.8202819824219,288.2403946837072,280.8741562890391,281.1086156093789,58422300
2022-06-27,285.7100830078125,289.7448762013786,284.57681329074364,289.1782562499726,54151500
2022-06-28,277.0054016113281,288.8362940946561,276.81977806261284,286.2473733023831,61609800
2022-06-29,277.2594299316406,278.76394687885903,274.36765551748465,276.868654440148,57302700
2022-06-30,273.82049560546875,277.3961485990517,269.4242053400514,274.27966489242687,79313600
2022-07-01,275.6279602050781,276.01873573364435,270.64549022663914,272.5212545037234,56675100
2022-07-05,280.3465881347656,280.46381779289936,270.3719005317924,271.89594571604516,61829300
2022-07-06,282.1441650390625,284.24463896136103,279.0081525835329,280.72760032166383,63194700
2022-07-07,288.1817626953125,288.8851704287084,282.95505535271474,282.95505535271474,56620100
2022-07-08,288.543212890625,289.9109417837041,284.4106889856484,285.34855596743785,59895500
2022-07-11,282.3786926269531,286.3548713416814,281.4994403008102,286.13019108228656,55273900
2022-07-12,279.6432189941406,285.5440277206609,278.0507796846206,283.6292068067478,55797100
2022-07-13,279.06683349609375,281.41151653972287,273.566579098107,274.13322897066035,73939400
2022-07-14,280.063232421875,280.9327054075993,273.35153780447257,276.468021403477,63741800
2022-07-15,285.1434326171875,285.2509130128908,281.44077025302914,283.05276748878146,63818100
2022-07-18,282.7303771972656,289.33459333825147,281.55805071888204,287.92777771278395,59519600
2022-07-19,291.4252624511719,291.7183664353127,284.75268212662314,286.3548706124073,55172600
2022-07-20,296.0462646484375,297.2283702220619,291.0637950490178,291.84537586095666,67769400
2022-07-21,300.2960510253906,300.35466586575325,293.84815025713857,296.50546567254037,55049400
2022-07-22,295.03021240234375,301.43902572615195,293.20331391412896,299.36788883439493,57127700
2022-07-25,293.3498229980469,295.52844008286405,291.3470802058321,295.05949165968326,40582400
2022-07-26,287.5857849121094,291.9039323185086,286.7749266595334,291.6499148786459,50074100
2022-07-27,299.7391357421875,301.42927622650285,291.58156710744385,292.1482168992006,69304400
2022-07-28,302.6700134277344,303.2464125140095,295.772722918395,299.5242214249336,55139900
2022-07-29,308.1897277832031,309.098317152877,302.78717638335104,304.21354989028913,57501000
2022-08-01,308.004150390625,311.4625744787069,305.32730707021403,306.4214903306957,46358800
2022-08-02,307.0858154296875,311.20856086070916,304.65321047884163,305.7083370747142,48676500
2022-08-03,315.4485778808594,316.2692153679035,308.7075738546769,308.7661886884473,53735700
2022-08-04,316.9237060546875,317.236338326772,313.37736011725616,315.5266697200189,38973700
2022-08-05,314.3348388671875,316.36688935371126,311.0522888933584,311.8338398925769,53894000
2022-08-08,313.3188171386719,318.94608006953575,311.85338656828117,315.25319622472165,43878500
2022-08-09,309.7724609375,311.67753254659243,308.1507440589596,311.42351504824404,39764200
2022-08-10,318.41851806640625,318.711622070284,314.63771194904814,317.1094036623508,51459600
2022-08-11,316.61114501953125,322.7464131219047,315.90773715620287,320.74366994336793,45897700
2022-08-12,322.77569580078125,322.97106862108075,317.6076032036241,318.66269991315835,40928400
2022-08-15,325.38409423828125,325.88235000858396,321.8084412471269,321.8279993960808,38266600
2022-08-16,324.6221618652344,326.7128570143591,321.57407120774315,324.4072308668595,41186900
2022-08-17,320.91949462890625,323.7917407421917,318.8385785861934,321.4861444413282,47842200
2022-08-18,321.6913146972656,322.8734203319824,319.2587095130791,320.87067716301306,41937200
2022-08-19,315.41925048828125,319.30753686380024,314.65722781123844,318.6529945948618,51770600
2022-08-22,307.1151123046875,311.39417374431594,306.30425395365506,311.15971442628387,51098900
2022-08-23,306.861083984375,309.69424302076794,306.10881074828137,306.88061232020414,39497100
2022-08-24,307.75018310546875,309.5673026088862,305.77671762390725,306.3824241250464,38057100
2022-08-25,313.1917419433594,313.21130009460927,308.4828487016471,309.52816629459426,38098300
2022-08-26,300.3546142578125,314.1003584319973,300.2666920123757,312.89869478251217,69047700
2022-08-29,297.39447021484375,300.13970764196387,296.2905077976387,297.59962213751817,48321900
2022-08-30,294.08251953125,299.66094524908925,291.5619927249913,299.0454597995629,51184500
2022-08-31,292.3729248046875,297.8829580163024,292.2654742078937,296.98414748868214,50044000
2022-09-01,292.4999084472656,292.8711555938858,286.1985754742801,289.88167989587697,57990700
2022-09-02,288.367431640625,296.7496811199104,286.7554342127629,295.37217284959314,64666800
2022-09-06,286.2962341308594,289.7644372216003,284.16648248606504,288.8460984730638,57005400
2022-09-07,292.079833984375,293.0763159744167,286.5111862526931,286.77498281936545,49260400
2022-09-08,293.59405517578125,294.9129483640316,288.64092358811484,290.0086525256781,55649800
2022-09-09,300.01263427734375,300.51089008221203,293.5940428934957,295.8508029996289,56125200
2022-09-12,303.57855224609375,303.91071289251704,301.07755341422387,301.39018572177207,45905700
2022-09-13,286.9312438964844,296.03642750924746,286.04221266779194,294.84454309228386,79562200
2022-09-14,289.2076110839844,290.08686347686927,286.30605731748096,288.0743411811005,54907200
2022-09-15,284.3912353515625,289.6960869236584,282.78901693148475,287.2927891078034,65299400
2022-09-16,282.65228271484375,283.0430582749543,279.03754170172675,281.08915066013736,79920400
2022-09-19,284.85333251953125,285.009929593157,279.95001919015573,280.00873935928564,52613800
2022-09-20,282.5827331542969,284.8729092204194,280.2827604379443,282.34782262362853,51271100
2022-09-21,277.5228271484375,287.6916318605769,277.3858233676275,283.42444346717195,82931000
2022-09-22,274.1070556640625,277.0040261404584,272.8836693298613,275.9959569957898,62757100
2022-09-23,269.64422607421875,271.9344023987878,266.2285100882772,271.64077166927524,74815200
2022-09-26,268.52850341796875,273.5394909559408,267.7357511635231,269.1744552304507,71176700
2022-09-27,268.6360778808594,274.2440617698414,266.31651228221097,271.8951659614625,69780100
2022-09-28,273.9798583984375,275.26196507299517,267.1386905841971,268.6165211798836,79652100
2022-09-29,266.0816650390625,270.36841610769596,263.11617736207876,269.98670518368925,81216000
2022-09-30,261.5698547363281,269.3310122476343,261.41325766558816,265.25957801190714,78482400
2022-10-03,267.7063903808594,269.30169153769157,261.83413377480724,263.34135466668965,61267400
2022-10-04,276.12322998046875,276.82790179562363,273.0500687714272,273.0500687714272,66696900
2022-10-05,275.9764709472656,277.7674959008721,269.55614005462246,272.3552344355478,55766300
2022-10-06,273.80377197265625,278.1296511212499,273.48078112028116,274.97820542061635,53489400
2022-10-07,263.3706359863281,269.2918143460594,262.0395760224377,269.16457737879426,71354700
2022-10-10,260.7379455566406,263.9579074840265,258.02693157551664,263.5663998737213,60393000
2022-10-11,257.15582275390625,261.9319280657339,255.47244186314455,259.0643174959777,66522500
2022-10-12,257.06781005859375,259.71030747132846,256.37293475983284,257.7920454441237,50580200
2022-10-13,263.09661865234375,264.41788206770633,248.8465999207838,249.72744717566468,112894100
2022-10-14,255.1886749267578,266.02299496319563,254.60147319131949,265.42599657622,77244300
2022-10-17,263.6153259277344,264.4863615743304,261.06087941416854,261.1587563065971,64576500
2022-10-18,265.6999816894531,271.30796623349556,263.0182981983642,270.642451152486,69781000
2022-10-19,264.7310791015625,267.85316427712985,262.3626192311699,264.1830042620747,53115400
2022-10-20,263.3804931640625,268.9885092227867,262.2158563642061,263.84048781321974,60605500
2022-10-21,269.55615234375,270.0944305591332,261.13924564715404,262.27455211951724,77897700
2022-10-24,272.5215759277344,273.4513317035027,266.17952985624714,269.82032910449914,63963600
2022-10-25,278.1589660644531,278.54067703388085,271.98331267597933,273.4611732993975,59014500
2022-10-26,272.0126647949219,277.93387389821464,271.5233101517326,272.53137952198904,63492400
2022-10-27,267.06036376953125,272.3551839104446,266.5416491093296,270.8969168194281,57760300
2022-10-28,275.2326354980469,275.70242672293,266.2676545644342,266.43404829027975,62651300
2022-10-31,272.0322570800781,273.8037184923803,270.1139653810978,272.9816062790332,47742000
2022-11-01,269.2526550292969,276.06449209440797,268.89053742922755,275.5066207207611,45895900
2022-11-02,260.0234680175781,272.2866938029867,259.9549512013638,269.2233290522429,79803100
2022-11-03,254.9439697265625,258.86860348070746,254.56228864022904,257.4103362172952,70038900
2022-11-04,259.0448303222656,260.9337325402485,253.56405099994706,259.8767393934126,78313200
2022-11-07,261.89276123046875,262.4310691494784,257.9583614497786,260.0919400929863,47333800
2022-11-08,263.80133056640625,267.040856174654,259.866899804266,263.40985279403156,63213800
2022-11-09,257.7137145996094,262.84214126755995,257.42988056763846,262.05918585199794,64862100
2022-11-10,276.73004150390625,277.02364233290325,268.0195351189067,270.13355069119353,99256700
2022-11-11,281.8291015625,282.49464653858405,275.2032508265349,276.54407769304146,66961800
2022-11-14,279.36279296875,283.0525163828222,278.3840836407675,279.77383416051316,55290700
2022-11-15,283.22869873046875,287.01629894350947,279.8814997818295,285.9886362575642,73985400
2022-11-16,279.36279296875,283.316787016794,278.5406807173853,281.2712881054512,48859800
2022-11-17,278.7461853027344,280.2240458608114,274.74326796534484,274.8998650329681,55462100
2022-11-18,278.7560119628906,281.8585039624073,276.30923852006174,281.76065691896605,53588600
2022-11-21,275.8883972167969,278.52109793004735,275.0564882830381,277.36622804771093,40083500
2022-11-22,279.8619384765625,280.0185056820932,274.48880406730166,276.62241305758806,41873400
2022-11-23,282.67083740234375,283.2971958456879,279.7053493109649,279.8815098230456,46390000
2022-11-25,280.8113098144531,281.78022254764727,280.3219551220779,281.0755505959133,15498800
2022-11-28,276.69085693359375,280.85037084364467,275.76110115675283,278.83423237314076,38714200
2022-11-29,274.5964660644531,277.31727663055284,273.22627906494904,276.91600224715586,35618900
2022-11-30,287.11407470703125,287.2217482346037,274.00917596132695,274.8606480623075,74718100
2022-12-01,287.4664306640625,289.45320889132523,284.68690047558556,287.4370705865298,51547300
2022-12-02,286.3214111328125,287.20227345050546,282.22061652767866,282.39680691192086,53583200
2022-12-05,281.5159912109375,285.46995575313844,280.0576938686027,284.1976454574134,41482100
2022-12-06,275.6828308105469,281.49636649163193,274.2930803186649,281.3593627197372,53937600
2022-12-07,274.5573425292969,276.55391803732823,272.84460110585906,274.4986223556348,45614300
2022-12-08,277.80657958984375,278.7754920257264,273.83302309647263,275.90788157661746,42594900
2022-12-09,276.03515625,279.5585154089067,275.5947251546985,276.7887515955548,47860500
2022-12-12,279.499755859375,279.55850588887154,275.1738779884526,276.2113073349363,35732500
2022-12-13,282.50439453125,290.55918171240603,279.822740976595,290.334067852014,80667700
2022-12-14,280.4100646972656,285.2057352103251,277.16074203192096,281.91725580250164,64984400
2022-12-15,270.994873046875,276.9845700821237,269.8008463271276,276.31902495877455,60554100
2022-12-16,268.4110107421875,271.8560565360291,266.8059132420267,270.3195057192116,68300400
2022-12-19,264.638916015625,268.7691387222308,263.4027802656932,268.68084758857094,44167900
2022-12-20,264.432861328125,266.17913333023336,261.89193931007276,263.4714192377774,51064200
2022-12-21,268.26873779296875,269.5735240540612,264.6290125512118,265.4727330170994,46394700
2022-12-22,261.70550537109375,265.3844512745815,257.4869627714914,265.2569096929665,60278400
2022-12-23,262.29412841796875,262.9612667355134,258.53671128427175,260.4399551404093,39373600
2022-12-27,258.58575439453125,261.793814605663,258.0461876003975,261.685883283232,38009000
2022-12-28,255.17169189453125,260.4399375975812,254.80870735846833,258.18352943650245,47139000
2022-12-29,261.3916015625,262.3334034752378,257.2809896473435,257.97752846222875,45893600
2022-12-30,261.23455810546875,261.3620996717477,257.32016971542674,258.62495586566246,37858300
2023-01-03,259.46875,265.03130035204026,257.16327086795667,263.55972174937557,42335300
2023-01-04,260.7049560546875,262.38257786403847,257.55578501537957,261.5879275077585,47754900
2023-01-05,256.6236877441406,259.20386048845717,256.3097737127626,259.0370983373102,45396700
2023-01-06,263.7068786621094,264.825292792396,255.4071835674613,258.3601609338397,54659700
2023-01-09,265.4139404296875,270.07393960622954,264.8056926958867,265.6984240862427,45568700
2023-01-10,267.6604919433594,267.76842326727916,263.8736443498317,264.38378077930986,35247800
2023-01-11,272.2910461425781,272.3989774609644,267.9449917626651,268.72985154393996,44077000
2023-01-12,273.76263427734375,274.79275716324054,268.55324892261154,272.8502628173263,60600000
2023-01-13,275.64630126953125,275.8915643759767,270.92744149666754,271.2609957287121,44802900
2023-01-17,276.2054748535156,277.4906509803417,274.28259077576485,275.4500454160634,36269700
2023-01-18,272.61480712890625,279.2957706324418,272.40879453707197,277.7456912937367,47754500
2023-01-19,269.93658447265625,272.1243422859905,268.7004787039163,270.9863178139879,44150400
2023-01-20,277.32391357421875,277.65746783156897,270.48597645017384,271.5455299164357,60613600
2023-01-23,283.48486328125,284.7111786521675,277.3729266337747,278.167576598982,52799900
2023-01-24,282.9060363769531,284.06367086220337,281.34616687102994,281.86612337300437,44875100
2023-01-25,282.2781982421875,282.896236062252,275.85228750449124,278.39320945144925,50872000
2023-01-26,287.78192138671875,287.9585036418443,283.0532414038365,285.70209498809857,51596300
2023-01-27,290.6466369628906,292.608742055595,286.3496220195724,286.467343534839,56441900
2023-01-30,284.77001953125,288.8021597580297,284.39724483353893,287.37962205125564,49405800
2023-01-31,289.03765869140625,289.13576992110575,284.70142376852044,284.80932516364925,46705100
2023-02-01,295.21826171875,297.6806825531704,286.76156601785834,288.8316018722076,67562200
2023-02-02,305.8136901855469,307.73654472571866,300.9182477321009,301.7423282493174,83070600
2023-02-03,300.3785705566406,306.47092658216013,298.7696604359694,299.1620753478888,76170800
2023-02-06,297.83770751953125,300.11375637228986,296.49367046317866,297.75923649741816,40802300
2023-02-07,304.0085144042969,305.13671864637575,296.5917608530074,297.71014499075807,67584000
2023-02-08,298.6028747558594,303.6356776933816,297.9161561301726,302.6938758967984,56720900
2023-02-09,295.9638671875,303.1353575053804,294.51192886368824,302.98820564004023,49137800
2023-02-10,294.02142333984375,295.85598658175047,291.6178329261947,293.8055906090698,50050100
2023-02-13,298.73046875,299.3191062033861,294.24705190220095,295.42432680897326,39636700
2023-02-14,300.9377746582031,301.8893965286975,295.2084331685964,297.1509273822048,64079100
2023-02-15,303.2433776855469,303.41013986868103,298.4362257267376,299.1229446126528,43100600
2023-02-16,297.55316162109375,302.5859648965573,297.40600975851845,298.61271491031835,59498600
2023-02-17,295.45367431640625,296.2090737071164,292.4516570794158,295.36538321406374,58230700
2023-02-21,288.4588623046875,293.0698209813089,288.32153052461047,291.6276726240972,46526700
2023-02-22,288.6746826171875,290.74468891009906,287.01670158610773,289.0376672323923,51389200
2023-02-23,291.1959228515625,292.4810988457512,287.0068107724756,292.32412690013473,69294400
2023-02-24,286.32012939453125,287.4189032172758,284.5542172313994,286.23183827727587,74332000
2023-02-27,288.3705139160156,290.87218529190994,287.7818765512934,289.4791077993854,48995000
2023-02-28,287.9977722167969,290.50926424529877,287.4091347233847,287.74268898380404,48243100
2023-03-01,285.6824951171875,288.36074923545726,284.7014426338721,287.7034608376696,58287000
2023-03-02,288.0467224121094,288.85119240250265,282.9060184586117,283.1905319799629,53565900
2023-03-03,294.0018005371094,294.2372734914779,289.28294049517257,289.7931069468495,60511500
2023-03-06,294.3352966308594,298.23989551477433,294.13910413688774,295.2378779090162,56736300
2023-03-07,290.7250061035156,295.3065330626154,290.11675852824413,294.384341597095,65955800
2023-03-08,292.17706298828125,292.77549064291287,289.2927662406376,291.146939898782,50876300
2023-03-09,287.11474609375,295.27710774378676,286.3004559856999,292.6772954111653,71456700
2023-03-10,283.0826416015625,288.7727631546609,281.9348271262649,287.2815444320978,98593600
2023-03-13,285.1821594238281,288.89053675172266,279.7863705640196,281.2971998277831,97123600
2023-03-14,291.73553466796875,292.28492159284906,287.8898261938066,288.7335168501078,73602500
2023-03-15,293.2659606933594,293.59951488700585,287.68377063812324,289.1259187355792,83631500
2023-03-16,300.9966125488281,301.35959705982594,291.5588955055407,292.3535453645727,98198100
2023-03-17,299.5740966796875,303.29229304043884,297.6218123089048,300.9083432902864,89923700
2023-03-20,300.6372985839844,300.9615338726046,296.74632519208114,298.9571102988408,56359500
2023-03-21,304.9311218261719,305.383096151372,301.05978916317935,302.5729571040387,49757000
2023-03-22,300.7846374511719,309.7555157093951,300.617617168865,304.862301208813,75791900
2023-03-23,304.3514099121094,308.6747169209865,301.6591745901483,304.51846019922783,74576000
2023-03-24,305.4715881347656,305.5698212705116,301.6002550384221,303.92894408666183,57195200
2023-03-27,303.3786926269531,307.2500255451253,302.5238604825814,306.16919123041095,50287400
2023-03-28,301.7672424316406,302.8284360503004,299.45819426535354,302.79896011565387,48585900
2023-03-29,307.2696533203125,307.8886779467395,304.646175138239,305.4617259902813,53274300
2023-03-30,310.17803955078125,310.80689945176334,307.35806527422386,309.7457058652787,58354800
2023-03-31,315.3365478515625,315.57238531475065,310.0994568842144,310.4040515378781,62138100
2023-04-03,314.5701599121094,314.8354733237728,311.88775975910704,313.21420687465223,47126800
2023-04-04,313.5090026855469,316.0243825803943,312.2905939967629,315.01233543509,45875400
2023-04-05,310.41387939453125,313.4991370985997,308.5961168372781,312.55587722556044,62795700
2023-04-06,312.5067138671875,312.99799939754666,307.36788641047167,308.7631205247058,46916500
2023-04-10,312.32989501953125,312.3790415697629,307.7904209826378,309.57870772010875,45134700
2023-04-11,310.3254699707031,312.3495943669615,309.81454370686527,312.2906125041193,40113600
2023-04-12,307.5841369628906,312.8703755060977,307.122327239228,312.2808267120628,62813300
2023-04-13,313.6072692871094,314.0788842815735,308.1638163356823,309.3428838075366,54613800
2023-04-14,313.0177001953125,314.7764809739093,310.10926798541686,312.05476966810073,56278300
2023-04-17,313.282958984375,313.6367001650962,310.5317719596086,312.6049825415416,43007000
2023-04-18,313.3026123046875,315.81802195370216,312.1039043269435,315.39549358382044,46746900
2023-04-19,313.1551818847656,314.21637531225923,310.767541651434,310.8952806737884,38960100
2023-04-20,310.76763916015625,313.705517653374,309.4804731991059,310.18792571084845,62462100
2023-04-21,311.0918273925781,311.8680669720803,308.6255942757505,310.4040456011368,59002300
2023-04-24,310.4433288574219,312.20210941105614,308.2718252918835,310.8658272036678,44043100
2023-04-25,304.58721923828125,309.48043432872635,304.48898611246517,308.8122931475804,57121600
2023-04-26,306.4344787597656,309.4509795739338,305.9137172173924,307.97712275751604,55400500
2023-04-27,314.76666259765625,315.2677534758937,309.5590176982264,310.1977129113469,65430400
2023-04-28,316.9381408691406,317.02656867243917,313.4008788087435,314.53082960959074,59712600
2023-05-01,316.5746154785156,317.9895203971101,315.4937811676875,316.47635236195066,41013400
2023-05-02,313.8135986328125,316.83009945162763,312.07442839591636,316.5058341595277,56519400
2023-05-03,311.7599792480469,316.8496901296234,311.6518808391574,314.17709565364254,59882100
2023-05-04,310.6595458984375,312.68364014813113,309.62782815897486,311.5340186637454,50224500
2023-05-05,317.2624816894531,318.11731397727453,310.69888219760816,312.91950307269246,51806100
2023-05-08,318.0484619140625,318.3923678179955,315.71977305719315,316.8006073328287,36465800
2023-05-09,316.0341491699219,317.2525276080899,315.7197192550117,316.3878603349305,31768800
2023-05-10,319.4731750488281,320.32800708992704,315.9948650328523,318.47093335731375,60446600
2023-05-11,320.5146484375,321.0550504531701,318.4708841170004,320.0233629739144,44278500
2023-05-12,319.3650817871094,321.4677983234003,317.31151179697923,321.045269963454,48432800
2023-05-15,321.09442138671875,321.3302288576638,318.3137283538319,319.8367315655272,33375600
2023-05-16,321.4580078125,323.1676721605084,320.33786221505017,320.37717346031883,40019200
2023-05-17,325.3489685058594,325.9286819112278,321.3400912336349,322.51915867337476,47486100
2023-05-18,331.3917541503906,331.6079209983727,325.72232952633465,325.7419701540816,64213500
2023-05-19,330.64501953125,332.31537245568006,329.5838259221381,331.6079200448358,61554900
2023-05-22,331.7553405761719,332.76738767069196,330.37971696477655,330.38955227178974,43015900
2023-05-23,327.5498962402344,331.1854214014878,327.1961850279305,330.0358299758091,48216700
2023-05-24,325.86968994140625,327.107739087204,323.81611999977775,325.59457124075004,62891200
2023-05-25,333.799072265625,335.0665974450739,330.8022422525077,333.22919419234955,66862800
2023-05-26,342.3277587890625,343.162950205455,334.72266821385983,334.82093131914536,63007000
2023-05-30,343.8802795410156,347.76141779152016,342.45553930603324,346.56267972749924,72652200
2023-05-31,341.9249572753906,344.48948381232617,340.4707710265134,342.29833914546276,65105400
2023-06-01,345.8748779296875,347.20132498528426,340.6181163131397,341.6694746335876,50488600
2023-06-02,348.4689025878906,349.62832951547506,345.8749299704865,347.63371099284564,53372100
2023-06-05,348.7145080566406,351.26919913842227,347.68282030519657,348.25269839960436,47266200
2023-06-06,348.65557861328125,349.6185092327491,346.778863928243,348.10534111235535,41390400
2023-06-07,342.7404479980469,350.89577588867536,342.11158811981494,348.9404690538599,69225900
2023-06-08,346.9949951171875,347.4568047564389,342.809262414588,343.03523458791426,47153900
2023-06-09,348.3214111328125,351.4263390165101,346.87703059808115,348.44915015745397,53196900
2023-06-12,354.20709228515625,354.305355405067,349.00931208022024,349.98204800024035,44606500
2023-06-13,356.9288635253906,357.7640251500042,353.7551474004903,356.95833946525113,57097800
2023-06-14,359.52276611328125,359.8077201335218,354.1382955769709,356.93859927498477,69525600
2023-06-15,363.8067932128906,365.2904552167826,357.63624776639995,358.2552423852553,71138800
2023-06-16,361.51739501953125,366.35165825781803,361.07525599467357,366.22391921096187,80932000
2023-06-20,360.9998779296875,362.397056132463,358.03830213467023,360.0651728884419,49204700
2023-06-21,356.0802307128906,360.291402247806,355.15534457900924,359.8584755456989,53378300
2023-06-22,360.2816162109375,360.43901681980367,354.4272864301973,354.83069680412274,47603000
2023-06-23,356.7099914550781,359.01235823948906,355.01764962720034,356.38528138026277,48922900
2023-06-26,351.9281005859375,358.97296342588555,351.83955148925304,356.1786373877198,52685500
2023-06-27,357.97918701171875,358.7073073891835,352.74476147658174,353.47285182722567,49428100
2023-06-28,358.6778259277344,360.62596625050804,356.0802654616045,356.15899579339106,46498000
2023-06-29,357.9595642089844,359.0222135298197,356.3164363159426,358.38264216689817,46151000
2023-06-30,363.4793701171875,364.5321406265844,361.32458510548383,361.6394163650322,58712500
2023-07-03,364.3353271484375,364.9650196119277,363.03654703228636,364.11886379574565,19432900
2023-07-05,364.32550048828125,366.0276910481875,362.73155662470873,362.7709217894503,34460900
2023-07-06,361.5509033203125,361.9936789251152,358.6581787702323,360.6161981933694,49374700
2023-07-07,360.3504333496094,364.52226973044776,360.1241512291807,361.3245334383602,47133700
2023-07-10,360.46856689453125,361.14747343769193,357.56602372802837,360.075005281917,48498800
2023-07-11,362.24945068359375,362.7020449901475,358.75652041765636,360.89163773710936,38214100
2023-07-12,366.82464599609375,368.17261006456084,364.34515118816057,366.35235412152997,61975400
2023-07-13,373.0528259277344,373.87931415841757,369.4221629695209,370.0026714877334,46960000
2023-07-14,372.97418212890625,376.70321351551775,372.09847980698714,373.4858091986902,55148500
2023-07-17,376.4571533203125,377.33285545510205,373.21023332842753,373.69234392629414,40868900
2023-07-18,379.536865234375,380.90452691232883,373.88918038140724,375.8176530095486,55262000
2023-07-19,379.4483947753906,381.74094309260323,378.12009798549497,380.5995933337877,54093000
2023-07-20,370.7013244628906,377.923286171888,369.6780403163192,376.45722647364715,71941700
2023-07-21,369.5894470214844,373.81046734793506,369.1565203199602,373.0823469716512,60499600
2023-07-24,370.17987060546875,371.508137285771,368.32024921012385,370.56358341647297,40380100
2023-07-25,372.6888122558594,374.351637654843,370.8685562243706,370.88825382019803,38894400
2023-07-26,371.4490966796875,373.141438590873,369.14672978193954,371.6458924939192,47075700
2023-07-27,370.5634765625,378.5233756841965,369.2745453960869,376.9097645405569,63940200
2023-07-28,377.3132629394531,378.33651706389406,374.1056774417926,374.6173045040131,56902900
2023-07-31,377.50994873046875,378.6906632722747,376.1915011739824,377.6181954097631,44019900
2023-08-01,376.6343688964844,377.39197572985995,374.5681329555754,376.1620769587029,41060600
2023-08-02,368.3694763183594,373.1611574017235,367.1297286772393,373.1611574017235,72687100
2023-08-03,367.77911376953125,369.90438254191486,365.79157805156945,365.958857503539,47666400
2023-08-04,366.0572814941406,372.019829019166,365.5554731293082,369.70761305854387,61702800
2023-08-07,369.1566162109375,369.2550141280836,365.5358010638585,367.86768456876086,37230400
2023-08-08,366.017822265625,366.6672123277019,362.88896744301724,366.6475447598164,44726500
2023-08-09,361.9936218261719,366.4606222337156,361.23601504991956,366.3031915996586,51150900
2023-08-10,362.6627197265625,368.3399218462108,361.13765720689037,365.00445187431194,72035300
2023-08-11,360.3504333496094,362.08214015021474,358.8253711287267,360.1044536348334,48707200
2023-08-14,364.39434814453125,364.5124136009575,358.83521270778294,359.5534542433158,42130800
2023-08-15,360.5276184082031,364.2173147115886,359.8585306581353,363.42031268537795,45539900
2023-08-16,356.7099914550781,361.5213395998945,356.6115935528061,359.9864284102872,53190500
2023-08-17,352.8136901855469,358.45155731866623,352.40046098733217,358.1071796356024,62604300
2023-08-18,352.3708801269531,353.63029511668526,349.0058642803443,349.54703769092396,61191400
2023-08-21,358.048095703125,358.72700217281374,353.3744807454022,353.83692384755506,50696500
2023-08-22,357.5364990234375,360.6653543070012,356.84774369729803,360.6555055081969,44530200
2023-08-23,363.17431640625,364.2664820763043,358.5007013012925,358.7171646756477,51770600
2023-08-24,355.4112243652344,366.74596049885605,355.2046097815919,366.64759261976684,66842500
2023-08-25,358.1661376953125,359.8584793596251,352.813616618734,356.24751390715073,69960500
2023-08-28,360.8621520996094,361.79685715954855,358.3925057322388,361.088434258744,40910000
2023-08-29,368.74334716796875,369.09757365491316,360.3406997445947,360.665379833035,58492400
2023-08-30,370.7996520996094,371.3801906583347,367.8478954803411,368.8515119480578,41731500
2023-08-31,371.9114990234375,373.6136895466663,370.8095146489998,370.8783961791077,35730700
2023-09-01,371.5179748535156,374.70586283279096,370.0322475419477,374.2827848655316,39801200
2023-09-05,371.9902648925781,373.210314848442,369.7862659063022,370.71115217182,32344200
2023-09-06,368.7137756347656,371.5573157971025,366.70660260739953,371.2129381611802,42998700
2023-09-07,366.0769348144531,366.8542393043202,363.21372665470983,364.2566784896479,52060700
2023-09-08,366.5884704589844,368.82198545674055,365.6242492069954,366.0276595371048,35800100
2023-09-11,370.9079284667969,371.4195555120843,367.65115913843493,369.618997042065,39936600
2023-09-12,366.7951354980469,370.88824172927764,366.50979060925704,369.2352351552727,41391000
2023-09-13,368.1922302246094,369.79602260531544,365.89971272901795,367.03121329597195,46300700
2023-09-14,371.2030944824219,372.18701344044155,367.8774736268473,369.94367941722965,48039400
2023-09-15,364.8469543457031,370.2683569363539,363.91221940703196,369.8649465958127,69811200
2023-09-18,365.227294921875,366.34073749059183,363.621180779056,363.9069387117155,36903500
2023-09-19,364.4488830566406,365.24700863969736,361.4238722283556,363.9069563270103,37621700
2023-09-20,359.197021484375,365.86778417760956,359.1181771883691,365.51307505644786,45514200
2023-09-21,352.614990234375,356.30019516062777,352.44749868835635,355.5119023637014,69734800
2023-09-22,352.6642150878906,356.49718479026586,352.3488980230887,354.359006723338,51589700
2023-09-25,354.3393249511719,354.42803231885824,350.7132684630941,351.6986118611779,39168000
2023-09-26,349.0184020996094,352.2996117540498,348.03305891189785,351.75765495863584,53657700
2023-09-27,349.8362731933594,351.74784148919474,346.21018720799054,350.171286287333,56066000
2023-09-28,352.7626953125,354.8910400317703,348.0625894477545,348.91983313948447,56453300
2023-09-29,353.0189514160156,357.6303811505316,351.78727222768936,356.24104341766446,64829600
2023-10-02,355.9651184082031,357.3642890085675,352.6740755034777,353.2849835180275,51625100
2023-10-03,349.7180480957031,355.7187850269011,348.1020706923418,353.52145870022036,60478500
2023-10-04,354.47723388671875,355.3246146472607,350.0924443998235,350.5555569297421,54786700
2023-10-05,353.4327697753906,354.87136248860946,349.93481329542783,354.4673681510727,45897400
2023-10-06,359.35467529296875,360.54693213939856,349.6490388068552,350.4373013348461,75049100
2023-10-09,361.1874084472656,361.7293351903447,355.4921258364322,356.98983670606606,45304800
2023-10-10,363.18768310546875,365.8382589863909,361.0199458890347,361.52245052391424,46968800
2023-10-11,365.7790832519531,365.96630085500436,362.7934947273552,364.5178452299844,38215100
2023-10-12,364.50799560546875,368.26215071816847,362.1136188933288,366.2816313728331,49587900
2023-10-13,359.9261169433594,365.7199390309394,358.526916547061,365.1385902255916,52469900
2023-10-16,363.99566650390625,365.04999103567854,361.0987548405133,361.24655031919855,44201100
2023-10-17,362.8033447265625,364.4981360766888,358.3298785924585,360.448360262545,50999100
2023-10-18,358.04412841796875,362.51759464886226,356.7139091781102,360.31043565965376,54280500
2023-10-19,354.6940002441406,360.6553146993433,353.89587464125333,359.4630578223605,72274200
2023-10-20,349.4027099609375,354.7629794547473,349.17607019624336,354.19146355083643,72559700
2023-10-23,350.4570007324219,353.9943789248996,345.97367149410854,348.0823202047124,60665200
2023-10-24,353.8663330078125,354.6348995548222,350.5752900977818,352.27008172327623,47082100
2023-10-25,345.2052001953125,351.6493543958834,344.6238512027196,351.4719998022708,71190500
2023-10-26,338.62310791015625,344.93916255325956,337.3323104943421,344.0030743187561,78621400
2023-10-27,340.2488708496094,343.7271312742948,339.03688784248624,341.35245046408454,63476700
2023-10-30,344.0818786621094,345.4022350230032,341.37218469520366,342.73193313591645,55298500
2023-10-31,345.72735595703125,346.10179117581265,341.5396474517011,344.1114087821121,47671900
2023-11-01,351.7281188964844,352.2897717671252,346.46638953800874,346.5649298772897,58992700
2023-11-02,358.1131286621094,358.3496014034231,355.0191366352463,356.24098262937144,58162400
2023-11-03,362.320556640625,363.6113538875242,359.17730927962293,359.40394905155324,53280500
2023-11-06,363.79852294921875,364.3601757414516,361.53224581358205,363.08907470384185,38848700
2023-11-07,367.2374572753906,368.10453411405916,363.640930200235,364.84305022033044,50777400
2023-11-08,367.4739074707031,368.3114552322413,365.1879039548286,367.611839886679,35663400
2023-11-09,364.6459655761719,369.30661967147313,364.15329397571884,368.1636480202756,53859400
2023-11-10,372.84405517578125,372.991850652543,365.8382488743715,366.3703426610041,58309800
2023-11-13,371.6813049316406,372.7356293863506,369.74017759934657,371.26747762156936,40733500
2023-11-14,379.6822814941406,380.59867352227815,377.56379963116063,378.08603032361884,67792600
2023-11-15,379.968017578125,382.06680328167243,378.6082392310218,381.57413171070965,54141400
2023-11-16,380.2932434082031,380.5297161682242,377.9382585819302,379.1994967525258,45343500
2023-11-17,380.38189697265625,381.3967992648441,378.6575463743563,379.5640452781013,46571900
2023-11-20,385.01300048828125,385.6731936771707,380.3917383769215,380.3917383769215,44429600
2023-11-21,382.77630615234375,383.52517666953037,381.0322593676381,383.3083999445706,43337000
2023-11-22,384.3429870605469,387.30887987612056,383.3379477672656,384.8455217423324,44121000
2023-11-24,383.801025390625,384.53016970941434,382.8058191726008,383.93895779702086,15718800
2023-11-27,383.4660339355469,385.4169942650287,382.58906403651775,383.30837541200384,34139700
2023-11-28,384.4710998535156,385.05244878485433,382.3624507839871,382.71719000412895,35491100
2023-11-29,384.0966796875,388.36323313049917,383.7518035091755,386.934473278994,38811700
2023-11-30,383.1309814453125,384.82577294425124,380.16511887488576,384.36266043959097,52834400
2023-12-01,384.2247314453125,384.8159433818808,380.4114580563647,382.0668274225255,40490100
2023-12-04,380.6577453613281,380.933640220539,377.05138608503125,380.431105627936,51186900
2023-12-05,381.6136169433594,382.8058739225098,378.57874272515113,378.75612737344005,42933000
2023-12-06,379.40643310546875,384.64846678152765,379.0615869999134,384.54992643552964,41994100
2023-12-07,384.7075500488281,385.53523475354353,381.2884078381228,382.3821544599071,49593500
2023-12-08,386.4220886230469,386.865475058335,382.7861695022315,382.9733871316722,46687500
2023-12-11,389.7229309082031,389.9889928166888,385.7914211700645,385.998334821996,41198000
2023-12-12,392.82684326171875,392.94507965147454,388.6292710036339,389.76240983251677,39221200
2023-12-13,397.8224182128906,398.43332613077246,392.99424298061746,393.7628094047729,55408100
2023-12-14,397.4776306152344,400.3449530293757,394.47231564117436,399.04432278440584,55447800
2023-12-15,399.39898681640625,400.58141061861124,397.654940274926,398.2559851596845,62896600
2023-12-18,401.91473388671875,402.8131909265067,399.46622076148566,399.7920202843143,46610000
2023-12-19,403.9682922363281,404.0867647706254,402.1812612065287,402.36885276261586,35711900
2023-12-20,397.9654541015625,405.2616995946524,397.78774528609546,403.16860430932405,54042400
2023-12-21,402.5959777832031,402.9613083279881,399.33786206115974,401.89499509252914,45568900
2023-12-22,403.1982116699219,404.76803309196526,401.3223261415251,403.8103398826286,34314000
2023-12-26,405.66650390625,406.33786841215897,403.95844437499267,404.0571815388857,22722500
2023-12-27,406.4922790527344,406.77875835861545,405.0895463807411,405.94898429838435,31980500
2023-12-28,406.2947692871094,407.8950804007767,405.9391646926511,407.6481227170023,27029200
2023-12-29,404.5364074707031,406.6306338260502,402.62001354809854,406.2749991067649,42662100
2024-01-02,397.6907653808594,401.14817289593526,395.3693571629253,400.901215216287,58026900
2024-01-03,393.4825744628906,396.12009559564825,393.04795670596747,395.06310955186376,47002800
2024-01-04,391.45751953125,394.7272364938344,391.2401955875345,391.61557604906113,39432800
2024-01-05,391.9218444824219,394.69764643870457,390.52899952720855,391.62550732012187,44922800
2024-01-08,400.0220642089844,400.30851341401365,392.99857207712546,393.14674065665804,42473800
2024-01-09,400.8122863769531,401.74084959997214,396.82144210862884,397.01902029717724,39132900
2024-01-10,403.5288391113281,404.5364155681049,400.2393761596448,401.12841775635377,33962800
2024-01-11,404.36846923828125,406.195961909604,399.3206391076395,404.80311712160767,54536200
2024-01-12,404.5758972167969,406.24533333874797,403.1830524563775,405.4056713013919,39595000
2024-01-16,404.5364074707031,406.11694258110475,401.879140541304,403.3411407940105,43903000
2024-01-17,402.2544860839844,402.6298665315489,398.01671455845167,401.2271639757204,54386000
2024-01-18,407.9642333984375,408.5470499542549,404.1808546899271,405.5242901108884,59562500
2024-01-19,416.05450439453125,416.2125609154911,409.58422571941946,410.167042183222,70325100
2024-01-22,416.5978088378906,419.5613006311132,415.995216497246,418.2573570070079,44880600
2024-01-23,418.3265380859375,418.5438620366408,415.4519472523529,417.28929780686303,33003800
2024-01-24,420.64794921875,424.6190480726647,420.1540338505478,422.23837238038595,46948000
2024-01-25,421.16162109375,423.81888806396256,418.820467179713,423.1471402830395,44367200
2024-01-26,418.6524963378906,421.02328381753233,418.0005245054045,419.27483445736374,37137000
2024-01-29,422.939697265625,423.1372754590085,418.45493756237755,419.10690942510337,38694700
2024-01-30,420.1243896484375,422.47543156579263,419.21560227550077,421.9025030173065,36739000
2024-01-31,411.8957824707031,417.72397777360334,411.7179801736245,415.72857054302847,64010600
2024-02-01,416.74603271484375,417.23994807927374,412.72555441329524,413.6936393802105,51008600
2024-02-02,423.7892761230469,425.00428864171005,417.64496770412137,418.64265625377294,59602400
2024-02-05,423.2360534667969,424.38191049056013,419.8280256705213,423.8485036455597,39889200
2024-02-06,422.3865051269531,424.9845045666784,420.0453513036871,424.3819121925699,35846100
2024-02-07,426.7330017089844,427.56277593245227,423.8682985252067,425.1722423676001,37712700
2024-02-08,427.5232849121094,428.28390374796925,426.16996158844313,426.8515370812875,29889900
2024-02-09,431.73138427734375,432.52166690474706,427.86899286829663,428.65924534950017,36943900
2024-02-12,430.04217529296875,433.7959497087528,429.3605697585453,431.62271030244636,33203300
2024-02-13,423.3348388671875,426.0217396052204,420.15402277397357,422.08030471765994,64491700
2024-02-14,427.9480285644531,428.3727885417839,423.6608468287441,426.0118887813397,45092700
2024-02-15,429.2223205566406,429.6866021844067,426.0809960674444,428.6395040700747,38796100
2024-02-16,425.33026123046875,429.6964559347723,424.6190219381849,429.59769698417165,53716500
2024-02-20,422.11981201171875,424.8462041800542,418.34629159155463,423.3348244505183,53999500
2024-02-21,420.4306335449219,420.51956484161013,416.49908643004204,419.38353535537277,49779000
2024-02-22,432.73895263671875,433.7761626949603,428.43199559983816,429.20250225212544,53887800
2024-02-23,431.46466064453125,435.228292926846,430.486717969249,434.29972972450184,39853900
2024-02-26,431.2374267578125,433.2624975303855,431.04973653630094,432.27466695240753,33043200
2024-02-27,432.27471923828125,432.6599575342669,429.7359871107177,432.34387462219166,33713200
2024-02-28,429.9730529785156,431.3560400595294,429.0148560047162,430.1311095062372,32938800
2024-02-29,433.6576232910156,434.73435500237224,429.7260467420334,432.8970045993775,42495200
2024-03-01,440.1872253417969,441.1454223300951,434.487453034906,434.5467204654234,43853000
2024-03-04,438.6165466308594,440.6119838022622,438.36958897271137,440.18719371913676,34325700
2024-03-05,430.74359130859375,435.5839861548268,428.37280351125247,435.57409820043125,57917100
2024-03-06,433.4502258300781,436.61126586958386,431.5733535962779,434.9616055413098,46234500
2024-03-07,440.0291748046875,441.2837088767111,435.4950055955854,437.0360491430509,44526700
2024-03-08,433.6774597167969,443.18041717681746,433.0057420191099,440.3848391776564,72096000
2024-03-11,432.0672912597656,433.32182541621614,430.14100930544924,432.18582612227107,45860000
2024-03-12,438.260986328125,438.6165909215912,431.14859299678636,434.3788187851117,55300900
2024-03-13,434.8924560546875,437.28301956013377,433.7762025649882,437.26324365300286,37928700
2024-03-14,433.7959899902344,436.6508050498592,431.079455553198,436.12725598238745,52195200
2024-03-15,428.6394958496094,433.52923955852765,427.4738327526326,430.76332575224257,73069800
2024-03-18,432.7275695800781,436.24889410361027,432.490156226249,433.96399055564586,47323800
2024-03-19,433.8057556152344,434.2113053461235,428.6226579939233,430.71965347253405,43004100
2024-03-20,438.94927978515625,439.28558271537105,433.30131642838063,435.0026331369198,43653500
2024-03-21,441.0264587402344,444.4587649437248,440.82864947457784,444.00377042804644,39345700
2024-03-22,441.5309143066406,442.62884172673427,439.6614311607801,440.51210455310553,28253900
2024-03-25,439.92852783203125,441.4122331500876,437.73264275386543,438.7316504748345,27789200
2024-03-26,438.504150390625,442.37167905062427,438.27663805083887,441.4517588496184,34142000
2024-03-27,439.99774169921875,441.68918748510794,437.12925080626644,441.5902677606485,41359200
2024-03-28,439.1866455078125,440.79894334096645,438.83054055878017,439.94826998598796,36839600
2024-04-01,440.1164855957031,442.6684455730439,438.2074283944994,440.13625746716383,38729000
2024-04-02,436.3181457519531,436.63467679175466,433.2716175055322,435.2993359937669,44259700
2024-04-03,437.2973937988281,439.17674771806725,434.1816188556079,434.1914896972789,39949800
2024-04-04,430.6108093261719,442.0947032292261,430.3832969960165,441.48141305916283,57267700
2024-04-05,435.68511962890625,438.35580126025417,431.22410267243185,432.03520215289296,54744600
2024-04-08,435.8136901855469,437.6930441117525,434.42890467076694,436.6148885971717,28144900
2024-04-09,437.42596435546875,438.42497196594405,432.68799077841504,438.1480148779818,39443600
2024-04-10,433.6078796386719,434.46842379603106,431.5405874183567,432.25276709790546,61502200
2024-04-11,440.5318908691406,441.4814538292868,433.20238290855747,435.4774158620286,45474600
2024-04-12,433.5090637207031,437.43593883261815,432.13417898239015,436.30833834521655,53665000
2024-04-15,426.3773498535156,437.3468744561604,425.5365774509986,437.2578557574557,63453600
2024-04-16,426.4169006347656,429.0480082692235,425.03211508664594,426.2190611910081,47619000
2024-04-17,421.21405029296875,428.4149656563119,420.2842591999878,428.3951937854625,56880500
2024-04-18,418.81048583984375,423.5880040974066,418.23676949612997,421.8570144092069,46549400
2024-04-19,410.1455993652344,418.1576140935352,408.58277638390166,417.63337275699286,75231000
2024-04-22,414.2702941894531,416.6046426178408,409.44330163156485,412.7766879173197,47807700
2024-04-23,420.4523620605469,421.6492090659688,414.31970218727054,416.19905595938496,44384700
2024-04-24,421.87677001953125,425.06179190259485,419.5918662975575,423.5484137206893,48440300
2024-04-25,419.8391418457031,420.6996860627022,413.59769082942586,414.6857171994804,57392200
2024-04-26,426.3179931640625,427.85114324602824,422.28232799555997,422.9747056964863,41874900
2024-04-29,428.0489501953125,429.0479880228406,425.309052126324,428.42482700907794,30022200
2024-04-30,419.9775695800781,427.8609906947796,419.8984519218457,426.46630425322616,43665900
2024-05-01,416.94097900390625,425.4673645155584,416.09033575149846,418.5532769953046,52251700
2024-05-02,422.2625427246094,423.16266093905045,416.0606651382385,420.67991762434,36559000
2024-05-03,430.74932861328125,431.73846546858186,427.92038151036974,429.7206178316715,48515300
2024-05-06,435.4674987792969,435.5565174735854,431.7780074570127,432.5495329935745,30227200
2024-05-07,435.5367736816406,437.1688435542686,434.80479183797706,435.9126505391316,30996100
2024-05-08,435.2795715332031,436.684159179944,432.7968283132177,432.9155500947103,24896700
2024-05-09,436.2291564941406,436.8028728157536,433.69696837697614,435.5466495999141,24580100
2024-05-10,437.2578430175781,439.4834009785405,435.71479191286244,437.73263958289897,27116600
2024-05-13,438.2667236328125,439.265761468491,436.85226524194286,439.16684175047317,22994200
2024-05-14,441.0857849121094,441.6199272591331,437.65347886134185,437.8414172762935,34478300
2024-05-15,447.9801025390625,448.22738676768705,442.04528105207277,443.5586593238126,41464700
2024-05-16,447.070068359375,449.75062067502097,446.9019018190155,447.7921189150022,34780400
2024-05-17,446.85247802734375,447.80204096189675,444.6565929882727,447.1986517798775,35803700
2024-05-20,449.9682312011719,450.6309359616545,446.88212917453916,447.07006758388434,24474200
2024-05-21,450.8485412597656,451.0364796666063,447.92070478454946,448.11854421892684,23167700
2024-05-22,450.7595520019531,451.85750961813636,448.15811721893635,451.1057559416888,25120000
2024-05-23,448.7318420410156,455.57665236835396,446.9415066973637,455.5469794693014,40899200
2024-05-24,452.9752502441406,454.24134425420493,448.6428258419646,450.34414249793184,29669500
2024-05-28,454.6864318847656,454.7457776824367,451.7289222852623,454.19186344679855,26216800
2024-05-29,451.4815979003906,453.2620320442517,450.39354139644917,450.53203503606863,29739200
2024-05-30,446.644775390625,450.69037205896115,445.31933550680014,450.55187839736584,30536800
2024-05-31,445.8138427734375,447.56463424460736,438.24695222110114,446.8722264038195,55941300
2024-06-03,448.2076110839844,450.6309783922545,443.0344141981781,449.6319706436315,32997500
2024-06-04,449.4341125488281,450.63095970345694,446.22931876556424,447.9504072512339,23767400
2024-06-05,458.49462890625,458.5737465768754,449.47370515181433,453.004931151471,33817400
2024-06-06,458.3363342285156,459.4936376169888,457.16915999813136,459.17710658249314,21966800
2024-06-07,457.9307861328125,460.6805853594163,456.82295769418954,457.9703600587807,25829700
2024-06-10,459.7804870605469,460.1365920375163,456.5163473996493,456.8032055496993,20660800
2024-06-11,462.9358215332031,463.0545433124852,457.0109014117994,458.50450772730306,22053300
2024-06-12,468.999267578125,471.3237453921932,466.17035045815595,466.862728194943,34532600
2024-06-13,471.54132080078125,473.1931926237643,469.26631811797995,472.530457651749,25859000
2024-06-14,473.98455810546875,474.0538049396366,470.8786534580396,471.34354905220687,23372600
2024-06-17,479.79071044921875,481.57114467660335,472.94590045979214,474.2515381397125,37054500
2024-06-18,479.9391174316406,480.6216243226489,478.17845491806946,479.74130815889504,24438600
2024-06-20,476.23974609375,481.55140643530837,474.4098367852232,481.13598584006996,33918700
2024-06-21,474.9637451171875,477.2981238769037,473.4701689381695,475.96278303672466,37456800
2024-06-24,469.5564880371094,475.47102271790493,469.4178044814247,473.7372817505667,37751000
2024-06-25,474.9261169433594,475.2233175695722,470.70568664689,471.64687235329933,29014700
2024-06-26,475.90692138671875,476.45182952740066,473.6877426969305,474.10382358424476,22737100
2024-06-27,477.1353759765625,478.611553035427,474.84684046619515,475.65922915173917,26222100
2024-06-28,474.65863037109375,482.6734937308387,474.0146754920727,477.92798859650065,34881600
2024-07-01,477.4425048828125,478.00718604712443,471.83508819375936,475.5799670851858,24898300
2024-07-02,482.45550537109375,482.51494549553286,475.8177426243462,475.94653963864454,26723600
2024-07-03,486.477783203125,486.6065802178196,481.7025582982194,481.7025582982194,18064900
2024-07-05,491.5502014160156,491.9861158127836,487.02265384242645,487.31988469515403,28495900
2024-07-08,492.71923828125,493.27403293388477,490.8963372463012,491.916766364616,22109400
2024-07-09,493.145263671875,495.35455587533437,491.6294799402582,494.2350497416093,25614500
2024-07-10,498.2869873046875,498.8417819227691,493.7594701786326,495.06718307323126,28046900
2024-07-11,487.3594970703125,498.6040508659988,486.1706643474196,498.3960104304496,49966600
2024-07-12,490.2226257324219,494.9780167524356,487.4684559718065,487.9340904027109,37109400
2024-07-15,491.5403137207031,496.3551756664707,489.49945539424647,491.9960314409882,31151400
2024-07-16,491.7285461425781,493.80904127855604,488.56818172649724,492.9966525685197,25950600
2024-07-17,477.29388427734375,484.2585676332021,477.224557622275,483.74340981561966,56268800
2024-07-18,475.03509521484375,481.197307007146,471.8450107133488,481.0189866258677,49347400
2024-07-19,470.8245849609375,477.2146707760449,469.53667521921534,474.69826118608114,42042900
2024-07-22,477.83880615234375,478.85923528562404,473.2716216155166,476.6895800024484,40300000
2024-07-23,476.1545715332031,479.92917053758373,475.67905054621997,476.9372401363334,23282500
2024-07-24,459.07476806640625,469.7843305630981,458.2128560235188,469.4177730491382,58818600
2024-07-25,454.0122375488281,463.5924076204099,451.39678130888416,459.4116141087208,59256800
2024-07-26,458.6685791015625,461.60106948166003,455.4982979856442,458.3515449431624,39992100
2024-07-29,459.5899353027344,463.56268838097253,457.3311198139349,461.383116315446,28218500
2024-07-30,453.2791442871094,462.2252464673246,449.93054261059604,461.5218514548279,41317200
2024-07-31,466.6933288574219,468.39734966717026,462.076620963173,463.5230477398301,44552100
2024-08-01,455.38934326171875,471.1316949567563,451.74354107209894,467.3769292797384,56653900
2024-08-02,444.5807189941406,449.35594422368536,440.3404851566056,446.7008510299297,66323200
2024-08-05,431.3249816894531,438.1807014186111,419.51574708871345,420.76401989618296,87483500
2024-08-06,435.4463806152344,442.91633588521086,430.52255505334097,433.1677617207585,63164400
2024-08-07,430.7305908203125,444.82839240368696,430.33431322132714,442.34170285143637,54929200
2024-08-08,443.9070129394531,444.8184483377776,433.08845677026795,436.96213279824934,47890100
2024-08-09,446.2252502441406,447.8599140690418,441.4698288405631,442.58933486287685,33574000
2024-08-12,447.186279296875,450.1484898369526,444.3825556071596,447.19619606278854,27795000
2024-08-13,458.28216552734375,458.54967631273865,451.4462793308009,451.58499310604867,40084500
2024-08-14,458.4308166503906,460.78867882910635,454.1410294667669,459.203568511929,34733700
2024-08-15,470.01220703125,470.4084846096922,464.02831582443696,464.4047901058715,38280600
2024-08-16,470.6165771484375,471.9837606443562,467.2679753069078,468.2289644138909,38383600
2024-08-19,476.79852294921875,476.838159775864,468.9719276760101,470.75522206656456,23737700
2024-08-20,475.7979736328125,478.4530668293287,474.10383926202763,475.88713382589964,29209300
2024-08-21,478.01708984375,479.86971082600905,474.86664249742586,476.58054970811685,25658800
2024-08-22,470.4382019042969,481.0288841455253,469.4078560191765,480.33537571180096,37739600
2024-08-23,475.5403137207031,478.25484666996635,470.864166093088,474.78736521575286,36061500
2024-08-26,470.92364501953125,475.91682719058724,468.8431499287544,474.9954750129997,27452600
2024-08-27,472.3304443359375,473.400396779738,467.32734562030106,469.28896037364865,27510000
2024-08-28,466.970703125,472.5880063433666,463.5428583776521,471.86480810777596,37372400
2024-08-29,466.287109375,473.4895530413343,465.0090862780714,468.88276216101195,41081500
2024-08-30,471.8450012207031,472.4691527766626,466.1385374963052,470.62644840577417,33466500
2024-09-03,457.5193176269531,468.9322743417684,455.1416220906215,468.8035075692745,44985200
2024-09-04,456.3304748535156,460.1348241601613,453.477258224592,454.40852713775496,32505100
2024-09-05,456.7564697265625,461.03630947784416,453.68526588800313,454.70569491267526,34452400
2024-09-06,444.521240234375,456.9348232587385,444.0258857158704,456.05307770346093,50624400
2024-09-09,450.2376403808594,451.2283494616286,445.6407659677918,448.8506537145908,32981200
2024-09-10,454.3985900878906,454.9038613489134,448.0283385228492,452.0010610232758,29680300
2024-09-11,464.26611328125,465.0091451377414,447.08722038725296,455.63704512006154,57843000
2024-09-12,468.8233642578125,469.6357529807418,462.5125520912894,464.29581638811914,40067800
2024-09-13,470.92364501953125,472.1025912298367,467.86235762577684,468.0902315957997,29111800
2024-09-16,468.8431396484375,469.4573744200276,465.524288528779,468.79361628971213,22585600
2024-09-17,469.0908203125,473.16265024621885,466.59424438062723,471.86482380417743,30084400
2024-09-18,467.05987548828125,474.38119962315574,466.4555272479723,470.2895966560615,39909200
2024-09-19,478.869140625,481.71250116567927,476.0258103183634,478.1261087929225,52782500
2024-09-20,477.9576721191406,479.19605842028795,473.8561221774012,478.0071954775703,34577700
2024-09-23,479.2246398925781,480.31595742220645,477.7960115404337,479.13535440513533,24843000
2024-09-24,481.5361633300781,482.4885720219182,476.3772551624619,480.6333475885268,25952600
2024-09-25,481.98260498046875,483.9370455260504,480.7325477988355,480.91111874577587,26549900
2024-09-26,485.60382080078125,489.80042016717226,481.96279573601043,489.47300978582507,32020200
2024-09-27,482.9052734375,486.76456175281504,481.72467055232573,486.6256530479584,22851100
2024-09-30,484.2148742675781,484.55218506630086,479.10555878077656,481.9429538811356,30281100
2024-10-01,477.4685363769531,484.14538839099305,473.62910955506385,483.8477701398877,42735400
2024-10-02,478.1431884765625,480.05793653831387,473.9465894744548,476.5657209152366,23744000
2024-10-03,477.7860412597656,480.72265250634194,475.2065719333754,475.95064787695753,25337200
2024-10-04,483.4707336425781,484.02630785751336,478.579682300566,483.5997116347102,30686600
2024-10-07,478.2919921875,482.72668574042143,477.0716968180428,481.55601359663206,24975100
2024-10-08,485.4351501464844,486.11970246020155,480.0282162700938,480.83181589462646,28272000
2024-10-09,489.2547302246094,489.83016591016013,484.0958218394654,485.1375160516646,24995000
2024-10-10,488.6991882324219,490.5643435683683,485.66336059890216,486.97294161476196,25750400
2024-10-11,489.4630432128906,490.48493653463544,486.298268176488,486.86374286155046,20644500
2024-10-14,493.57037353515625,494.8898548804224,491.34807641617016,491.85402746733337,26060100
2024-10-15,486.972900390625,494.5624688319381,484.82002737514097,493.8977476785361,34784500
2024-10-16,487.03240966796875,487.8062474023501,483.718795252719,487.30026609568785,22996800
2024-10-17,487.36968994140625,492.5682902789601,487.31016629452773,492.51869733206945,27210700
2024-10-18,490.5643310546875,491.65564854006584,489.40355921193753,490.15756588847694,25335000
2024-10-21,491.5068054199219,492.3104049952959,487.4292536147581,489.35393242594535,30336500
2024-10-22,492.0425109863281,493.5207623873369,488.0840368199485,488.8380434331737,26685800
2024-10-23,484.5025634765625,490.34605451121007,481.2187106828383,489.6912640374047,39346600
2024-10-24,488.4312744140625,489.1058959697234,485.5740180882913,488.2229113611023,22024900
2024-10-25,491.4075927734375,496.32840643950317,490.52460813834386,491.22902181685464,38762100
2024-10-28,491.4869689941406,494.58232014940006,491.1893507201843,494.52279649460877,20477800
2024-10-29,496.2093811035156,497.3899840518489,489.949224432872,491.804448986959,28014100
2024-10-30,492.4592590332031,496.39790249240116,491.97313907393766,495.44549370075856,29756000
2024-10-31,480.0281982421875,488.5404136876197,479.92898206139125,488.4908207354854,41245200
2024-11-01,483.57989501953125,486.8736783677744,481.36752865476586,481.6651469129995,33655800
2024-11-04,482.1711120605469,485.5144882475446,480.42500426672166,482.9747116073583,23291600
2024-11-05,488.3221435546875,488.986864708101,483.66918631037436,483.7584717889176,24353600
2024-11-06,501.5865173339844,502.40997829462293,495.65377146447037,496.60618015035925,43082200
2024-11-07,509.4836120605469,510.26741073728783,504.3247041524069,504.3842278003702,32853100
2024-11-08,510.0789794921875,510.8527870225075,508.36260305843524,508.9876317248382,22924500
2024-11-11,509.7813720703125,511.5076186893174,506.8844228762925,511.2992556117253,24167500
2024-11-12,508.8586120605469,510.5947892022127,505.80295361288677,509.7118651333431,25835300
2024-11-13,508.203857421875,510.9122744153452,505.9220366929146,508.35269682828596,24567400
2024-11-14,504.6719970703125,508.739588052962,503.75925058094214,507.8665643683169,28679500
2024-11-15,492.6477355957031,499.3543196021951,490.58414799637626,498.9674158501514,51461100
2024-11-18,496.0704345703125,498.1737145612043,492.8064433987384,494.1953790330812,27080800
2024-11-19,499.4832458496094,499.96939601024445,493.1536355499042,493.4909765905591,24523000
2024-11-20,499.1955871582031,499.5031361161102,492.6377823112046,499.1856564574556,29565500
2024-11-21,500.9913330078125,502.95567423476723,493.6299279279644,502.24136007682114,34526700
2024-11-22,501.7948913574219,502.5290365817057,498.8086569561695,500.4357175118036,23826600
2024-11-25,502.58856201171875,507.41018976726633,500.2769794512125,505.87241468402135,26375200
2024-11-26,505.2870788574219,506.1105398394157,503.2235216050594,504.0667834357268,26557100
2024-11-27,501.3087463378906,504.2255264165309,497.96536999082,504.1561023396317,24957400
2024-11-29,505.71368408203125,506.3089508903919,501.31868278834094,501.9337807222535,15334000
2024-12-02,511.2198181152344,512.1821877904773,506.58672235220234,506.97365636244604,25147200
2024-12-03,512.7874145507812,513.065231991336,509.3150598622085,509.89049559402883,18597900
2024-12-04,519.126953125,519.3849091600352,515.4958283369896,516.2101727842456,26086200
2024-12-05,517.6883544921875,519.9007209183162,517.3014204692249,519.1765063776851,18169600
2024-12-06,522.3214721679688,522.5595667910787,518.2240889616199,518.3530669746475,23762600
2024-12-09,518.2538452148438,522.1924580312864,517.102973878682,521.3987891581372,20674400
2024-12-10,516.4878540039062,521.2301267457367,515.0592258717493,519.4840189672058,24350000
2024-12-11,525.7342529296875,526.4188051823884,520.4463971119644,520.8531319621538,32168600
2024-12-12,522.3413696289062,524.7819607903772,521.8651803498141,523.5120419753823,23577500
2024-12-13,526.3395385742188,528.9586400198303,523.1350101576185,526.2700842159519,28780400
2024-12-16,533.9191284179688,534.8914288475645,528.7899817598816,528.8693668170654,31979900
2024-12-17,531.56787109375,533.2345940322791,529.9110788568347,532.1234454065931,28579100
2024-12-18,512.3905029296875,532.6393233284896,510.942073860317,530.9230075449514,54703200
2024-12-19,510.1086730957031,517.6387480839205,509.7713925868022,517.0732431157651,46441800
2024-12-20,514.5632934570312,520.6746720854811,505.26733831570937,506.4082488880885,60530000
2024-12-23,519.576416015625,519.9540272324169,512.8788812504641,516.2773215508976,29672800
2024-12-24,526.621826171875,526.7112253012842,520.8881517500126,521.5241349732042,17558200
2024-12-26,526.2640380859375,527.8937223215758,522.994783551006,524.9921323134935,19090500
2024-12-27,519.2683715820312,523.1338828752066,514.5979649367405,522.6966520264838,33839600
2024-12-30,512.3621826171875,516.0885615458353,508.6059938701245,512.262836772703,34584000
2024-12-31,508.0097961425781,514.3992562583705,507.0459049159329,513.644094410772,29117000
2025-01-02,507.01611328125,513.3857408470585,502.52456498862887,511.0604536321022,36389800
2025-01-03,515.3134155273438,516.3766827391748,509.3015373778752,510.11631872085275,29059500
2025-01-06,521.2359008789062,524.5946151120777,518.7417623146622,520.7192176012078,36109700
2025-01-07,511.9348449707031,522.676749747613,510.0468495678178,522.2793057604914,36690300
2025-01-08,512.0244140625,513.6639845794838,507.3540064991393,511.835608416831,30777800
2025-01-10,503.9952392578125,508.35757110922964,500.74584773317105,508.2582252642564,40532500
2025-01-13,502.37548828125,502.83258226211484,496.5524148250259,498.04296636403393,31694200
2025-01-14,501.89849853515625,506.94651670595886,498.4304916746537,505.5354479124467,33737200
2025-01-15,513.4453125,514.5880322454942,508.2382987029594,509.79844685715614,34957600
2025-01-16,509.84814453125,515.7904573182853,509.71895854451463,515.7109442532102,28229000
2025-01-17,518.4535522460938,520.768892568159,509.8779077274795,519.5565458046289,51837900
2025-01-21,521.4943237304688,522.6569370321079,516.784190233401,521.1763321012501,23628000
2025-01-22,528.1619262695312,530.4573727104417,525.9260994510853,526.2341442755994,33593000
2025-01-23,529.2849731445312,529.4042124255304,525.1213630726537,525.7076127624492,23096600
2025-01-24,526.2938842773438,530.427653898665,524.8232261530454,529.6625453438141,19878300
2025-01-27,510.97100830078125,514.7271665075501,506.936554378914,507.7812062861425,60771700
2025-01-28,518.5231323242188,519.7056389765987,508.5563122008364,511.9746158466005,33194200
2025-01-29,517.5493774414062,519.2983011374322,513.6441392716389,519.169115138246,26649000
2025-01-30,519.7552490234375,522.7860246698378,514.9457705817763,520.4111255886488,27431300
2025-01-31,519.0000610351562,528.1719622881295,517.9070142215932,523.6009014071057,38755200
2025-02-03,514.846435546875,517.5691667149378,507.8309085723365,510.2356481268789,40580800
2025-02-04,521.1663208007812,521.8023039804046,514.9656364261884,515.3631410761267,26046800
2025-02-05,523.5313720703125,523.6903982021383,517.3406339590531,518.533087344952,21134100
2025-02-06,526.2640380859375,526.4727371352427,522.4283666892038,524.0381574961376,19434500
2025-02-07,519.6261596679688,528.7483284429109,518.9007772767695,526.8007131129621,29605500
2025-02-10,525.916259765625,527.0192533310259,523.432007239571,523.8990176021349,20852800
2025-02-11,524.6641845703125,526.5820202342347,522.5178170831823,522.6470030660466,19325500
2025-02-12,524.9722900390625,525.8566985928285,518.662312181656,519.0100833136883,25009400
2025-02-13,532.5243530273438,532.8422839525621,525.856597948036,526.6415998490472,28714800
2025-02-14,534.76025390625,535.445910069072,532.2958340155867,532.6337190649526,17862600
2025-02-18,535.9724731445312,536.5985095911096,532.6634320198589,536.3301909280925,20565000
2025-02-19,536.12158203125,537.4034344848549,533.0808594023651,535.1775539526902,19666900
2025-02-20,533.845947265625,535.7041632085364,529.106034929491,535.3364987054381,26550800
2025-02-21,522.7662963867188,535.0087013272569,522.3986318284577,534.9888078968528,47093800
2025-02-24,516.5953369140625,525.7373982954535,516.2575125365582,524.5548916727963,39268400
2025-02-25,510.0866394042969,516.0488458111333,506.23107440915334,515.9693327435128,48940000
2025-02-26,511.3187561035156,516.3866066654181,508.1488476612619,512.2826775590353,34457600
2025-02-27,497.1188049316406,515.8004025498751,496.90018949133594,514.866321152696,52448000
2025-02-28,504.96905517578125,505.5751982352111,493.7998352114138,496.9796905709141,47654000
2025-03-03,493.9190673828125,509.80833658708485,490.4709237175102,508.29792199196845,44587200
2025-03-04,492.42852783203125,500.5669416036149,484.6677252997208,491.0671622880661,67875400
2025-03-05,498.84783935546875,500.4576300932126,488.1655538058739,493.07443907980854,46323700
2025-03-06,485.12481689453125,495.4394073029576,483.1374149905395,490.58022541687785,57574300
2025-03-07,488.6922302246094,490.172835031535,477.5031471015196,484.0913896771833,54714700
2025-03-10,469.7523193359375,480.9215096966139,465.7079486891979,480.4047960555825,76668000
2025-03-11,468.62939453125,475.7939702022416,464.0683106107926,469.37467027626616,68760800
2025-03-12,473.9158935546875,478.0297999193566,468.8182025802525,476.1417740872487,46971100
2025-03-13,465.3899230957031,473.2799114684233,463.4919505450515,473.2501016514119,46563300
2025-03-14,476.6386413574219,477.5329662224829,470.13982810737366,470.7460015069771,43563000
2025-03-17,479.72900390625,482.77967314656735,474.7903088976975,476.5889052181335,41744400
2025-03-18,471.5508728027344,476.5889137375583,469.4342848576123,476.39019173623467,39072300
2025-03-19,477.8608703613281,482.27287473503395,471.87877115950045,473.8065534525706,40430300
2025-03-20,476.2411804199219,481.4978372007988,473.18056416842603,473.87616704158864,36780500
2025-03-21,477.81121826171875,478.57635716753504,469.9311760645656,471.0937893328144,42234900
2025-03-24,488.29644775390625,489.1423592971704,482.0665930507614,485.39050030859886,34567200
2025-03-25,491.08294677734375,491.2421796862816,488.05761261924056,489.022941249908,26035200
2025-03-26,482.04669189453125,490.7843964317407,480.49420901971564,489.92852335581483,34627100
2025-03-27,479.3000183105469,484.2361173499164,477.9366224976435,480.08622136250784,33469800
2025-03-28,466.6810607910156,478.20526514414263,465.79533345257164,477.4986938052008,46363800
2025-03-31,466.6611633300781,467.5966072840796,455.12696717610356,459.6948832614754,53000300
2025-04-01,470.4229736328125,471.3484864500327,462.18286035410387,465.04896162318204,41156200
2025-04-02,473.8562927246094,477.2498697785152,463.61585302345657,463.8746102747231,49894500
2025-04-03,448.4891052246094,457.8537794541511,447.9716210778618,454.24126086225453,70456300
2025-04-04,420.6339416503906,438.2486595831719,420.6339416503906,436.0294213013578,117088400
2025-04-07,421.6490478515625,441.0053675205171,400.4516641030583,406.6914499899583,161557000
2025-04-08,414.0557861328125,441.0053554988176,407.81600041600757,436.0493338288811,101248100
2025-04-09,463.7552185058594,465.5763897991723,413.4288133631856,413.56815354318593,142876900
2025-04-10,444.0306701660156,453.39534429067385,430.54595489590434,451.37512434983404,108384100
2025-04-11,452.21112060546875,453.5944394661005,439.2040723268698,442.5080869674275,52483800
2025-04-14,455.2762756347656,462.80978696729005,450.4496325846052,462.2226327115798,43941200
2025-04-15,455.7838134765625,460.15268105084914,453.9526805576148,456.33118230210107,35404200
2025-04-16,442.04034423828125,450.4396905530406,435.6512868687369,446.86698749756175,48980600
2025-04-17,441.96075439453125,445.5931660897692,439.23393245815055,445.0159733415272,44837000
2025-04-21,431.02362060546875,436.9648633110088,425.86858083880827,436.1189822025886,44149300
2025-04-22,442.33892822265625,445.42397106891866,435.5119573980011,436.7061890853483,52304400
2025-04-23,452.3703308105469,461.14785116525866,450.6984308488603,455.9629568263105,55801100
2025-04-24,465.0987243652344,465.4072286279397,453.6341981671536,454.28109133466916,45956100
2025-04-25,470.28363037109375,470.81107609503925,463.1481859616907,464.72056158591084,38697100
2025-04-28,470.1343688964844,472.5228018406058,463.7850969803822,470.75137745023704,33550800
2025-04-29,473.23931884765625,474.1250461983433,467.32793004665405,467.9051531308386,30613100
2025-04-30,473.1795959472656,474.90127322951986,460.2024029412006,464.87977453427817,46810600
2025-05-01,479.35968017578125,484.83318599096134,478.4242058431775,481.08135748377987,43316500
2025-05-02,486.4752197265625,488.54521706431206,482.49448832227375,484.1962728644179,39218100
2025-05-05,483.5892333984375,486.67430655244186,481.7680620014255,482.2656534659239,28309500
2025-05-06,479.09100341796875,482.71345338039805,475.88651326591844,477.2499089792982,32786300
2025-05-07,480.97186279296875,483.4598199362607,474.4832814966688,479.75773849221946,38006300
2025-05-08,485.9378662109375,490.32662643958486,481.8377175267332,486.1767003880921,39577600
2025-05-09,485.6194152832031,489.17222563016486,483.8579524315384,487.8486153265174,27767400
2025-05-12,505.40362548828125,505.44344130675324,499.0643154796623,504.5477524292731,45090600
2025-05-13,513.1063842773438,514.8977013705513,505.97090943590337,506.707335072133,53269600
2025-05-14,516.1814575195312,516.7287959644325,513.2655789214306,514.2806849131285,47014500
2025-05-15,516.7487182617188,519.4158011315517,512.6883550423395,514.0318883953613,50153300
2025-05-16,518.997802734375,519.1868899000237,514.6090124784221,518.1518608917828,48394600
2025-05-19,519.4954223632812,520.0129368955124,511.76283198638407,511.76283198638407,52536200
2025-05-20,517.7637939453125,518.4205878915068,514.171137741155,516.967599082951,42517600
2025-05-21,510.5686340332031,520.4806779894516,508.77731688816084,513.7831162356644,71292800
2025-05-22,511.5240173339844,515.2161678084017,509.8321942334835,511.18562841742636,55607200
2025-05-23,506.78692626953125,509.37440786318274,503.14455323986806,503.74166904926017,58368100
2025-05-27,518.7091674804688,519.1968580915909,512.1111611741854,513.6636439652767,47226300
2025-05-28,516.4102783203125,521.1573196978349,515.8928245699911,519.6645455027536,46637200
2025-05-29,517.4254150390625,523.943850597734,514.8280023627366,523.7946096140164,58513300
2025-05-30,516.609375,518.1718194248762,509.46396914496165,516.937802360934,67662800
2025-06-02,520.689697265625,520.9285314569356,513.4845216279213,514.7484234216115,44762800
2025-06-03,524.7598876953125,526.192953382638,520.172109482974,521.0379136751978,44070300
2025-06-04,526.2228393554688,527.2876922621837,523.4362788655679,525.4664906934179,41359300
2025-06-05,522.261962890625,530.4821825867151,520.1422186545674,527.6260127928042,61031200
2025-06-06,527.3672485351562,529.2381970448477,525.6655248338539,527.446880166096,42467000
2025-06-09,528.1436157226562,529.7856311828058,526.4617540692666,527.5863156876297,33688700
2025-06-10,531.6366577148438,532.3233363181573,526.342277608641,528.6112629449328,40664800
2025-06-11,529.8452758789062,534.1942808270467,527.5563674659288,533.039834702878,53701000
2025-06-12,531.0892944335938,532.0646150066514,528.2829320298816,528.5317277617894,34104900
2025-06-13,524.4215698242188,529.3078908293887,523.1974536303323,525.1380723113464,55814400
2025-06-16,531.7162475585938,532.7910620936354,527.8947792535579,527.9445262501218,37622100
2025-06-17,526.5313720703125,530.7608992855103,525.366964373918,529.1487078886557,42180900
2025-06-18,526.4417724609375,529.9846210200801,524.8594657253662,527.5464108599048,43983500
2025-06-20,524.292236328125,530.989797962704,522.3516174800588,529.6960723110417,61643500
2025-06-23,529.6832275390625,530.2012624901581,521.7128229011945,524.8611059770333,50666100
2025-06-24,537.783203125,538.6997827118523,534.2861780549605,534.90387960364,45442000
2025-06-25,539.157958984375,541.3000294115662,537.3845756916884,540.0546537700266,44804200
2025-06-26,544.1992797851562,544.6476272131085,539.5167156535897,541.339901952907,43811400
2025-06-27,546.0623779296875,547.9553124291843,542.5254624415982,545.2354314727291,57577100
2025-06-30,549.5992431640625,550.7549250315776,546.9789678853869,549.2206440950201,45548700
2025-07-01,544.9664306640625,548.6727003482655,542.6450333450836,547.6962844543337,56166700
2025-07-02,548.7623291015625,548.9616013728256,544.099649838931,544.1394799694398,36538300
2025-07-03,554.1622924804688,555.1387084222483,551.1335605372531,551.1335605372531,26443500
2025-07-07,549.9878540039062,552.2893059767699,547.5469053516296,551.4723321808171,45349300
2025-07-08,550.2966918945312,551.9604968449189,549.0612280892235,551.3328226115977,36153300
2025-07-09,554.1921997070312,555.5670993773455,551.0538285444961,552.4287282148103,43045500
2025-07-10,553.3952026367188,555.2383344969288,550.7051787469096,554.8298779906593,34710900
2025-07-11,552.1497802734375,553.733864104168,550.0077097543851,551.2530854493318,39618600
2025-07-14,554.1524047851562,554.8896575344722,549.5893307950605,551.9405857278426,36453300
2025-07-15,554.660400390625,558.7253235687808,554.6006247913591,558.177370440617,43277700
2025-07-16,555.2283325195312,558.1375740177878,549.519549612121,555.2184205935204,52314700
2025-07-17,559.7216186523438,560.229741645841,555.1486333295833,555.9556343165032,40423800
2025-07-18,559.1836547851562,562.6407884950407,557.9083608963978,561.0367592084838,50484700
2025-07-21,562.0828857421875,563.9659084478778,559.9807060956166,560.0106243017523,39595200
2025-07-22,559.1737060546875,562.2622135594852,556.5434579032301,562.212410691865,43270600
2025-07-23,561.7242431640625,561.7640732969975,557.5099110527195,560.2597104593184,40215300
2025-07-24,562.9197387695312,564.1451688896942,561.2060703387892,563.0392899612859,42275500
2025-07-25,564.2747192382812,565.5998159531918,562.1825124752501,562.8400440606903,30630800
2025-07-28,566.0382690429688,566.9349031473512,564.7729477514129,565.639724456999,31498700
2025-07-29,565.1614990234375,569.9935327032099,564.434219030358,568.6485511909246,45463300
2025-07-30,565.9186401367188,568.508997161805,562.9595959750744,566.0780214636062,43433800
2025-07-31,562.9197387695312,572.5041444344463,561.7839416385068,572.4144506359528,64613600
2025-08-01,551.8309936523438,556.951993446216,549.6391201209816,556.7626938955674,69400800
2025-08-04,562.0131225585938,562.2323403030458,556.8822111512052,556.9818168836358,47669800
2025-08-05,558.1973266601562,564.4640352064246,557.6592854470431,563.2983805936119,48666600
2025-08-06,565.2212524414062,565.6596271290572,558.5559991276681,559.0342039471559,41823700
2025-08-07,567.1340942382812,571.1990173575662,563.0193682552224,569.5550971875249,44463000
2025-08-08,572.4244995117188,572.6437172653317,568.0408133424522,568.3396913615944,35255500
2025-08-11,570.730712890625,574.6661119984625,569.4554798808987,572.5639325532171,33112900
2025-08-12,577.9041137695312,578.2029917684722,570.372084149425,573.0321895540377,42143300
2025-08-13,578.193115234375,581.1620715545174,576.7982700747931,580.6041456525571,41209300
2025-08-14,577.7447509765625,579.7273793774012,575.7720345015408,576.1407216563158,45425000
2025-08-15,575.2042236328125,577.6949751695009,573.4407520858407,577.6550842269212,49480200
2025-08-18,574.9750366210938,575.6326290840033,573.1119593251236,574.3075322318431,29831000
2025-08-19,567.1740112304688,574.4270476767487,566.1477924665415,574.2576936083949,53752600
2025-08-20,563.8065185546875,566.3470728538312,556.7726389420532,566.2275216498264,76781100
2025-08-21,561.1962280273438,564.3943140175195,558.9046880126308,562.2622161511607,46436900
2025-08-22,569.85400390625,571.8665505027725,561.186237654488,562.5810219572568,51502100
2025-08-25,568.210205078125,571.1691888777926,567.0544622483576,568.289926158301,34044700
2025-08-26,570.4915771484375,570.8004278507278,566.6956749257416,567.7218935616645,34103000
2025-08-27,571.368408203125,572.2849877073902,568.2599552674767,569.4754735923461,36927100
2025-08-28,574.9451293945312,575.8617088595212,570.3422257905413,571.9860851866184,46787900
2025-08-29,568.2898559570312,572.9027323513419,566.4366907257225,572.5340452045847,56030400
2025-09-02,563.527587890625,563.8762688061983,557.4700627066655,559.2335343759405,65876800
2025-09-03,567.9610595703125,569.585034325084,564.6333889904666,567.1241403555323,54230200
2025-09-04,573.1019287109375,573.4705550386212,566.9249141338813,568.6285491052419,47526300
2025-09-05,573.9288940429688,578.9701724080204,569.4156841594208,578.3424981949754,68342500
2025-09-08,576.728515625,578.6912594012136,575.6326093036281,576.2303653317651,46371400
2025-09-09,578.3624267578125,578.7908286858918,574.9052323196163,577.5255075617649,44007600
2025-09-10,578.5517578125,581.6104078841153,576.4096872460331,581.5804896782814,49308000
2025-09-11,581.9192504882812,582.7162787776647,579.4683292093007,581.0823312583443,44745800
2025-09-12,584.4896850585938,585.6852579441866,581.939157947032,582.8756829463206,50745900
2025-09-15,589.4910888671875,589.6006673309763,586.1136154844122,586.263084887294,44360300
2025-09-16,588.992919921875,590.6666974580144,588.3054701472681,590.417622334017,36942100
2025-09-17,587.8173217773438,589.560847731768,582.2081448420756,588.9132280535239,69384800
2025-09-18,593.11767578125,595.9272507480725,590.7664209781601,592.7091584852494,61069300
2025-09-19,597.1326904296875,597.83011295333,593.6456386208329,595.1202047360832,58196100
2025-09-22,600.667724609375,601.3360027595129,596.1990824942005,596.2190510860968,57154800
2025-09-23,596.6779174804688,601.0367933292055,595.4609900615409,600.8372900448078,64635500
2025-09-24,594.583251953125,598.3736318933126,591.8502333814113,598.0544387994095,49850300
2025-09-25,592.0198364257812,593.6057566967052,587.0026056631178,590.6932034651784,70920200
2025-09-26,594.4535522460938,594.7827296224774,589.5560723046866,592.8376791327265,54337400
2025-09-29,597.20654296875,600.5181027058711,595.8898943349653,597.5855809487724,48332900
2025-09-30,598.8424072265625,599.1815689140329,594.5832523790604,596.9073409482912,46533800
2025-10-01,601.7150268554688,602.2536309055715,594.8226361779185,595.6504804045827,46899600
2025-10-02,604.188720703125,605.6150748101588,601.3958573858611,605.5153536087707,43765400
2025-10-03,601.645263671875,605.7847287787447,599.859840058186,604.9668078782124,46482100
2025-10-06,606.1636962890625,607.8094613156995,604.4280726015548,606.9018036091138,41962100
2025-10-07,602.9718627929688,608.1586438162234,601.4956480641417,607.4703970532165,58209500
2025-10-08,609.8842163085938,610.193425090037,603.7199483921797,603.869530194898,50629800
2025-10-09,609.1461181640625,610.0537759298148,605.9342796270852,609.9241018375851,45551000
2025-10-10,588.0000610351562,611.6198017284072,587.5511938507611,609.8443624637231,97614800
2025-10-13,600.4782104492188,601.415821078074,595.7103438165695,598.1541220292103,65872600
2025-10-14,596.4784545898438,601.1565238344467,588.628483812035,593.7952965646048,69203200
2025-10-15,600.6876831054688,605.1563255984365,594.4137092888615,602.4731675952409,62805500
2025-10-16,598.46337890625,606.7622168482491,593.9848129790577,603.5703467351942,70982000
2025-10-17,602.393310546875,603.9693073296388,594.8525491800316,596.4285459627954,72024900
2025-10-20,609.9839477539062,611.2407514930889,605.5253506485595,605.5951798429426,45761700
2025-10-21,609.8244018554688,611.1609582497778,607.7696457807522,610.0837500489531,44538200
2025-10-22,603.9493408203125,609.8542605281881,598.2139715066553,609.2657958565487,61478800
2025-10-23,609.0264282226562,609.8143961922938,602.9818500103868,603.3708114071275,42844300
2025-10-24,615.52978515625,616.8464337655934,613.5648269782704,614.4226241256162,47632500
2025-10-27,626.4918823242188,626.9506729134798,622.4422152319877,622.930958710038,54098600
2025-10-28,631.3095703125,633.0651018787079,627.648925370604,628.7560864561588,61195700
2025-10-29,634.15234375,635.3891789092543,628.6463695521778,633.9728090539653,67422800
2025-10-30,624.45703125,631.8880872300178,624.3473257513068,630.5614543099158,61628600
2025-10-31,627.4694213867188,632.5863736464859,625.0954721134605,632.5564207552092,66305100
2025-11-03,630.4716796875,634.2021534587442,628.2473125587718,633.4939381480045,37154300
2025-11-04,617.67431640625,625.3547359077402,616.8863484805083,621.6940912807667,63830800
2025-11-05,621.6941528320312,625.0056518350635,615.6395900613109,616.9163015661201,48688500
2025-11-06,610.1136474609375,620.4572571227977,608.7471381645778,620.2078932237561,72115100
2025-11-07,608.1885375976562,608.3980251800011,597.1466973484642,606.7621834660789,81835400
2025-11-10,621.6442260742188,622.7214951546598,615.3203917446493,617.3451949289606,55919900
2025-11-11,619.9884643554688,621.1355017301039,615.9487814833327,618.9910087880348,44868800
2025-11-12,619.4996948242188,623.2700450530867,616.2379957742788,623.2501373408774,47444400
2025-11-13,606.8519897460938,616.5472286099415,604.5378855310528,615.9686873362173,71333600
2025-11-14,607.310791015625,611.7893568378086,595.6505328274214,598.0244819828539,80087300
2025-11-17,602.1240234375,610.9215891749508,598.3436886131177,604.7573208445992,63850400
2025-11-18,594.7926635742188,600.7773963408275,589.8353391548725,598.0942387152705,83327300
2025-11-19,598.3436279296875,604.6176011290698,593.0770945294743,595.5507646962523,73111500
2025-11-20,584.1797485351562,612.4676329241026,583.262106516965,610.0637310644662,117743200
2025-11-21,588.568603515625,595.4609945768989,579.2623261905873,585.9751825584982,103344200
2025-11-24,603.6201782226562,605.1363301511908,593.6456226504143,593.7653733267485,60168100
2025-11-25,607.3407592773438,608.7072685888149,595.8001905964915,601.9744432402352,57560900
2025-11-26,612.70703125,614.6221288317284,608.8368989020178,610.9514997668095,42393600
2025-11-28,617.67431640625,617.7441455966097,613.8540448070679,614.5422915350683,23034400
2025-12-01,615.599609375,617.8638528985133,610.961477711232,612.0686387329198,40957600
2025-12-02,620.4172973632812,622.1628444217793,616.0185455630003,617.8837824065502,54541800
2025-12-03,621.9334716796875,622.6316418245013,616.4574507356939,618.0433708850139,47841600
2025-12-04,621.35498046875,623.3498916256304,617.9636071501104,623.339907329069,47067800
2025-12-05,623.8884887695312,627.3197383563271,622.1230338136666,622.7913119974152,53614200
2025-12-08,622.6915283203125,627.2399228158015,620.1080918729878,625.6140655337878,43462400
2025-12-09,623.4595336914062,624.2774544880871,619.4198511857304,621.4247464351753,37156000
2025-12-10,626.0130615234375,627.6090269272694,619.4099106697121,622.2626189242517,55031400
2025-12-11,623.98828125,624.1877845427603,616.148234091509,622.2327496814814,58272800
2025-12-12,612.0586547851562,621.9533965533452,609.8043955563878,620.497150448988,75158700
2025-12-15,608.9865112304688,616.8464661142882,607.7696446385382,616.7966055109866,49538200
2025-12-16,610.1934204101562,611.9489518835392,605.3657088583533,606.7123103516171,55152800
2025-12-17,598.8822631835938,612.0886258751325,598.7526499708691,611.5001003103562,70654300
2025-12-18,607.5601196289062,611.3704070362718,605.375689596093,608.248366375679,78875800
2025-12-19,615.47998046875,616.0485374798797,610.313167643226,610.392981139488,60369800
2025-12-22,618.4302368164062,620.8671665076671,616.9920478025754,620.5674955378034,43703100
2025-12-23,621.3265380859375,621.6261480926279,617.0020349130734,617.42148892244,41120400
2025-12-24,623.144287109375,623.4938829346665,620.9370481838333,621.2067276835874,18468700
2025-12-26,623.1043090820312,624.7322611929134,622.3552536061636,623.873297918951,28959800
2025-12-29,620.088134765625,621.995763643064,617.9508150333834,619.3190849184411,32458300
2025-12-30,618.64990234375,621.3964390816567,618.4401448660525,619.0594201394988,31226800
2025-12-31,613.536376953125,619.1792861072609,613.2766946262738,618.8696789386981,40746500
2026-01-02,612.347900390625,622.0656280105537,609.381669736326,619.2791633693975,61859200
2026-01-05,617.2117309570312,620.0281869343077,615.9433108116908,618.5400731036631,46828400
2026-01-06,622.6348876953125,623.2341686687002,617.7610283782293,618.4501618747352,43137500
2026-01-07,623.2341918945312,627.1492383750701,621.7760085257346,622.2553845556755,44880300
2026-01-08,619.6885986328125,622.6348958217857,617.0219780933957,622.2454332860368,50435900
2026-01-09,625.86083984375,627.0992684709724,618.280371644388,620.6273877403378,49688700
2026-01-12,626.3801879882812,628.0580650499223,621.4763979710708,621.5263228144307,37388700
2026-01-13,625.4513549804688,628.6772678768714,622.9145755930199,626.4800871429724,44481400
2026-01-14,618.769775390625,622.6648884214621,613.7860691564842,621.4563902550666,72598700
2026-01-15,620.9970092773438,629.206628407055,619.9682771169513,625.8108857116995,53934900
2026-01-16,620.4776611328125,625.2915986535979,618.1006533744517,624.7123119754499,61058100
2026-01-20,607.2942504882812,614.2854351912486,606.2855126563834,609.7611716460692,81988900
2026-01-21,615.50390625,619.6386461402016,607.0944662344775,608.7024240227943,79837900
2026-01-22,619.978271484375,621.6761428244047,617.0020437780021,621.5662350217955,42254800
2026-01-23,621.935791015625,624.612469784726,617.8709699342951,618.949566020391,43645800
2026-01-26,624.67236328125,626.81961915323,621.3365426117721,622.425196766994,35983000
2026-01-27,630.335205078125,631.2440322678261,626.5499998769385,628.1179690883873,38997200
2026-01-28,632.4225463867188,635.7982947738302,631.014348844542,634.6597767228699,50691700
2026-01-29,628.6373291015625,632.8719797654484,617.4914101080947,631.8533057393616,79944000
2026-01-30,621.0868530273438,627.4688205124429,618.5200822009824,624.9220440060533,65650700
2026-02-02,625.3515014648438,627.6985176699922,617.8808797571519,617.9208683974972,49020300
2026-02-03,615.7435913085938,629.1866011443993,610.1905958568021,627.5087242048245,81234000
2026-02-04,604.9871826171875,614.3253838343164,599.7138024298947,614.2455284678144,81850700
2026-02-05,596.2781982421875,604.0483693053457,594.0110373128413,599.4541864003901,89354500
2026-02-06,608.8822631835938,610.6399955270392,598.0159600076653,599.434154665902,78019300
2026-02-09,613.54638671875,615.6837064208919,604.3080353554789,606.7748955946631,56797600
2026-02-10,610.699951171875,616.2430108652889,610.2405694597212,614.5351423104305,53938900
2026-02-11,612.337890625,616.7423712103644,606.9247331463698,615.6037921922693,58575100
2026-02-12,599.8836059570312,615.0344847338599,598.8149461335121,613.9358943887876,81378900
2026-02-13,601.1619873046875,605.7162424752422,595.6689134343201,599.673873409497,69237500
2026-02-17,600.542724609375,603.1894116444834,592.5927882610704,597.626419057608,69013800
2026-02-18,605.027099609375,609.0021290003773,599.9634770047899,601.3517411914925,64250700
2026-02-19,602.7100219726562,605.0570991965415,599.993476524114,602.0508799312083,60960800
2026-02-20,608.0433349609375,609.581373723881,598.4753818004266,599.3642756707148,74127300
2026-02-23,600.652587890625,607.2443127599432,598.2955745850619,605.8460514657053,63859100
2026-02-24,607.1044921875,608.2230768722754,598.9747284234804,601.6414099286677,55023700
2026-02-25,615.9033813476562,616.053216829597,610.2305417280922,610.3004608891118,55710700
2026-02-26,608.4727783203125,614.8148183820397,603.2193924504018,614.8148183820397,96178900
2026-02-27,606.5252075195312,607.5539396831472,601.4316544188312,602.2206376135266,68125200
2026-03-02,607.32421875,609.1518702196468,597.2369017749593,598.1058012495889,75264600
2026-03-03,600.8224487304688,603.1994564784976,591.1246545665933,595.5790600436336,97015500
2026-03-04,609.9808959960938,612.108218610738,602.6701065956436,603.3991678160902,70943900
2026-03-05,608.1431274414062,611.9883154244911,601.5015388569162,606.6350803018902,89602400
2026-03-06,598.9946899414062,605.2368188486739,597.5764953219963,599.5539822531658,86302300
2026-03-09,606.99462890625,608.5027370453225,590.5853272955466,593.4816386137257,93068200
2026-03-10,607.004638671875,612.5176457382476,604.65756151405,607.0146358319374,64078900
2026-03-11,606.9247436523438,611.6587648578186,604.2681201890963,608.1831666985171,60114800
2026-03-12,596.5078735351562,603.3792143506387,596.2981160455262,602.0009473234562,71836600
2026-03-13,592.9722900390625,602.8398528802119,591.8237748266745,598.9747313072235,63145500
2026-03-16,599.6239013671875,603.099499235842,598.3554812666724,599.2843027330098,49077200
2026-03-17,602.5502319335938,605.1369970937805,601.1120429286618,602.3804630878033,47106600
2026-03-18,594.15087890625,602.400426051188,593.8112802396884,600.7325461165636,56128000
2026-03-19,592.273193359375,595.0496606380132,586.3406715242521,588.7676039624899,75597600
2026-03-20,581.3269653320312,590.4254777892629,577.8113788279011,590.3156309505814,91964700
2026-03-23,588.0,595.0800170898438,585.9600219726562,590.52001953125,89936100
2026-03-24,583.97998046875,587.9299926757812,581.9299926757812,584.8099975585938,57750900
2026-03-25,587.8200073242188,591.3699951171875,585.6900024414062,589.1400146484375,60475500
2026-03-26,573.7899780273438,584.6300048828125,573.4299926757812,582.5999755859375,81492100
2026-03-27,562.5800170898438,571.02001953125,561.5700073242188,570.8099975585938,82702200
2026-03-30,558.280029296875,568.0499877929688,555.5999755859375,567.3800048828125,70602600
2026-03-31,577.1799926757812,578.6400146484375,564.2100219726562,564.2899780273438,95317800
