publish_date,title,source,nvda_relevance,nvda_sentiment_score,overall_sentiment_score,url,summary
2023-01-13 04:38:13,Oracle jumps into payments for retailers,Payments Dive,0.0,0.0,0.317668,https://www.paymentsdive.com/news/oracle-jumps-into-payments-for-retailers/640385/,"Oracle has expanded its services for retailers to include in-store payment acceptance, offering tap-to-pay capabilities for various payment methods like debit, credit, Apple, Google, and Samsung digital wallets. This new feature, which became available in December, will be sold at a fixed fee without long-term contracts or minimum monthly payment volumes. Oracle aims to provide a more stable and cost-effective ""payment to processing"" solution, integrating it with their existing hardware and cloud-based software for inventory and staff management."
2023-01-12 04:52:00,Buffett-Backed Taiwan Semiconductor Braces for Chip-Sector Downturn,Barron's,0.0,0.0,-0.176314,https://www.barrons.com/articles/taiwan-semiconductor-profit-chips-warren-buffett-51673515095?gaa_at=eafs&gaa_n=AWEtsqcnEloTVuOLPpEAA00SHsshvRSCxivgLunHD-0HDc7rCUGtYvv3fCow&gaa_ts=699a8eee&gaa_sig=22z7FN6XDYkg9X3O1RIefIoBvEppVDa5mh6JOIOXeG11csOz_sUVdqe5go5bRfnxP1p_omKLGKxmeijCHkjk5Q%3D%3D,"Taiwan Semiconductor Manufacturing (TSMC) reported record profits for its fourth quarter, exceeding analyst expectations, but also issued a warning about a potential downturn in demand for 2023. This news comes as the company, backed by Warren Buffett's Berkshire Hathaway, indicates higher costs for building facilities in the U.S. compared to Taiwan. TSMC is preparing for a challenging period in the chip sector despite its strong recent financial performance."
2023-01-12 04:32:34,Meta faces a future of more legal woes and falling revenues,DW.com,0.0,0.0,-0.277207,https://www.dw.com/en/meta-faces-a-future-of-more-legal-woes-and-falling-revenues/a-64352968,"Meta, formerly Facebook, is experiencing significant challenges including plummeting stock value, falling revenues, and increasing regulatory scrutiny, a situation that worsened after its rebrand in October 2021. Despite investor concerns and substantial losses from its metaverse division, Reality Labs, CEO Mark Zuckerberg remains committed to heavy investment in the metaverse. The company also faces ongoing legal battles, hefty fines for data privacy breaches, and a class-action lawsuit settlement, exacerbating doubts about its future prospects."
2023-01-10 04:34:43,"Collective intelligence exponentially outperforms any one person or idea:"" An interview with N-able's John Pagliuca",Computing UK,0.0,0.0,0.384607,https://www.computing.co.uk/sponsored/4062431/collective-intelligence-exponentially-outperforms-person-idea-interview-ables-john-pagliuca,"John Pagliuca, CEO of N-able, discusses his support for Computing's Women in Tech Excellence Campaign, emphasizing the critical need for more women in the tech industry at all levels. He shares his career journey into IT and offers advice for women looking to enter or advance in tech, highlighting the importance of mentorship, continuous learning, and embracing uncomfortable challenges for growth. Pagliuca stresses that collective intelligence surpasses individual ideas and leaders should foster environments that encourage diverse feedback."
2023-01-10 04:25:42,IonQ acquires quantum networking startup Entangled Networks,SiliconANGLE,0.0,0.0,0.312523,https://siliconangle.com/2023/01/10/ionq-acquires-quantum-networking-startup-entangled-networks/,"IonQ Inc. has acquired Entangled Networks Ltd., a startup specializing in networking technology for linking quantum processors, for an undisclosed sum. This acquisition aims to advance IonQ's goal of building more advanced quantum systems with multiple processors by leveraging Entangled Networks' optical interconnect hardware and MultiQopt compiler software. The integration of Entangled Networks' expertise and tools is expected to lead to substantial performance improvements in IonQ's quantum hardware and support the development of prototype multi-processor systems this year."
2023-01-10 04:25:41,Networked Quantum Computers: IonQ Acquires Assets of Entangled Networks,IonQ: Trapped Ion Quantum Computing,0.0,0.0,0.282778,https://www.ionq.com/news/networked-quantum-computers-ionq-acquires-assets-of-entangled-networks,"IonQ, Inc. (NYSE: IONQ) announced its acquisition of the operating assets of Entangled Networks Ltd., a Toronto-based company specializing in distributed quantum processors. This acquisition, IonQ's first, is intended to further IonQ's goal of building large-scale quantum computers by enabling computation across multiple distributed quantum processors and strengthens IonQ's international presence with the launch of IonQ Canada. The Entangled Networks team will join IonQ, contributing expertise in quantum architecture and software tools to enhance system performance."
2023-01-10 04:25:39,"Intel Launches 4th Gen Xeon Scalable Processors, Max Series CPUs and GPUs",Investor Relations :: Intel Corporation (INTC),0.613498,0.240436,0.344405,https://www.intc.com/news-events/press-releases/detail/1598/intel-launches-4th-gen-xeon-scalable-processors-max-series,"Intel has launched its 4th Gen Xeon Scalable processors, along with the Intel Xeon CPU Max Series and Intel Data Center GPU Max Series. These new processors aim to deliver significant improvements in performance, efficiency, and capabilities for AI, cloud, network, edge, and high-performance computing, emphasizing built-in accelerators and sustainability features. The company highlights broad industry adoption and performance gains across various key workloads."
2023-01-10 04:25:39,Intel 4th Gen Xeon series offers a leap in data center performance and efficiency,SiliconANGLE,0.0,0.0,0.515002,https://siliconangle.com/2023/01/10/intel-4th-gen-xeon-series-offers-leap-data-center-performance-efficiency/,"Intel has launched its 4th Gen Intel Xeon scalable processors, including the Intel Xeon CPU Max Series and Intel Data Center GPU Max Series, featuring enhanced security and new AI capabilities. These processors promise significant improvements in data center performance and efficiency, offering workload-first acceleration and optimized software for better total cost of ownership. The new line boasts built-in accelerators, power savings, and expanded confidential computing features designed to address critical computing challenges and sustainability goals."
2023-01-10 04:18:37,Are You Ready To Step Up To B2B Marketing’s New Destiny?,Forrester,0.0,0.0,0.275216,https://www.forrester.com/blogs/are-you-ready-to-step-up-to-b2b-marketings-new-destiny/,"B2B marketing is undergoing a significant transformation due to changes in buyer behavior, disruptive business models, and rapid technology evolution. Marketers must shift from traditional roles to a broader purpose focused on customer value and sustainable business growth. This requires strategic mindset shifts from product-centricity to customer outcomes, funnel to buyer's journey, and acquisition to lifecycle relationship management, emphasizing personalized, data-driven, and trust-building engagements."
2023-01-09 04:55:56,WPP strengthens Salesforce expertise with Fenom Digital acquisition,Marketing Dive,0.0,0.0,-0.079999,https://www.marketingdive.com/news/wpp-salesforce-marketing-fenom-digital/639922/,"WPP has acquired Fenom Digital, a digital transformation agency specializing in Salesforce solutions, to bolster Wunderman Thompson's e-commerce capabilities. This acquisition aligns with a trend of agencies expanding their e-commerce offerings, particularly those with strong Salesforce ties, as online retail continues to grow. The move aims to enhance client services across multiple Salesforce clouds, despite recent economic struggles for Salesforce itself."
2023-01-04 04:10:31,Salesforce to cut 10% of workforce in latest tech layoffs,Al Jazeera,0.0,0.0,0.191146,https://www.aljazeera.com/economy/2023/1/4/salesforce-to-cut-10-of-workforce-in-latest-tech-layoffs,"Salesforce Inc. announced it will cut 10% of its workforce and close some offices, aiming to reduce costs after rapid hiring during the pandemic. Co-CEO Marc Benioff stated the company hired ""too many people"" leading into the current economic downturn, taking responsibility for the over-hiring. This move follows similar workforce reductions by other tech giants like Meta and Amazon, as companies prepare for a potential deep downturn amid rising interest rates and a challenging economic environment."
2023-01-03 09:00:00,CES: Intel Extends Performance Leadership with World's Fastest Mobile Processor,Investor Relations :: Intel Corporation (INTC),0.0,0.0,0.373472,https://www.intc.com/news-events/press-releases/detail/1596/ces-intel-extends-performance-leadership-with-worlds,"At CES 2023, Intel launched its 13th Gen Intel Core mobile processor family, including the flagship Intel Core i9-13980HX, dubbed the world's fastest mobile processor and the first 24-core processor for a laptop. Intel also introduced new 13th Gen Intel Core desktop processors and the Intel Processor N-series for education and entry-level computing. These advancements aim to deliver superior performance, better battery life, and enhanced experiences across various computing segments, from enthusiast gaming laptops to thin-and-light devices and IoT applications."
2023-01-03 04:22:18,HDFC Bank partners with Microsoft to drive its digital transformation efforts,Techcircle,0.0,0.0,0.486524,https://www.techcircle.in/2023/01/03/hdfc-bank-partners-with-microsoft-to-drive-its-digital-transformation-efforts/,"HDFC Bank has partnered with Microsoft to accelerate its digital transformation agenda, focusing on modernizing its data landscape, application portfolio, and enhancing enterprise security. The collaboration will leverage Microsoft's Azure cloud platform for a Federated Data Lake, enabling data monetization and democratizing access across business units. Additionally, HDFC Bank will utilize Microsoft Power Platform for app innovation and automation, and Microsoft 365 for a secure and collaborative digital workplace."
2023-01-03 04:22:18,HDFC Bank partners with Microsoft as part of its digital transformation journey,Microsoft Source,0.0,0.0,0.23233,https://news.microsoft.com/en-in/hdfc-bank-partners-with-microsoft-as-part-of-its-digital-transformation-journey/,"HDFC Bank is partnering with Microsoft to accelerate its digital transformation, focusing on modernizing its data landscape, enhancing employee productivity, and securing its enterprise with Microsoft Cloud. The collaboration involves leveraging Microsoft Azure for a Federated Data Lake, using Microsoft Power Platform to build an App Innovation and Automation Factory, and deploying Microsoft 365 and Security solutions to achieve a secure and integrated digital workplace. This initiative aims to provide a superior neo-banking experience for customers and support the bank's ""Future Ready"" strategy."
2023-01-03 03:59:02,Apple’s market value drops below $2 trillion,Al Jazeera,0.0,0.0,-0.196385,https://www.aljazeera.com/economy/2023/1/3/apples-market-value-drops-below-2-trillion,"Apple Inc.'s market capitalization fell below $2 trillion for the first time since March 2021, driven by concerns over high inflation and a slowing global economy impacting demand for its products. This significant drop follows a year after the company briefly reached a $3 trillion valuation. Analysts have downgraded Apple due to anticipated supply chain issues and reduced consumer spending on high-end phones, forecasting a potential revenue decline."
2022-12-31 23:59:59,Dynatrace Unveils DevSecOps Automation Partner Program,CRN Magazine,0.0,0.0,0.378892,https://www.crn.com/news/cloud/dynatrace-unveils-devsecops-automation-partner-program,"Dynatrace has launched a new DevSecOps Automation Partner Program to integrate its software intelligence platform with over a dozen partner solutions, including GitLab, Gremlin, and PagerDuty. This initiative aims to automate tedious tasks in the software development lifecycle, improving speed to market and service resiliency for organizations. The program focuses on creating closed-loop automation through purpose-built integrations, making ecosystems run faster and smarter, and enabling solution providers to drive broader transformational efforts for customers."
2022-12-31 23:59:59,Electronic Arts Names Chris Suh as Chief Financial Officer,Business Wire,0.0,0.0,0.317088,https://www.businesswire.com/news/home/20220131005854/en/Electronic-Arts-Names-Chris-Suh-as-Chief-Financial-Officer,"Electronic Arts Inc. has named Chris Suh as its new Chief Financial Officer, effective March 1, 2022. Suh joins EA from Microsoft, where he served as Corporate Vice President and CFO of the Cloud + AI group, bringing over 25 years of global finance leadership experience. He will report to Chairman and CEO Andrew Wilson and be responsible for EA's financial functions."
2022-12-31 23:59:59,"HP Inc. is cutting up to 6,000 employees as it becomes the latest tech company to announce major layoffs",Fortune,0.0,0.0,-0.337151,https://fortune.com/2022/11/22/hp-inc-layoffs-thousands-of-employees-decling-sales-economy/,"HP Inc. announced plans to lay off between 4,000 and 6,000 employees over the next three years, representing nearly 10% of its workforce. This decision is part of a cost-cutting strategy amidst declining sales, an 11.2% drop in fourth-quarter revenue to $14.8 billion, and a challenging economic environment exacerbated by high inflation and interest rates. The company expects the restructuring to save $1.4 billion annually by the end of fiscal year 2025, with costs estimated at $1 billion."
2022-12-27 18:37:00,What Is A Snowflake Database? Introduction To Modern Data Platform,Simplilearn.com,0.0,0.0,0.255414,https://www.simplilearn.com/what-is-a-snowflake-database-article,"This article provides an in-depth introduction to Snowflake, a modern cloud-independent data warehousing platform. It explains Snowflake's architecture, including its cloud services, query processing, and database storage layers, and highlights its numerous benefits like scalability, security, and seamless data sharing. The article also differentiates Snowflake from other data platforms based on architecture, maintenance, scalability, and cost."
2022-12-27 16:46:00,"Salesforce Inc. stock rises Tuesday, outperforms market",MarketWatch,0.0,0.0,0.109857,https://www.marketwatch.com/story/salesforce-inc-stock-rises-tuesday-outperforms-market-01672177614-ef38f75c846a?gaa_at=eafs&gaa_n=AWEtsqdqJvIVtmNmctz_R5JCXsnGeL_t2rm8DW7hMD5SLq_waJj8yTmRbJ3m&gaa_ts=699a931f&gaa_sig=Z4Afich6blJhJiyyzbrbdSQrgWiO_FYn9uCtMhGwbyRNjDkvNqpydWsuEYNnQ8fKS0MGRd8YKF7SpCtJoGyRrw%3D%3D,"Salesforce Inc. (CRM) stock rose 0.94% on Tuesday, closing at $130.66, outperforming the broader market which saw mixed results. The company's stock achieved its second consecutive day of gains, despite being significantly below its 52-week high. Salesforce also outperformed competitors like Microsoft and Alphabet."
2022-12-27 05:18:03,"Gartner crowns Fortinet, Palo Alto Networks, Check Point network firewalls leaders",SDxCentral,0.0,0.0,0.238697,https://www.sdxcentral.com/analysis/gartner-crowns-fortinet-palo-alto-networks-check-point-network-firewalls-leaders/,"Gartner has recognized Fortinet, Palo Alto Networks, and Check Point Software Technologies as leaders in its latest Magic Quadrant for Network Firewall report. The report highlights the evolution of network firewalls into hybrid-mesh firewalls with the rise of cloud firewalls and firewall-as-a-service (FWaaS) offerings, predicting that over 60% of organizations will use multiple firewall deployments by 2026. Gartner also identified other market players, including challengers, visionaries, and niche players."
2022-12-23 05:33:56,How King and its Candy Crush IP will help Microsoft boost its mobile revenues,Game World Observer,0.0,0.0,0.162253,https://gameworldobserver.com/2022/12/23/microsoft-king-mobile-revenue-increase-activision-blizzard-deal,"Microsoft is attempting to convince the US FTC that its acquisition of Activision Blizzard would boost its mobile revenues significantly, with its share of global mobile gaming revenues potentially increasing from 0.3% to over 4%. A key driver of this growth is King, the developer behind Candy Crush, which was the largest contributor to Activision Blizzard's mobile growth in Q3 2022. While the FTC has filed a lawsuit to block the $68.7 billion deal over monopoly concerns, Microsoft argues that the acquisition of a single game studio cannot disrupt a highly competitive industry."
2022-12-21 17:46:17,"Microsoft, Cisco Shareholder Votes Demonstrate Increasing Investor Demand for Tax and Offshore Transparency",The FACT Coalition,0.0,0.0,0.124811,https://thefactcoalition.org/microsoft-cisco-shareholder-votes-demonstrate-increasing-investor-demand-for-tax-and-offshore-transparency/,"Shareholders of Microsoft and Cisco, representing hundreds of billions in investments, voted in favor of proposals calling for public country-by-country reporting on offshore operations and tax practices. This trend indicates growing investor demand for transparency regarding potential risks associated with opaque offshore activities. The FACT Coalition highlights that public country-by-country reporting is becoming inevitable due to global momentum and regulatory considerations in jurisdictions like the EU, Australia, and the U.S."
2022-12-21 05:57:56,7 Cybersecurity Stocks to Buy and Hold for the Long Haul,InvestorPlace,0.0,0.0,0.316964,https://investorplace.com/cybersecurity-stocks-to-buy-and-hold/,"This article identifies seven cybersecurity stocks and an ETF that investors should consider buying and holding for the long haul, despite the current tech downturn. The author emphasizes the increasing essentiality of cybersecurity for businesses and governments, projecting significant market growth. Featured companies include Palo Alto Networks, Microsoft, Palantir, Zscaler, CrowdStrike Holdings, and Fortinet, alongside the Global X Cybersecurity ETF (BUG)."
2022-12-21 05:27:01,Kyndryl Receives Recognitions from ISG and Gartner® for Managed Network Services,Kyndryl,0.0,0.0,0.346174,https://www.kyndryl.com/mx/es/about-us/news/2022/12/kyndryl-recognized-isg-gartner-managed-network-services,"Kyndryl has been recognized by leading analyst firms ISG and Gartner for its network solutions and managed network services, just one year after becoming an independent company. This recognition highlights Kyndryl's growth strategy, advanced delivery, and strategic alliances with key partners like hyperscalers, Nokia, Intel, Cisco, and Vodafone. The company emphasizes its commitment to reskilling employees and delivering next-generation network technologies, including private wireless, edge computing, and cloud networking, to drive business transformation for its customers."
2022-12-19 17:55:59,NetApp Develops Software to Unify Hybrid Multicloud Management,Enterprise Storage Forum,0.0,0.0,0.456261,https://www.enterprisestorageforum.com/software/netapp-develops-software-unify-hybrid-multicloud-management/,"NetApp has released BlueXP software, a unified control plane designed to simplify hybrid multicloud management for companies by automating operations across on-premises and public cloud environments. This new offering aims to address the complexity of modern diverse IT landscapes, providing a single point of visibility and management for various storage assets. BlueXP integrates an AIOps engine, AI-enabled health monitoring, advanced security features including a ransomware dashboard, and a pay-per-play model with NetApp Keystone services."
2022-12-18 17:46:15,MSCI ONE Aims to Help Investors Turn Data Into Insights,The Fintech Times,0.0,0.0,0.756807,https://thefintechtimes.com/msci-one-aims-to-help-investors-turn-data-into-insights/,"MSCI Inc. has launched MSCI ONE, an open architecture technology platform built on Microsoft Azure, designed to help investors convert vast amounts of data into actionable insights for investment decisions. The platform provides next-generation quantitative investment analytics through a modern web-based experience, combining flexible distribution, cloud delivery, dashboards, and visualizations. MSCI ONE offers single-point access to various services like MSCI Risk Insights, Climate Solutions, and its Developer Community, emphasizing improved client experience through transformational technology."
2022-12-15 17:46:33,"Tech: Micron looks past semiconductor downturn for opportunities, ramps up investment in Penang",The Edge Malaysia,0.0,0.0,0.23607,https://theedgemalaysia.com/article/tech-micron-looks-past-semiconductor-downturn-opportunities-ramps-investment-penang,"Micron Technology Inc. is navigating a semiconductor downturn characterized by inventory adjustments and weakened consumer demand but sees significant long-term growth opportunities driven by data-intensive technologies like AI and 5G. Despite current challenges, Micron is ramping up its investment in Penang, Malaysia, with an additional US$1 billion planned for a second factory, bringing its total investment in the Batu Kawan site to US$2 billion. The company emphasizes Malaysia's crucial role as a Centre of Excellence for its assembly and test operations and its commitment to continued expansion in the region."
2022-12-14 08:05:00,Arqit Quantum Inc. Announces Financial and Operational Results for the Fiscal Year 2022,Arqit Quantum Inc. (ARQQ),0.0,0.0,0.356985,https://ir.arqit.uk/news-events/press-releases/detail/52/arqit-quantum-inc-announces-financial-and-operational-results-for-the-fiscal-year-2022,"Arqit Quantum Inc. announced its financial and operational results for the fiscal year ended September 30, 2022, reporting $20 million in revenue and other operating income. A significant technological innovation means the company no longer needs to build quantum satellites, leading to expected positive impacts on future financial results and a refocusing of its go-to-market strategy through major channel partnerships. The company also detailed key operational highlights, including integrations with Fortinet, Amazon Web Services, and Dell Technologies, and announced awards and progress in government markets."
2022-12-14 05:36:17,Run SQL Server on EC2 using FSx for ONTAP,NetApp,0.0,0.0,0.662004,https://www.netapp.com/learn/aws-fsxo-blg-run-sql-server-on-ec2-using-fsx-for-ontap/,"This article discusses the benefits of running SQL Server on Amazon EC2 with FSx for NetApp ONTAP, highlighting how it addresses migration challenges from on-premises environments. It delves into various use cases, including simplified database backup and restore processes using NetApp SnapCenter, efficient test recovery, DevOps cloning, and disaster recovery/migration using SnapMirror. The integration provides enterprise-grade storage capabilities, high performance, and cost optimization for SQL workloads in the AWS cloud."
2022-12-14 05:29:30,Why Kodak Died and Fujifilm Thrived: A Tale of Two Film Companies,PetaPixel,0.0,0.0,-0.057569,https://petapixel.com/why-kodak-died-and-fujifilm-thrived-a-tale-of-two-film-companies/,"This article analyzes why Kodak, once a giant in the film industry, ultimately failed, while its competitor Fujifilm managed to thrive despite the digital revolution. It attributes Kodak's downfall to its inability to diversify beyond the declining photo industry and its misjudgment of the digital market's profitability. In contrast, Fujifilm successfully leveraged its existing technologies and pursued aggressive diversification into new markets like pharmaceuticals, cosmetics, and highly functional materials, demonstrating a more adventurous and adaptable corporate culture."
2022-12-14 05:27:02,"Now, Near, Next: How Software Startups Can Accelerate Growth in Uncertain Times",Gartner,0.0,0.0,0.251822,https://www.gartner.com/en/digital-markets/insights/how-software-startups-can-accelerate-growth,"In uncertain economic times, software startups can leverage the ""Now, Near, Next"" framework to maintain agility and accelerate growth. This framework helps businesses assess current challenges, identify near-term focus areas, and plan for future market conditions. By implementing these strategies, startups can outperform competitors and prepare for accelerated growth when economic conditions improve."
2022-12-13 17:46:17,Annual Shareholders Meeting 2022,Microsoft,0.0,0.0,0.335399,https://www.microsoft.com/en-us/investor/events/fy-2023/annual-shareholders-meeting-2022,"Microsoft's Annual Shareholders Meeting for 2022 covered financial performance, strategic priorities, and shareholder proposals. Key topics included record financial results in FY22, investments in AI and cloud computing, and responses to shareholder concerns regarding diversity, fair chance employment, climate change, government contracts, and tax transparency. The leadership team also discussed balancing strategic growth with cost management and the ongoing FTC lawsuit regarding the Activision Blizzard acquisition."
2022-12-09 17:46:17,"Microsoft acquires Lumenisity®, an innovator in hollow core fiber (HCF) cable",The Official Microsoft Blog,0.0,0.0,0.416884,https://blogs.microsoft.com/blog/2022/12/09/microsoft-acquires-lumenisity-an-innovator-in-hollow-core-fiber-hcf-cable/,"Microsoft has acquired Lumenisity® Limited, a leader in hollow core fiber (HCF) solutions, to enhance its global cloud infrastructure and address the strict latency and security requirements of its Cloud Platform and Services customers. Lumenisity's HCF technology offers increased speed, lower latency, enhanced security, and lower costs compared to traditional fiber, benefiting sectors like healthcare, financial services, manufacturing, retail, and government. This acquisition will enable Microsoft to accelerate innovations in networking and infrastructure by integrating Lumenisity’s technology and expert team."
2022-12-08 18:06:53,P&G Doubles Down on Digital Capacity and Shelf Orchestration With Supply Chain 3.0,Consumer Goods Technology,0.0,0.0,0.581641,https://consumergoods.com/pg-doubles-down-digital-capacity-and-shelf-orchestration-supply-chain-30,"Procter & Gamble is heavily investing in its Supply Chain 3.0 strategy, leveraging emerging technologies and advanced algorithms to drive productivity, cost effectiveness, and market growth. This digital transformation includes partnerships with companies like Microsoft for a digital platform utilizing IoT, AI, machine learning, and edge computing to enhance visibility and real-time decision-making across its manufacturing sites globally. P&G is also applying these advancements to optimize shelf orchestration based on point-of-sale data and shopper behavior, aiming to improve on-shelf availability and the overall shopping experience."
2022-12-08 05:45:03,Indian Engineering and Construction enterprises accelerate cloud adoption to enhance their customer experience,SAP News Center,0.0,0.0,0.309282,https://news.sap.com/india/2022/12/indian-engineering-construction-cloud-adoption/,"Indian Engineering and Construction (E&C) enterprises are increasingly adopting SAP's cloud ERP solution, 'RISE with SAP,' to drive digital transformation, enhance customer experience, and become future-ready. Key players like Prestige Estates Projects, Pacific Development Corporation, and Nambiar Builders have already implemented RISE with SAP to simplify supply chains, finance processes, and achieve 100% uptime, highlighting a growing demand for cloud technology across the sector. This shift enables businesses to unlock new opportunities, improve operational efficacy, and become more agile and sustainable intelligent enterprises."
2022-12-08 05:33:56,F.T.C. Sues to Block Microsoft’s $69 Billion Acquisition of Activision (Published 2022),The New York Times,0.0,0.0,-0.407213,https://www.nytimes.com/2022/12/08/technology/ftc-microsoft-activision.html,"The Federal Trade Commission has sued to block Microsoft's $69 billion acquisition of video game maker Activision Blizzard, citing concerns that the deal would harm consumers by allowing Microsoft to withhold popular games like Call of Duty from rivals. This aggressive move by the F.T.C. signals a stronger regulatory stance against the expansion of big tech companies. Microsoft has stated its intention to fight the lawsuit in court to proceed with the acquisition."
2022-12-07 18:26:41,Rackspace Valuation Falls Below $1 Billion Amid MSP Ransomware Attack,ChannelE2E,0.0,0.0,-0.168112,https://www.channele2e.com/news/rackspace-valuation-falls-below-1-billion-amid-msp-ransomware-attack,"Rackspace Technology's market capitalization has fallen below $1 billion following a Hosted Exchange ransomware attack that disrupted email services for some customers. This cyberattack exacerbates existing business challenges, as the company's valuation has declined significantly from $8 billion in 2020 and its revenue growth lags behind the broader MSP and MSSP markets. Rackspace is now offering free Microsoft 365 services to impacted customers and undergoing a business realignment, with its future strategy potentially influenced by the attack."
2022-12-07 18:19:00,"Google, Oracle, Amazon, Microsoft to share $9 billion ‘return of JEDI’ defense contract",MarketWatch,0.0,0.0,0.403494,https://www.marketwatch.com/story/google-oracle-amazon-microsoft-to-share-9-billion-return-of-jedi-defense-contract-11670455170?gaa_at=eafs&gaa_n=AWEtsqfFDJjzUF1jyreN7PJZlkJy3TP7dIicnmqUEqFuQyk9Go7F7uo4IXDL&gaa_ts=69079e92&gaa_sig=O40tVB2LZ2bP8pgKdsI6XQavFzvM5WFx9IBVuCaplANGL6lqoDTPAbxOZTHVEnn8GJxbHZxPERbXirPD0Wc-mw%3D%3D,"Google, Oracle, Amazon, and Microsoft will jointly share a $9 billion hybrid contract from the Pentagon to provide secure cloud services globally. The contract, known as Joint Warfighting Cloud Capability, is scheduled for completion by June 8, 2028, with work to be performed in Reston, Va. This agreement follows previous discussions and changes regarding the Department of Defense's cloud computing needs."
2022-12-07 05:38:11,"AWS, Google, Microsoft and Oracle all get a piece of the Pentagon's $9B JWCC cloud computing contract",SiliconANGLE,0.0,0.0,0.205356,https://siliconangle.com/2022/12/07/aws-google-microsoft-oracle-get-piece-pentagons-9b-jwcc-cloud-computing-contract/,"The Pentagon has awarded Amazon Web Services, Microsoft, Google, and Oracle shared portions of a $9 billion Joint Warfighting Cloud Capability (JWCC) contract, which will run through 2028. This multi-vendor approach replaces the previously controversial single-award JEDI contract and aligns with industry best practices of using multiple cloud providers for resilience and cost management. Analysts view this distributed award as a positive step, promoting competition and allowing the DOD to leverage the best capabilities of each cloud provider."
2022-12-07 05:23:05,HPE GreenLake For Private Cloud Packs New AWS Kubernetes Punch,CRN,0.0,0.0,0.326215,https://www.crn.com/news/cloud/hpe-greenlake-for-private-cloud-packs-new-aws-kubernetes-punch,"HPE has enhanced its GreenLake for Private Cloud Enterprise platform, notably integrating with AWS’ Elastic Kubernetes Service (EKS) Anywhere. This expansion offers significant new services opportunities for partners and allows customers to deploy AWS Kubernetes in various private cloud environments. The updates also include new analytics for multi-cloud consumption, six new workload-optimized instances, and planned integrations with other Kubernetes platforms like Red Hat OpenShift."
2022-12-07 05:23:05,"For HPE, The Cloud Is A Private And A Public Matter",The Next Platform,0.0,0.0,0.213923,https://www.nextplatform.com/2022/12/07/for-hpe-the-cloud-is-a-private-and-a-public-matter/,"HPE is focusing on its GreenLake utility platform to expand its presence in the hybrid cloud market, emphasizing private cloud offerings. The company aims to make its entire portfolio available as a service and is seeing steady growth in GreenLake's orders and revenue. HPE is enhancing GreenLake with new services like Private Cloud Enterprise and expanding partner offerings, catering to businesses that prefer a mix of public and private cloud solutions, especially for edge computing needs."
2022-12-07 05:17:27,"Introduction: Chuck Gahun, Principal Analyst For Content Management And Digital Experience Technology",Forrester,0.0,0.0,0.324899,https://www.forrester.com/blogs/introduction-chuck-gahun-principal-analyst-for-content-management-digital-experience-technology/,"Chuck Gahun joins Forrester as Principal Analyst for Content Management and Digital Experience Technology, focusing on the intersection of content technologies and digital business strategy. His research will explore competitive digital business strategies, emphasizing the critical role of content in customer acquisition and growth, and the development of digital experience ecosystems. Gahun brings over 30 years of digital and agency experience to his new role."
2022-12-06 05:44:49,Email hosting service Rackspace says it's facing a ransomware attack,Axios,0.0,0.0,0.053601,https://www.axios.com/2022/12/06/rackspace-server-outage-ransomware-attack,"Rackspace Technology, a major cloud and email hosting provider, announced a ransomware attack is responsible for a widespread outage that has kept some customers from their email inboxes since Friday. The company revealed the attack may lead to revenue loss for its Hosted Exchange business and has hired a cyber defense firm to investigate, but cannot provide a restoration timeline. Customers are complaining about a lack of communication and support as they are advised to migrate to Microsoft 365, with concerns about data security and the difficulty of the migration process."
2022-12-05 18:26:41,Rackspace Security Incident Causes Thousands To Lose Email Service,CRN Magazine,0.0,0.0,-0.273614,https://www.crn.com/news/security/thousands-lose-email-service-due-rackspace-security-incident,"Thousands of Rackspace customers lost email service after a security incident caused a weekend-long outage impacting its hosted Exchange. Rackspace began restoring services to Microsoft 365 customers and confirmed the incident was security-related, advising a move to Microsoft 365 for affected users. The incident led to significant customer frustration and a 10 percent drop in Rackspace's stock."
2022-12-02 06:30:00,Nutanix buyout may be on the cards with HPE sniffing around,The Register,0.0,0.0,0.085354,https://www.theregister.com/2022/12/02/hpe_nutanix_acquisition/,"Hewlett Packard Enterprise (HPE) is reportedly considering acquiring hyperconverged infrastructure vendor Nutanix, with discussions ongoing for several months. The potential acquisition aligns with HPE's GreenLake everything-as-a-service (XaaS) platform strategy, aiming to enhance its software offerings and attract more customers. Nutanix's recent financial recovery and improved market cap make it an attractive target, especially given HPE's struggles in expanding the GreenLake model to its global partners."
2022-12-01 14:55:00,Salesforce shares tumble after surprise exit of co-CEO Taylor,Reuters,0.0,0.0,-0.236491,https://www.reuters.com/technology/salesforce-shares-tumble-after-surprise-exit-co-ceo-taylor-2022-12-01/,"Salesforce Inc (CRM.N) shares fell by about 10% after co-CEO Bret Taylor's unexpected departure, raising concerns about the company's co-CEO leadership model and slowing revenue growth. This exit prompted at least 17 brokerages to cut their price targets on the stock, with analysts noting it as a significant blow given Taylor's leadership role in product development. Taylor's departure comes after just one year in the co-CEO role, leaving co-founder Marc Benioff as the sole top boss."
2022-12-01 05:54:28,Vodafone Picks Dubber for UK and European Business Strategy,UC Today,0.0,0.0,0.281597,https://www.uctoday.com/unified-communications/vodafone-picks-dubber-for-uk-and-european-business-strategy/,"Vodafone Group PLC has partnered with Dubber, a Melbourne-based conversational intelligence and unified recording company, to deliver direct recording and AI services across its mobile networks for business customers in the UK and Europe, starting with Germany. This collaboration will leverage Dubber's platform to provide enhanced compliance and data insights across mobile and UC services, including RingCentral, Cisco Webex, and Microsoft Teams. The initiative aims to expand Vodafone's existing recording subscriber base and generate accretive revenue for Dubber by offering automated, self-service next-generation recordings and personalized customer experiences."
2022-12-01 05:28:08,Global investment banking firm blazes new trail to remote work with complete cloud-delivered security,Palo Alto Networks,0.0,0.0,0.29141,https://www.paloaltonetworks.com/customers/jefferies,"Jefferies, a global investment banking firm, has successfully transitioned its entire global workforce to a secure remote work environment by leveraging Palo Alto Networks' Prisma Access. This cloud-delivered security platform addressed challenges related to complexity, risk, and data loss prevention in a hybrid work model, particularly accelerated by the pandemic. The solution enabled Jefferies to unify security policies, provide a seamless user experience, and ensure the protection of highly sensitive client data across its worldwide operations."
2022-12-01 05:23:05,HPE is in talks to buy Nutanix: Report,CIO,0.0,0.0,0.096326,https://www.cio.com/article/415193/hpe-is-in-talks-to-buy-nutanix-report.html,"Hewlett Packard Enterprise (HPE) is reportedly in discussions to acquire cloud computing firm Nutanix. This potential acquisition could establish HPE as a dominant force in the cloud computing market and allow it to cross-sell growth-oriented software to its extensive customer base. Experts suggest that while the deal could benefit HPE with lower operational costs and a larger market share, customers might face higher pricing for cloud services post-acquisition."
2023-04-28 07:55:00,Sony expects profit to slip despite record PlayStation 5 sales,Reuters,0.0,0.0,-0.091211,https://www.reuters.com/technology/sony-posts-record-annual-profit-driven-by-chip-music-units-2023-04-28/,"Sony Group Corp forecasts a 3.2% decline in operating profit for the current business year, despite expecting a record 25 million PlayStation 5 sales. This profit slip is attributed to weaker financial services sales, which are offsetting gains from its gaming, music, and movie divisions. While the gaming unit shows strong console sales, a decline in more profitable videogame software sales and a drop in image sensor profit are contributing to the overall profit reduction."
2023-04-25 01:51:59,LinkedIn Business Highlights from Microsoft’s FY23 Q3 Earnings,LinkedIn,0.0,0.0,0.450414,https://news.linkedin.com/2023/april/linkedin-business-highlights-from-microsoft-s-fy23-q3-earnings,"LinkedIn's revenue increased by 8% year-over-year in Q3 FY23, with member growth accelerating for the seventh consecutive quarter, reaching over 930 million members globally. The platform saw significant expansion in India, a 73% increase in Gen Z student sign-ups, and continued success in Talent Solutions and Marketing Solutions. LinkedIn is also becoming a hub for AI learning and features, offering over 100 AI courses and new AI-powered tools."
2023-04-20 14:49:49,Problems at Hercules Capital (HTGC),The Bear Cave | Edwin Dorsey,0.0,0.0,-0.33938,https://thebearcave.substack.com/p/problems-at-hercules-capital-htgc,"The Bear Cave challenges Hercules Capital's perceived strength, alleging that its robust financial appearance is a ""mirage."" The report highlights concerning portfolio marks, severe distress in portfolio companies, and significant stock declines in its past successful investments. Despite management's optimistic outlook and analyst endorsements, the article raises questions about the true health of Hercules Capital's $2.8 billion loan portfolio."
2023-04-19 02:13:07,Improve DNS Security with Zscaler's New Innovations,Zscaler,0.0,0.0,0.34843,https://www.zscaler.com/blogs/product-insights/zscaler-launches-new-innovations-improve-best-class-dns-security,"Zscaler has announced significant innovations to its DNS security module, enhancing security, availability, flexibility, and performance. The updates include DNS encryption via DNS-over-HTTPS (DoH), improved failover capabilities, better DNS tunnel protection, enhanced DGA detection, and protective DNS enablement for government agencies. These features aim to address the pervasive issue of DNS-related attacks and provide organizations with a more robust, cloud-native solution for secure and efficient DNS resolution."
2023-04-18 02:13:07,2023 Phishing Report shows 47.2% more attacks,Zscaler,0.0,0.0,0.205204,https://www.zscaler.com/blogs/security-research/2023-phishing-report-reveals-47-2-surge-phishing-attacks-last-year,"The Zscaler ThreatLabz 2023 Phishing Report reveals a significant 47.2% surge in phishing attacks in 2022 due to increasingly sophisticated techniques and the use of AI tools. The report highlights that education was the most targeted sector, with Microsoft brands and crypto exchanges being frequently exploited. It recommends adopting a Zero Trust architecture and educating employees to combat these evolving threats."
2023-04-17 00:00:00,"Chegg announces CheggMate, the new AI companion, built with GPT-4",Business Wire,0.0,0.0,0.357759,https://www.businesswire.com/news/home/20230417005324/en/Chegg-announces-CheggMate-the-new-AI-companion-built-with-GPT-4,"Chegg, Inc. announced CheggMate, a new AI-enhanced learning service built with OpenAI’s GPT-4, designed to provide personalized and interactive learning experiences for students. CheggMate will leverage Chegg's proprietary data and GPT-4's problem-solving capabilities to offer features like tailored quizzes, guided support, and recommendations. Early access for students is expected in May 2023."
2023-04-12 02:10:01,Viasat real-time Earth antennas integrated on Microsoft Azure Orbital,SatNews Publishers,0.0,0.0,0.373389,https://news.satnews.com/2023/04/12/viasat-real-time-earth-antennas-integrated-on-microsoft-azure-orbital/,"Viasat Inc. and Microsoft Azure Orbital have integrated Viasat's Real-Time Earth (RTE) ground service with Azure, making it accessible through the Azure marketplace. This collaboration equips five RTE sites with high-speed connectivity directly to the Azure cloud, offering commercial satellite operators secure, high-throughput, and low-latency connectivity for their spacecraft. The solution supports Ka-band transmissions, which are crucial for high downlink rates from remote sensing missions and aims to reduce data delivery times."
2023-04-11 01:45:21,"Gartner: Top 5 Markets In $4.6 Trillion Tech Industry For 2023, 2024",CRN,0.0,0.0,0.215909,https://www.crn.com/news/cloud/gartner-top-5-markets-in-4-6-trillion-tech-industry-for-2023-2024,"Gartner projects global IT spending to reach $4.6 trillion in 2023, increasing over 5% annually, despite economic challenges like inflation. The top five market segments for spending are communications services, software, devices, data center systems, and IT services, with software and IT services showing significant growth. The sustained demand is driven by digital transformation and a shortage of skilled IT experts, leading companies to prioritize software and external IT services."
2023-03-31 02:55:50,SPDR S&P 500 (SPY) Stock: Breakout Leveraging Tech Stocks Rally?,The Coin Republic,0.649367,0.402277,0.364897,https://www.thecoinrepublic.com/2023/03/31/spdr-sp-500-spy-stock-breakout-leveraging-tech-stocks-rally/,"The SPDR S&P 500 (SPY) ETF has shown a positive resurgence in 2023, largely driven by gains in tech and semiconductor stocks, which comprise a significant portion of its portfolio. Technical analysis suggests a potential bullish breakout for SPY, with indicators pointing to an upcoming rally. Investors are advised to watch support levels and anticipate a rise leveraging the strength of its underlying tech holdings."
2023-03-30 03:03:50,Laura Fritzlen Joins Zscaler as Public Sector Alliances & Channels VP,GovCon Wire,0.0,0.0,0.326367,https://www.govconwire.com/articles/laura-fritzlen-joins-zscaler-as-public-sector-alliances-and-channels-vp,"Laura Fritzlen has been appointed as Vice President of Public Sector Alliances & Channels at Zscaler, a cloud security company. With over two decades of experience, Fritzlen will focus on expanding strategic partner relationships and alliances within the public sector to drive collaboration and growth. She previously held leadership roles at ServiceNow, Symantec, and Dell EMC."
2023-03-29 03:27:44,Investment Giant Fidelity Offers New Metaverse and Crypto Payments ETFs,Coin Bureau,0.0,0.0,0.339455,https://coinbureau.com/news/investment-giant-fidelity-offers-new-metaverse-and-crypto-payments-etfs,"Fidelity Investments, managing over $4.2 trillion in assets, has launched two new ETFs: the Fidelity Crypto Industry and Digital Payments ETF (FDIG) and the Fidelity Metaverse ETF (FMET). These new offerings aim to expand Fidelity's presence in the digital ecosystem, catering to growing investor demand, especially from younger demographics, for exposure to crypto and metaverse industries. While FDIG does not offer direct crypto exposure, it invests in companies supporting the digital asset ecosystem, and FMET focuses on companies building out the metaverse."
2023-03-28 10:19:00,Microsoft cuts over 500 jobs in another round of tech layoffs,The National Desk,0.0,0.0,-0.328815,https://thenationaldesk.com/news/americas-news-now/bellevue-redmond-issaquah-king-county-google-amazon-washington-jobs-economy-meta-mass-microsoft-laying-off-over-500-employees-in-another-round-of-tech-layoffs,"Microsoft has laid off 559 workers in Bellevue and Redmond, bringing their regional total to over 2,700 jobs cut since January. This follows a previous round of layoffs in February and reflects a broader trend of job cuts across the tech industry, with companies like Meta and Amazon also reducing their workforces. Overall, U.S. tech companies have shed more than 300,000 jobs in recent months."
2023-03-28 09:33:00,"Rackspace cutting workforce in response to downturn. Amid string of losses, its stock has plummeted.",San Antonio Express-News,0.0,0.0,-0.042272,https://www.expressnews.com/business/article/rackspace-layoffs-downturn-17859129.php,"Rackspace Technology Inc. is laying off nearly 4 percent of its global workforce, approximately 275 employees, in response to a broad economic downturn. This decision comes as the company's stock has plummeted more than 80 percent in the last year, including a significant drop after a December ransomware attack. Rackspace is also struggling with a string of quarterly losses despite record revenues, and its CEO is implementing a new business strategy."
2023-03-28 02:53:02,Rackspace Lays Off 275 Employees As Stock Hits Bottom,CRN,0.0,0.0,-0.751925,https://www.crn.com/news/cloud/rackspace-lays-off-275-employees-as-stock-hits-bottom,"Rackspace Technology announced it is laying off 275 employees, approximately 4% of its global workforce, due to an uncertain economic climate and the need to align its cost structure with business demands. This decision comes as the company's stock has plummeted by 84% over the past year, trading at a near-all-time low of $1.76 per share, and after reporting an $805 million net loss in 2022 and experiencing a ransomware attack in December. Rackspace joins a growing list of tech companies implementing significant layoffs in 2023 amid a broader industry downturn."
2023-03-28 02:44:22,"Memory chipmaker Micron expects revenue drop, expects AI to boost sales in 2025",Reuters,0.0,0.0,0.195429,https://www.reuters.com/technology/chipmaker-micron-forecasts-line-quarterly-revenue-2023-03-28/,"Micron Technology expects a significant revenue drop for its third quarter, in line with Wall Street predictions, but anticipates a strong recovery in 2025 driven by artificial intelligence. The company plans to reduce investments and cut headcount while emphasizing its strong position to capitalize on the growing demand for memory chips in AI servers. Despite near-term challenges, Micron is proceeding with new factory constructions and sees improving customer inventories and supply-demand balance."
2023-03-28 02:44:02,"Japanese regulator clears Microsoft’s acquisition of Activision Blizzard, sees no substantial harm to competition",Game World Observer,0.0,0.0,0.339502,https://gameworldobserver.com/2023/03/28/japan-microsoft-activision-blizzard-deal-approved,"The Japan Fair Trade Commission has approved Microsoft's proposed $68.7 billion acquisition of Activision Blizzard, concluding it is unlikely to substantially restrain competition. This approval is significant as Japan is home to Sony, a vocal critic of the deal. While approved in Japan and several other countries, the merger is still under review by regulators in Europe and the US."
2023-03-27 03:03:44,"Zoom jumps on ChatGPT bandwagon, integrates generative AI features",CIO Dive,0.0,0.0,0.351343,https://www.ciodive.com/news/Zoom-OpenAI-ChatGPT-Enterprise-Upgrades/646099/,"Zoom is incorporating OpenAI's generative AI, the technology behind ChatGPT and GPT-4, into its video communications platform. These new features will generate Zoom Team Chat and email responses, and an AI feature for Zoom IQ will create shareable meeting summaries and whiteboard presentations. While initial availability is limited to select customers and specific products, Zoom plans a broader release, aiming to bolster its enterprise customer base through AI and automation."
2023-03-26 02:44:02,Microsoft Israel to lay off dozens as part of global cutbacks,CTech,0.0,0.0,-0.211687,https://www.calcalistech.com/ctechnews/article/by00ktyce3,"Microsoft Israel is preparing to lay off dozens of employees, impacting its cyber team for the first time, as part of Microsoft's broader global restructuring which includes 10,000 job cuts announced in January. The Israeli R&D center, employing about 2,700 people with half in cybersecurity, will see these layoffs primarily affect its security organization, with an estimated 10% reduction. This move follows other recent high-tech layoffs in Israel."
2023-03-22 01:51:26,AB US Low Volatility Equity ETF Holdings,Quiver Quantitative,0.623995,0.114601,0.116926,https://www.quiverquant.com/etf/AB%20US%20Low%20Volatility%20Equity%20ETF,"This article details the holdings of the AB US Low Volatility Equity ETF (LOWV), which was established on March 22, 2023. The ETF focuses on large- and mid-cap US stocks, actively managed to achieve lower volatility than the broader market. Key holdings include major technology companies like Alphabet, Microsoft, Apple, NVIDIA, and Amazon, alongside diversified investments across various sectors."
2023-03-16 02:45:25,NICE Achieves Milestone of One Million Agents on CXone,CX Today,0.0,0.0,0.279506,https://www.cxtoday.com/contact-center/nice-achieves-milestone-of-one-million-agents-on-cxone/,"NICE has reached a significant milestone with one million agents and supervisors now using its CXone cloud platform, following its recognition by Gartner and integration of OpenAI's generative modeling. The company reported strong financial results for 2022, including a 10% increase in total revenue and 26% growth in cloud revenue, securing several eight-figure deals. NICE projects continued growth for 2023, leveraging its strong market position, cloud expansion, and AI advancements."
2023-03-16 02:41:42,Lumen’s Exec Team Taking The Provider From ‘Channel-Friendly’ To ‘Channel-Focused’,CRN,0.0,0.0,0.316811,https://www.crn.com/news/networking/lumen-s-exec-team-taking-the-provider-from-channel-friendly-to-channel-focused,"Lumen Technologies is transitioning from a ""channel-friendly"" to a ""channel-focused"" organization, driven by a new C-suite with strong channel backgrounds. This shift involves significant internal investments in strategic services and a greater emphasis on customer experience, with partners playing a crucial role. The company's leadership is actively engaging with partners and expanding its partner programs to foster growth and improve collaboration."
2023-03-16 02:18:53,Demo of China’s Answer to ChatGPT Disappoints Investors,Time Magazine,0.577134,-0.140069,-0.193966,https://time.com/6263623/baidu-ai-chatbot-disappoints/,"Baidu Inc.'s CEO Robin Li unveiled ""Ernie Bot,"" China's answer to ChatGPT, in a recorded video demonstration that disappointed investors, leading to a 6.4% drop in Baidu's shares. The pre-recorded nature of the demo and lack of real-time interaction raised questions about Ernie's capabilities compared to OpenAI's ChatGPT. Despite the initial disappointment, Baidu is considered a frontrunner in China's AI race, planning to integrate Ernie Bot across its services while navigating concerns about US tech restrictions and Chinese regulatory oversight."
2023-03-16 02:18:53,China’s Answer to ChatGPT Gets an Artificial Debut and Disappoints (Published 2023),The New York Times,0.0,0.0,-0.032798,https://www.nytimes.com/2023/03/16/world/asia/china-baidu-chatgpt-ernie.html,"Baidu's debut of its ChatGPT rival, Ernie, disappointed investors after its ""live"" demonstration was revealed to be prerecorded, causing Baidu's shares to tumble. This event highlights China's ongoing efforts to catch up with the United States in AI development, particularly given restrictions on high-end computing chips. The botched rollout also points to the intensive global race in large language model technology, dominated by a few major players."
2023-03-15 15:10:51,Morgan Stanley partners with OpenAI on internal chatbot for its advisors,InvestmentNews,0.0,0.0,0.29567,https://www.investmentnews.com/fintech/morgan-stanley-partners-with-openai-on-internal-chatbot-for-its-advisors/235147,"Morgan Stanley is partnering with OpenAI to create an internal-facing chatbot for its financial advisors, leveraging OpenAI's latest GPT-4 technology. This chatbot will provide advisors with instant, accurate answers generated exclusively from Morgan Stanley's proprietary content library, aiming to enhance efficiency and client service. This initiative is part of the firm's broader exploration into AI-powered tools, though Morgan Stanley emphasizes that human advice and advisor-client relationships will remain central to its wealth management strategy."
2023-03-15 02:45:06,Using the power of Cloudflare’s global network to detect malicious domains using machine learning,The Cloudflare Blog,0.0,0.0,0.335252,https://blog.cloudflare.com/threat-detection-machine-learning-models/,"Cloudflare leverages its global network and machine learning to detect malicious domains, focusing on two key threat techniques: Domain Generation Algorithms (DGAs) and DNS tunneling. The company uses advanced neural networks, including transformer-based models and gradient-boosted decision trees, to classify and identify these threats. Their system processes all DNS queries through the 1.1.1.1 resolver to swiftly identify and mitigate these evolving cyber threats."
2023-03-14 02:29:09,Smart move: Artificial intelligence and 3D laser scanning for MEP applications,"Planning, Building & Construction Today",0.0,0.0,0.237187,https://www.pbctoday.co.uk/news/digital-construction/construction-technology-news/smart-move-artificial-intelligence-and-3d-laser-scanning-for-mep-applications/121243/,"This article explores how artificial intelligence (AI) and 3D laser scanning can significantly benefit Mechanical, Electrical, and Plumbing (MEP) applications. It highlights how 3D laser scanning provides crucial accurate data for new construction or retrofitting projects, while AI can then process this data for pattern recognition, identifying optimal and energy-efficient solutions, and enhancing project management. The combination of these technologies, along with human expertise, is presented as a powerful tool for improving efficiency and decision-making in MEP design and implementation."
2023-03-09 14:51:12,PETRONAS,IBM,0.0,0.0,0.427871,https://www.ibm.com/case-studies/petroliam-nasional-berhad,"PETRONAS, a global oil and gas company, partnered with IBM Consulting to develop the UP app, accelerating project completion by up to four times. This digital solution provides decision-makers with fast access to curated upstream data, enhancing operational efficiency and decision-making within the company. The UP platform, built using agile methodologies on Microsoft Azure, now serves over 30,000 users and features more than 100 diverse functionalities, significantly impacting PETRONAS's digital transformation."
2023-03-08 02:44:02,Microsoft adding to far West Side data center with $175.9 million expansion project this year,San Antonio Express-News,0.0,0.0,0.3814,https://www.expressnews.com/business/article/microsoft-data-center-expansion-texas-17826859.php,"Microsoft is planning a $175.9 million expansion of its data center in San Antonio's Texas Research Park, dubbed ""SAT40."" Construction on the 153,227-square-foot facility is set to begin in June and finish in September 2023. This is the latest in a series of data center investments by Microsoft in the area, driven by increasing demand for cloud technology despite recent company-wide layoffs."
2023-03-07 00:00:00,"Einstein AI was good, but Salesforce claims Einstein GPT is even better",VentureBeat,0.0,0.0,0.33035,https://venturebeat.com/ai/einstein-ai-was-good-but-salesforce-claims-einstein-gpt-is-even-better,"Salesforce announced a new partnership with OpenAI and launched its Einstein GPT generative AI service, aiming to enhance CRM, marketing, and sales processes. Einstein GPT integrates proprietary AI models with external generative AI, initially with OpenAI, to automate content generation and improve customer experience. The company also introduced a $250 million fund through Salesforce Ventures to support the generative AI startup ecosystem."
2023-03-06 02:53:02,Rackspace Technology appoints Dr Angela Kurien Murze as Cloud Innovation Centre India Head,Express Computer,0.0,0.0,0.24238,https://www.expresscomputer.in/news/rackspace-technology-appoints-dr-angela-kurien-murze-as-cloud-innovation-centre-india-head/95384/,"Rackspace Technology has appointed Dr. Angela Kurien Murze as the Head of its Cloud Innovation Centre in India. Based in Pune, Dr. Murze will lead the Global Delivery team and is expected to drive profitability, overseeing pre-sales, delivery, alliances, and marketing. Her appointment is part of a broader executive team expansion aimed at accelerating global cloud business growth."
2023-03-06 02:36:14,How legal teams are using Luminance for AI-powered automation,Legal Dive,0.0,0.0,0.415383,https://www.legaldive.com/news/luminance-ai-powered-automation-koch-deloitte-big-four/644242/,"This article details how legal teams are leveraging Luminance, an AI-powered automation platform, to streamline contract generation and review processes, reduce costs, and free up legal professionals for higher-value work. Examples include IDEXX Laboratories using Luminance to quickly review contracts for connections to sanctioned entities and Koch Industries automating NDA and master service agreement generation. The platform is also adopted by the Big Four accounting firms, like Deloitte, to assist clients in contract standardization projects, achieving significant time savings."
2023-03-06 00:00:00,"10 Undervalued, High-Quality Stocks With Competitive Advantages",Morningstar,0.0,0.0,0.424127,https://www.morningstar.com/stocks/10-undervalued-high-quality-stocks-with-competitive-advantages,"This article identifies 10 undervalued, high-quality stocks with wide economic moats, according to Morningstar analysts. These companies, including Adobe, Microsoft, and Alphabet, have strong balance sheets, high profitability, and competitive advantages expected to last over 20 years. The stocks listed were trading below their fair value estimates as of March 2, 2023."
2023-03-03 03:01:41,WEBTOON and LINE Studio Announce March 14 Launch Date for the True Beauty Mobile Puzzle Game,Business Wire,0.0,0.0,0.246501,https://www.businesswire.com/news/home/20230303005071/en/WEBTOON-and-LINE-Studio-Announce-March-14-Launch-Date-for-the-True-Beauty-Mobile-Puzzle-Game,"WEBTOON and LINE Studio have announced that the ""True Beauty"" mobile puzzle game will launch globally on March 14, available on Google Play and Apple App Store. The game is based on the popular webcomic ""True Beauty,"" which has accumulated over six billion views, and will feature puzzle-style gameplay, fan-favorite characters, and customizable upgrades. Pre-registration for the game is currently open, offering limited edition in-game rewards."
2023-03-03 02:44:02,Microsoft’s venture arm M12 is undergoing a big strategy shift—and insiders have left the fund,Fortune,0.0,0.0,0.125466,https://fortune.com/2023/03/03/microsoft-venture-m12-new-strategy-employees-left/,"Microsoft's venture arm, M12, is shifting its strategy from a primarily financial corporate venture capital model to a more strategic, Microsoft-aligned approach. This change emphasizes integrating startups with Microsoft's ecosystem rather than focusing solely on financial returns, leading to significant internal adjustments and the departure of at least eight employees since mid-2021. The shift aims to deepen M12's focus on innovation, aligning with Microsoft CEO Satya Nadella's vision, particularly in areas like AI."
2023-03-03 02:40:20,GLOF Top Holdings List & Exposure (iShares Global Equity Factor ETF),MarketBeat,0.920953,0.125468,0.136093,https://www.marketbeat.com/stocks/NYSEARCA/GLOF/holdings/,"This article details the top holdings, geographic, currency, sector, industry, and sub-industry exposures for the iShares Global Equity Factor ETF (GLOF). It highlights that NVIDIA, Apple, and Alphabet are the top three holdings, making up a significant portion of the fund's total assets. The ETF primarily invests in the United States and has its largest exposure to the Technology sector, particularly in Semiconductors."
2023-03-03 02:35:07,"CEO Antonio Neri On HPE’s Supercomputing ChatGPT Advantage, Axis Security And GreenLake Momentum",CRN Magazine,0.0,0.0,0.231343,https://www.crn.com/news/cloud/ceo-antonio-neri-on-hpe-s-supercomputing-chatgpt-advantage-axis-security-and-greenlake-momentum,"HPE CEO Antonio Neri discusses the company's strong position to capitalize on the ChatGPT frenzy through its Supercomputing-as-a-Service offering, driven by its acquisition of Cray Supercomputer. He also highlights HPE's expanded edge portfolio with the acquisition of Axis Security, integrating it into the GreenLake platform for a comprehensive SASE model. Neri emphasizes the significant growth in HPE GreenLake's annualized revenue run rate and total contract value, underscoring the success of its as-a-service strategy and partner adoption."
2023-03-02 17:00:00,C3 AI Announces Fiscal Third Quarter 2023 Financial Results,Business Wire,0.0,0.0,0.302158,https://www.businesswire.com/news/home/20230302005592/en/C3-AI-Announces-Fiscal-Third-Quarter-2023-Financial-Results,"C3 AI (NYSE: AI) announced strong financial results for its fiscal third quarter ended January 31, 2023, exceeding revenue guidance with $66.7 million. The company highlighted successful partnerships, expansion into new markets, and a confident outlook towards profitability in FY24, driven by its consumption-based pricing model and innovations in enterprise AI and Generative AI."
2023-03-02 02:37:39,Three Times a Leader: CrowdStrike Named a Leader in Gartner® Magic Quadrant™ for Endpoint Protection Platforms,CrowdStrike,0.0,0.0,0.247571,https://www.crowdstrike.com/en-us/blog/crowdstrike-named-a-leader-in-gartner-magic-quadrant-for-epp-three-times-in-a-row/,"CrowdStrike has been recognized as a Leader in the Gartner Magic Quadrant for Endpoint Protection Platforms (EPP) for the third consecutive time. The company's Falcon platform is highlighted for its comprehensive protection across endpoints, cloud workloads, and identity, along with its industry-leading EDR capabilities. CrowdStrike continues to focus on innovation to help organizations defend against cyberattacks and achieve a strong cybersecurity posture."
2023-03-02 02:14:37,C3 AI Announces Fiscal Third Quarter 2023 Financial Results,C3 AI,0.0,0.0,0.289775,https://c3.ai/c3-ai-announces-fiscal-third-quarter-2023-financial-results/,"C3 AI announced strong financial results for its fiscal third quarter ended January 31, 2023, exceeding revenue guidance with $66.7 million. The company reported progress in its transition to a consumption-based pricing model, expanded its partner ecosystem with Google Cloud, AWS, Azure, Booz Allen, Accenture, EY, Peraton, and Baker Hughes, and highlighted significant innovation in enterprise AI and generative AI. C3 AI also re-emphasized its commitment to achieving cash positive and non-GAAP profitable status by the end of FY24."
2023-03-01 02:35:09,HP CEO Lores: Hybrid Work Is ‘Driving Innovation Across Our Portfolio’,CRN Magazine,0.564977,0.308482,-0.058627,https://www.crn.com/news/components-peripherals/hp-ceo-lores-hybrid-work-is-driving-innovation-across-our-portfolio,"HP CEO Enrique Lores stated that hybrid work is a long-term trend fueling innovation across their portfolio, with their hybrid systems business more than doubling year over year. Despite a general economic downturn and weakening corporate demand impacting PC sales, the company maintains its fiscal year outlook and expects to achieve significant cost savings. HP is also expanding its subscription services and investing in areas like AI and professional workstations."
2023-02-28 10:10:34,PRF Top Holdings List & Exposure (Invesco RAFI US 1000 ETF),MarketBeat,0.0,0.0,0.100185,https://www.marketbeat.com/stocks/NYSEARCA/PRF/holdings/,"This article provides a detailed breakdown of the Invesco RAFI US 1000 ETF (PRF) holdings. It lists the top 25 stock holdings, including Alphabet, Apple, and Microsoft, which collectively account for 34.92% of the fund. The report also outlines PRF's geographic, currency, sector, industry, and sub-industry exposures, with a primary focus on the United States and the Technology and Financials sectors."
2023-02-27 04:02:00,News | CBRE Taps Ex-Microsoft Environmental Strategist To Lead Brokerage's Sustainability Efforts,CoStar,0.0,0.0,0.247115,https://www.costar.com/article/399551285/cbre-taps-ex-microsoft-environmental-strategist-to-lead-brokerages-sustainability-efforts,"CBRE, the world's largest commercial real estate services firm, has appointed Robert Bernard, formerly Microsoft's chief environmental strategist, as its new chief sustainability officer. Bernard will be responsible for enhancing CBRE's sustainability services for clients and helping the company achieve its carbon-reduction goals. This strategic hire comes as real estate firms increasingly focus on environmental, social, and governance (ESG) commitments amidst economic challenges."
2023-02-27 03:10:09,The Future of AI Stocks: 7 Companies to Keep Your Eye On,InvestorPlace,0.99968,0.441317,0.396717,https://investorplace.com/2023/02/the-future-of-ai-stocks-7-companies-to-keep-your-eye-on/,"This article identifies seven key AI stocks and ETFs that investors should consider due to artificial intelligence's potential to revolutionize various industries. It highlights companies like Nvidia, Microsoft, and Advanced Micro Devices for their direct involvement in AI technology, along with Innodata and C3.ai for their specific AI solutions. Additionally, it suggests AI-focused ETFs like ROBO Global Artificial Intelligence ETF and Global X Robotics & Artificial Intelligence ETF for diversified investment in the burgeoning AI sector."
2023-02-24 03:29:43,Should You Fund Your 401(k) First or Your IRA?,Morningstar,0.0,0.0,0.223861,https://www.morningstar.com/funds/should-you-fund-your-401k-first-or-your-ira,"This article discusses the optimal order for funding retirement accounts, including 401(k)s, IRAs, and HSAs, and also covers recent financial news. It highlights the impending expiration of Vanguard's hybrid ETF/mutual fund patent and its potential impact on the fund market, along with earnings reports from Kraft Heinz, Roku, and Cisco Systems. The experts provide a hierarchy for allocating retirement savings, emphasizing employer match, HSAs, Roth IRAs, and then evaluating company 401(k)s."
2023-02-23 12:36:00,"As chatbots boom, Nvidia sales outlook beats Wall Street expectations",Reuters,1.0,0.476859,0.324867,https://www.reuters.com/technology/nvidia-forecasts-first-quarter-revenue-above-expectations-2023-02-22/,"Nvidia Corp (NVDA.O) surpassed Wall Street's first-quarter revenue expectations, driven by a surge in demand for its chips used in AI services like chatbots. The company announced a new cloud computing service to help businesses develop generative AI, positioning itself to significantly benefit from the growing AI sector despite a broader downturn in the PC market. Analysts project this boom in generative AI could add an additional $14 billion to Nvidia's revenue by 2027."
2023-02-23 03:36:42,"Meet the $10,000 Nvidia chip powering the race for A.I.",CNBC,1.0,0.467215,0.179441,https://www.cnbc.com/2023/02/23/nvidias-a100-is-the-10000-chip-powering-the-race-for-ai-.html,"The Nvidia A100 chip, costing around $10,000, has become a critical tool in the artificial intelligence industry, powering applications like ChatGPT and Stable Diffusion. Nvidia dominates the market for GPUs used in machine learning, with the A100 serving as a ""workhorse"" for AI professionals and requiring substantial investment for companies to train and deploy AI models. Despite the high costs and emerging competition, Nvidia's CEO Jensen Huang asserts that their GPUs offer a much more affordable solution for developing sophisticated AI models compared to traditional CPU-based data centers."
2023-02-22 16:59:00,"Nvidia adds to AI hype with new cloud-based service, stock jumps on forecast",MarketWatch,1.0,0.407446,0.285143,https://www.marketwatch.com/story/nvidia-stock-jumps-as-earnings-forecast-come-in-better-than-expected-3e973c71?gaa_at=eafs&gaa_n=AWEtsqdkPrKVcH1jG7f_RtuqI2UM4L9Y1fOTM4-OM-Z8GZPxX5hVeqheGcs6&gaa_ts=699a7d4e&gaa_sig=Ual5ep3K3Gk8L6-UUcH2J_SHJzO09pFAv9_LlJKKBX6cTNLHjzGW809Jk5wNO-LeIpVFDtjNMJci0GwiV26MpA%3D%3D,"Nvidia's shares surged after the company announced strong fiscal fourth-quarter results and plans to make its AI software available on major cloud platforms like Oracle, Microsoft, and Alphabet. CEO Jensen Huang highlighted the potential of their new browser-based DGX Cloud AI supercomputer service to accelerate adoption of higher-margin data-center software, capitalizing on the booming interest in artificial intelligence. This move is expected to expand the chip maker's revenue streams beyond hardware."
2023-02-22 16:37:00,"Ansys Inc. stock rises Wednesday, outperforms market",MarketWatch,0.0,0.0,0.02505,https://www.marketwatch.com/data-news/ansys-inc-stock-rises-wednesday-outperforms-market-63861594-e26bad178fd8?gaa_at=eafs&gaa_n=AWEtsqfxiis4LpD13Bqku90ld_KaojqJi7ohq83u5h_GlhdVWf9IMDl8rShQ&gaa_ts=69076842&gaa_sig=W7S5xYGGSftFaTbaDY2qYdGBTRuFneQOHgUP_ENn8qhE4hqnJdCARGaUW6MMyrZ4Q3Jofn0v5ZLufQf2uT1MVA%3D%3D,"Ansys Inc. (ANSS) stock increased by 0.36% on Wednesday, closing at $266.78, despite a broader market decline where the S&P 500 and Dow Jones Industrial Average both fell. This rise ended a three-day losing streak for the company's shares. Ansys outperformed competitors like Microsoft Corp. and International Business Machines Corp., and its trading volume also exceeded its 50-day average."
2023-02-21 16:11:00,"Nvidia earnings overshadowed by Microsoft, ChatGPT, OpenAI, 10-year gaming partnership",MarketWatch,1.0,0.447671,0.35519,https://www.marketwatch.com/story/nvidia-earnings-overshadowed-by-microsoft-chatgpt-openai-10-year-gaming-partnership-275b126b?gaa_at=eafs&gaa_n=AWEtsqdU1D5kaE4hzKtdENT5kyoVE1MPsw_j_63rfZC8xeqKtrP1Ws7vMb6g&gaa_ts=699a7d4e&gaa_sig=iY3-QRep-GEGHUYdMHHobN3djroNJtQDZHMeS-GhoZv8hixAuntEpR89cMogUb0LcAQaVQXjbg0pgK2chJt3PA%3D%3D,"Nvidia's upcoming earnings report is largely overshadowed by its new 10-year partnership with Microsoft to bring Activision Blizzard and Xbox games to GeForce Now. This partnership also highlights Nvidia's role in powering AI technologies like OpenAI's ChatGPT, especially given Microsoft's recent investment in OpenAI and plans to integrate its AI across services. The focus is now on Nvidia's data-center sales and its contribution from public cloud providers such as Microsoft Azure."
2023-02-21 14:18:00,Microsoft teams up with Nvidia and Nintendo in 10-year deal to stream Xbox games,MarketWatch,1.0,0.417442,0.238221,https://www.marketwatch.com/story/microsoft-teams-up-with-nvidia-and-nintendo-in-10-year-deal-to-stream-xbox-games-c0e9a141?gaa_at=eafs&gaa_n=AWEtsqfOcoGhOvLR5L7NpsmkRXfXo4SfUsKaEiLGqTzhFYedaL812PzN-l_o&gaa_ts=699a7d4c&gaa_sig=-BlxSmWavt1nhUtsoyS5_Hlnr8HtS7aW-qP5TfPnHMK6s_BhE4Ub26r8aWXfcssoMJPpdGEx0rW25ltm-e0AyQ%3D%3D,"Microsoft has secured 10-year agreements with Nvidia and Nintendo to stream Xbox games as part of its strategy to address antitrust concerns regarding its proposed acquisition of Activision Blizzard. This partnership aims to make Xbox and potential Activision titles available on Nvidia's GeForce Now cloud gaming service and Nintendo platforms, covering various devices. The move is intended to placate regulators scrutinizing the $69 billion deal."
2023-07-03 15:25:20,Growth-Stock Funds Fly High but Fall Short in 2023′s First Half,Morningstar,0.624262,0.344955,0.240475,https://www.morningstar.com/funds/wall-streets-fallen-angels-got-their-wings-back-2023s-first-half,"Growth-stock funds experienced a strong rebound in the first half of 2023 after significant losses in 2022, with large-growth funds doubling small-growth funds' gains. However, two-thirds of U.S.-centric active managers underperformed stylistically relevant indexes and passive rivals due to untimely sector allocations and light stakes in mega-cap stocks that drove market performance. International and emerging markets showed more modest gains, with some regions outperforming others, leading to a mixed bag for global stocks."
2023-07-03 09:49:00,Apple makes history as first $3 trillion company amid tech stock surge,Reuters,0.638389,0.51827,0.321395,https://www.reuters.com/technology/global-markets-apple-2023-07-03/,"Apple Inc. achieved a historic milestone, becoming the first company to reach a $3 trillion market value, driven by investor optimism about its expansion into new markets and a projected easing of interest rate hikes. This accomplishment is set against a backdrop of a broader tech stock surge, with other companies like Tesla and Nvidia also seeing significant gains due to advancements in AI and strategic partnerships. The article highlights Apple's strong financial performance and its reputation as a safe investment, alongside the success of other tech giants."
2023-06-30 23:59:02,Q3 Stock Market Outlook: Time to Batten Down the Hatches or Raise the Sail?,Morningstar,0.715085,0.122324,0.137855,https://www.morningstar.com/markets/third-quarter-2023-stock-market-outlook-time-batten-down-hatches-or-raise-sail,"Morningstar's Q3 2023 stock market outlook suggests that while the U.S. market is still undervalued, the margin of safety has decreased, and the rally in the first half of the year has been disproportionately driven by a few ""Magnificent Seven"" stocks. Investors are advised to take profits from overextended growth and technology stocks and reallocate to undervalued sectors like communications and real estate, and to value, mid-cap, and small-cap stocks. The outlook anticipates slower market gains due to economic slowdown, tight monetary policy, and reduced credit availability, but expects any future pullbacks to be relatively shallow."
2023-06-30 00:29:21,XPeng Announces G6 Ultra Smart Coupe SUV,The EV Report,0.621136,0.329834,0.203891,https://theevreport.com/xpeng-announces-g6-ultra-smart-coupe-suv,"XPeng Inc. has launched its G6 Ultra Smart Coupe SUV in China, built on the SEPA2.0 architecture and priced from 209,900 RMB to 276,900 RMB, with deliveries starting in July 2023. This vehicle features advanced ADAS (XNGP), an 800V powertrain (XPower), integrated aluminum die-casting, and CIB battery-body integration. The G6 boasts a 755 km range, fast-charging capabilities, and a sophisticated design, aiming to solidify XPeng's leadership in the smart EV market."
2023-06-30 00:00:00,Apple’s market value ends above $3 trillion for the first time,Al Jazeera,0.639704,0.345689,0.437205,https://www.aljazeera.com/news/2023/6/30/apples-market-value-breaches-3-trillion-mark-for-second-time,"Apple Inc.'s market value surpassed $3 trillion for the first time at the close of a trading session, driven by positive inflation data and confidence in its market expansion strategies. This milestone reflects a 49 percent gain in Apple shares for 2023, amid a tech stock rebound fueled by expectations of slower interest rate hikes from the US Federal Reserve and buzz around artificial intelligence. The company's financial resilience, strong balance sheet, and a recent augmented-reality headset launch contribute to its success, making it one of only five US companies with a valuation exceeding $1 trillion."
2023-06-29 15:26:27,The Best QQQ Stocks To Buy Now,Kiplinger,0.930134,0.496077,0.386825,https://www.kiplinger.com/investing/stocks/best-qqq-stocks,"The article identifies nine top-performing tech and tech-adjacent stocks within the Invesco QQQ Trust ETF, highlighting their growth, innovation, and involvement in artificial intelligence. It details each company's industry, market value, and key factors contributing to its strong performance and future potential, especially in the context of AI advancements. The QQQ ETF itself is noted for its strong returns compared to the S&P 500 over various timeframes."
2023-06-28 20:35:00,"Chipmaker Micron beats on demand from booming AI, easing glut",Reuters,0.551464,0.324263,0.2531,https://www.reuters.com/technology/chipmaker-micron-forecasts-revenue-above-estimates-ai-boom-fuels-demand-2023-06-28/,"Micron Technology exceeded third-quarter revenue estimates driven by high demand for its memory chips in the rapidly expanding artificial intelligence sector and an easing supply glut in traditional markets. The company's shares rose over 2% after reporting stronger-than-expected earnings and anticipating improved pricing trends. Despite ongoing U.S.-China tech tensions impacting its presence in the Chinese market, Micron expressed confidence in the memory industry's recovery."
2023-06-28 00:11:31,Nvidia stock falls after CFO says no material impact from prospective wider ban on AI chip sales to China,MarketWatch,1.0,-0.398938,-0.410773,https://www.marketwatch.com/story/nvidia-sees-no-immediate-material-impact-from-wider-china-ai-chip-ban-near-term-900dd14b?gaa_at=eafs&gaa_n=AWEtsqcdHz7gHCEVSEDxKoZWdEUmx8tYOFFGg7KWiI2dhm37p8dDLEEe4fUB&gaa_ts=699a4d31&gaa_sig=BQASun0Ii_M9iktqp8GwsBW3hetucRM8kBqGsyi_YF9GCuL3poow2UIo9tobJJw_euPJo2comRMZo-sFdmom9w%3D%3D,"Nvidia's stock dropped after its CFO, Collette Kress, stated that an expanded U.S. ban on AI chip sales to China would likely have no immediate material impact on the company. However, Kress expressed concern about the long-term effects, suggesting it could lead to a ""permanent loss of opportunities"" globally. This statement followed reports that the Biden administration was considering widening export bans on AI technology to China."
2023-06-27 18:30:00,Nvidia and AMD shares fall on report of new U.S. ban on AI chip exports to China,MarketWatch,1.0,-0.404689,-0.404978,https://www.marketwatch.com/story/nvidia-amd-stocks-fall-on-report-of-new-ai-chip-bans-from-biden-administration-a8574751?gaa_at=eafs&gaa_n=AWEtsqdOyZWDryqO8_cWZ-BEmoOYlBsnB2V8ZVT1LOJxhCtyJDQYGiAAjTAO&gaa_ts=699a4680&gaa_sig=vK-cdwh6wW8sJ-SHfFvlmV1u2aL-Boj4IGDR-HXxG0_lfOkkdvlCZq64vbOjcXNvIJgIPN-T34XWqtX5VEFeaw%3D%3D,Shares of Nvidia Corp. and Advanced Micro Devices Inc. dropped following a report that the Biden administration is considering a new ban on sales of AI chips to China. This potential ban comes despite Nvidia managing to avoid $400 million in lost sales last year after a previous ban on some chip sales to China. The news impacted both companies with Nvidia shares falling 3% after hours and AMD shares also decreasing by 3%.
2023-06-22 14:10:19,Active Growth ETF TGRW Doubling Returns of SPY,ETF Trends,0.603549,0.529369,0.580448,https://www.etftrends.com/active-etfs-channel/active-growth-etf-tgrw-doubling-up-on-spy/,"The T. Rowe Price Growth Stock ETF (TGRW) has demonstrated strong performance in the first half of 2023, doubling the year-to-date returns of the SPDR S&P 500 ETF Trust (SPY) with 32.1% compared to SPY's 15.8%. TGRW, which focuses on firms with strong cash flow and above-average earnings growth, is approaching its three-year anniversary and has seen substantial AUM growth. This active growth ETF is outperforming its benchmark thanks to its investment strategy and a competitive expense ratio of 52 basis points."
2023-06-21 07:08:55,KT to invest $5.4 bn by 2027 to develop AI platforms,KED Global,0.60307,0.302755,0.31913,https://www.kedglobal.com/artificial-intelligence/newsView/ked202306210023,"South Korea’s telecom service provider KT Corp. plans to invest 7 trillion won ($5.4 billion) by 2027 to become the country’s leading AI service provider, focusing on the robot, healthcare, and education markets. The investment will be allocated to securing super AI source technologies, upgrading related infrastructure, and developing AI service models. KT aims to generate 1.3 trillion won ($1 billion) in revenue from five AI-related service areas by 2025: contact centers, logistics, robots, healthcare, and education."
2023-06-16 15:09:49,InfraCap Equity Income Fund ETF Review and Aggregate Rating (ICAP),MarketBeat,0.613513,0.316931,0.278658,https://www.marketbeat.com/stocks/NYSEARCA/ICAP/ratings/,"The InfraCap Equity Income Fund ETF (ICAP) holds an aggregate ""Moderate Buy"" rating with a price target of $27.48. This rating is based on 512 analyst ratings for 21 companies, representing 64.9% of the ETF's portfolio. The article provides a detailed breakdown of the top 21 holdings within the ETF, including their weight, individual consensus ratings, price targets, and potential upside."
2023-06-16 06:09:13,Fidelity Disruptive Technology ETF Review and Aggregate Rating (FDTX),MarketBeat,0.746508,0.33456,0.216808,https://www.marketbeat.com/stocks/NASDAQ/FDTX/ratings/,"This article provides a review and aggregate rating for the Fidelity Disruptive Technology ETF (FDTX). MarketBeat calculates this rating by considering the weighted sentiment of analyst ratings for the ETF's constituent stocks. FDTX currently holds a ""Moderate Buy"" aggregate rating with an average predicted price target reflecting its current share price, based on analyst coverage of 22 companies."
2023-06-16 01:52:24,Roundhill Ball Metaverse ETF Review and Aggregate Rating (METV),MarketBeat,0.749725,0.281577,0.291145,https://www.marketbeat.com/stocks/NYSEARCA/METV/ratings/,"This article provides an aggregate rating and price target for the Roundhill Ball Metaverse ETF (METV) based on Wall Street analyst ratings of its holdings. METV has an aggregate rating of ""Moderate Buy"" and a price target of $16.79, derived from 595 analyst ratings covering 18 companies within its portfolio. The top holdings include tech giants like Apple, Roblox, NVIDIA, Alphabet, and Meta Platforms, along with their individual analyst ratings and potential upsides."
2023-06-14 14:58:00,The A.I. Race Is Now Between Two Chip Giants Led by Taiwanese American CEOs,Observer,0.962136,0.448199,0.396643,https://observer.com/2023/06/amd-nvidia-ai-chip-race/,"The generative A.I. boom has intensified competition between semiconductor giants Nvidia and AMD, who are racing to produce advanced A.I. chips. AMD recently announced the MI300X, a direct competitor to Nvidia's H100, aiming to challenge Nvidia's dominant market share in the A.I. chip sector. Both companies are led by Taiwanese American CEOs, Jensen Huang of Nvidia and Lisa Su of AMD, who share similar backgrounds and have played pivotal roles in their companies' success in the semiconductor industry."
2023-06-14 14:09:38,Fidelity Disruptive Communications ETF,ETF Database,0.732226,0.128421,0.127379,https://etfdb.com/etf/FDCF/,"This page provides a detailed profile of the Fidelity Disruptive Communications ETF (FDCF), including its price, holdings, expenses, performance, and ESG scores. The ETF tracks an active, no-index strategy focusing on global internet and communication sectors, with top holdings in companies like Taiwan Semiconductor Manufacturing, Alphabet, and Meta Platforms. It aims to offer investors exposure to disruptive communication technologies, detailing various metrics for financial advisors and investors."
2023-06-14 08:14:00,"AMD is chasing down Nvidia in AI, but one analyst worries the company is ‘somewhat late’",MarketWatch,0.897788,0.072572,-0.088667,https://www.marketwatch.com/story/amd-is-chasing-down-nvidia-in-ai-but-one-analyst-worries-the-company-is-somewhat-late-66869d06?gaa_at=eafs&gaa_n=AWEtsqfEo3pIjMnda3gvJCc5Oe6Y2zVKy5XMAclWY5nE7wI2gSFf2SJ1RZQf&gaa_ts=6907685c&gaa_sig=21hqu4d2ky75w9mBoIUQNgSqhohNkJzofSlNaw8omjIaPJoW7ECvhP5IJRXn4aKywJrNU3hvUxo8RjJMcU0lDg%3D%3D,"Advanced Micro Devices Inc. (AMD) is pursuing the lucrative AI data-center market, estimated to be worth $150 billion, following recent product announcements. While many analysts praised AMD's efforts, Bernstein analyst Stacy Rasgon expressed concerns that AMD is ""somewhat late"" to the AI race compared to rival Nvidia Corp. Rasgon noted that AMD's AI discussion offered limited ""hard numbers"" and a timeline that seemed delayed relative to the competition."
2023-06-13 21:46:00,AMD launches new Instinct MI300X AI chip to take on Nvidia’s GPUs,SiliconANGLE,0.936337,0.33046,-0.03234,https://siliconangle.com/2023/06/13/amd-launches-new-instinct-mi300x-ai-chip-to-take-on-nvidias-gpus/,"AMD has launched its new Instinct MI300X AI accelerator chip, designed to compete with Nvidia's GPUs in the generative AI market. The company also introduced its Infinity Architecture Platform, powered by eight MI300X chips, and its ROCm software ecosystem. Despite these announcements, AMD's stock fell due to a lack of major customer endorsements for the new chips and details on pricing."
2023-06-13 15:20:35,Oracle founder Larry Ellison confirms new gen AI service with Cohere during earnings call,VentureBeat,0.704852,0.332386,0.255428,https://venturebeat.com/data-infrastructure/oracle-founder-larry-ellison-confirms-new-gen-ai-service-with-cohere-during-earnings-call,"Oracle is partnering with Cohere to launch a new generative AI cloud service that will allow enterprises to train customized large language models (LLMs) using their private data while ensuring privacy and security. Oracle founder Larry Ellison announced the collaboration during the company's Q4 earnings call, highlighting Oracle's existing role in AI development and its significant investment in Cohere. This initiative expands Oracle's offerings in the rapidly growing generative AI market, where it competes with other major cloud providers."
2023-06-13 14:10:15,ETFs Head-to-Head: BetaShares RBTZ' vs Global X ROBO',Selfwealth,0.615826,0.262835,0.212902,https://www.selfwealth.com.au/blog/etfs-head-to-head-betashares-rbtz-vs-global-x-robo,"This article compares two ASX-listed ETFs focused on AI and robotics: BetaShares Global Robotics and Artificial Intelligence ETF (ASX: RBTZ) and Global X ROBO Global Robotics & Automation ETF (ASX: ROBO). It analyzes their fund objectives, profiles, holdings, performance, and fees, highlighting ROBO's greater diversification and historical outperformance despite higher management costs. The article concludes that while both offer exposure to AI and robotics, ROBO is larger and more diversified."
2023-06-13 13:30:00,"AMD launches new data-center AI chips, software to go up against Nvidia and Intel",MarketWatch,0.822281,0.12708,0.018683,https://www.marketwatch.com/story/amd-launches-new-bergamo-data-center-cpu-to-go-up-against-nvidia-intel-bc860fb1?gaa_at=eafs&gaa_n=AWEtsqfPaJDGeqcjGGP1t877zWokfE0nMrXFC7OhVjs_ZjCp-Jm8ekVBNylx&gaa_ts=69076856&gaa_sig=rY3Z_85HgBkHV7KxJj3X9oB0yHpLGqGRSFACMbCO6AAnNsvIXnKCbXL80-JkAxa5TG8DwSvL-uAlckTXcMauSQ%3D%3D,"Advanced Micro Devices Inc. (AMD) unveiled new data-center AI chips and software, including the Instinct MI300X accelerator and MI300A, to compete with Nvidia Corp. and Intel Corp. Despite these announcements at its Data Center & AI Technology Premiere event, AMD's stock declined, finishing down 3.6%. The new products are specifically aimed at handling generative-AI workloads."
2023-06-13 06:28:50,What will a Vodafone/Three merger mean for 5G in the UK?,CMC Markets,0.606552,0.208528,0.232816,https://www.cmcmarkets.com/en/optox/what-will-a-vodafonethree-merger-mean-for-5g-in-the-uk,"A potential merger between Vodafone and Three in the UK is being considered a critical move to ensure their survival and competitive edge in the 5G market, which Three's boss has described as ""unsustainable"" with current investment spread across four players. The merger, valued at £15bn, would create the UK's largest mobile network operator, challenging existing consolidated players like BT/EE and Virgin Media/O2. However, it faces scrutiny from the Competition and Markets Authority (CMA) due to concerns over market share and spectrum holdings, while the UK's 5G rollout continues amidst a ban on Huawei equipment and the increasing integration of AI in network infrastructure."
2023-06-08 15:11:14,$9B Momentum ETF Is Unrecognizable After Makeover,ETF.com,0.649185,0.342847,0.261794,https://www.etf.com/sections/features/9b-momentum-etf-unrecognizable-after-makeover,"The iShares MSCI USA Momentum Factor ETF (MTUM), valued at $9 billion, has undergone a significant rebalancing, dramatically changing its top holdings and tilting heavily towards technology stocks. This makeover has raised questions about whether the fund is too late to capitalize on the recent tech rally, especially given its recent underperformance compared to the broader market. Despite recent struggles and outflows, MTUM is still a substantial ETF, and its future performance hinges on the durability of current market trends, particularly in technology."
2023-06-05 00:00:00,Microsoft Inks Deal With NVIDIA-Backed CoreWeave,Spiceworks,0.870957,0.698524,0.350221,https://www.spiceworks.com/tech/artificial-intelligence/news/microsoft-drives-ai-efforts-with-coreweave-deal/,"Microsoft has signed a deal with NVIDIA-backed cloud-computing startup CoreWeave, planning to invest billions to bolster its cloud computing infrastructure for AI operations. This partnership will provide Microsoft easier access to NVIDIA’s GPUs, which are crucial for AI-based applications like ChatGPT, and aims to give Microsoft a competitive edge against rivals like Alphabet Inc. and Amazon Web Services. CoreWeave’s access to over 45,000 GPUs and its status as an elite CSP in the NVIDIA Partner Network positions it as a key enabler for Microsoft's AI endeavors."
2023-06-01 19:59:53,High Beta ETF 'SPHB' Lifted by Heavy Tech Sector Tilt,ETF Database,0.622874,0.307873,0.336581,https://etfdb.com/innovative-etfs-content-hub/heavy-tech-sector-tilt-lifts-sphb/,"The Invesco S&P 500 High Beta ETF (SPHB) performed strongly in May, driven by its significant allocation to the information technology sector. While the broader S&P 500 saw modest gains, the S&P 500 High Beta index climbed 2.4% due to the tech sector's 9.5% rally. SPHB has also demonstrated strong long-term performance, outpacing the S&P 500 over a three-year period."
2023-05-31 12:45:00,"A.I. ETF Sold Out Of Monster Energy, Three Ways To Look At It",FinancialContent,0.733996,0.323079,0.197698,https://markets.financialcontent.com/pennwell.pennenergy/article/marketbeat-2023-5-31-ai-etf-sold-out-of-monster-energy-three-ways-to-look-at-it,"The Artificial Intelligence driven ETF (AMOM) unexpectedly sold its entire position in Monster Beverage (MNST), despite Monster's strong performance and growth. The article explores three perspectives on this move, comparing Monster's valuation and performance against Starbucks (SBUX), PepsiCo (PEP), and Coca-Cola (KO), highlighting Monster's aggressive growth trajectory versus the more predictable cash flows and dividends of its peers. The analysis suggests Monster still has significant room for outperformance."
2023-05-31 00:00:00,"CoreWeave Secures $200 Million Series B Extension, Bringing Total Round to $421 Million",Business Wire,0.624227,0.347446,0.176167,https://www.businesswire.com/news/home/20230531005132/en/CoreWeave-Secures-%24200-Million-Series-B-Extension-Bringing-Total-Round-to-%24421-Million,"CoreWeave, a specialized cloud provider, announced an additional $200 million in Series B funding from Magnetar Capital, bringing its total Series B round to $421 million. This extension comes just one month after their initial $221 million Series B funding, highlighting the accelerated demand for their specialized cloud infrastructure due to the boom in generative AI technology. CoreWeave's focus on GPU-accelerated workloads offers faster and more cost-effective solutions for compute-intensive tasks compared to larger, generalized cloud providers."
2023-05-30 01:10:21,"Serve Robotics to deploy up to 2,000 delivery robots with Uber",The Robot Report,0.61908,0.357683,0.267063,https://www.therobotreport.com/serve-robotics-to-deploy-up-to-2000-delivery-robots-with-uber/,"Serve Robotics is expanding its partnership with Uber, planning to deploy up to 2,000 delivery robots through Uber Eats across multiple U.S. markets. This collaboration is a significant step towards the mass commercialization of autonomous delivery, building on Serve's successful month-over-month growth since starting operations in 2022. The robots, which started as a division of Postmates (an Uber subsidiary), operate autonomously with advanced sensor technology and can carry substantial loads for long distances on a single charge."
2023-05-28 01:02:36,NVIDIA Grace Hopper Superchips Designed for Accelerated Generative AI Enter Full Production,Nvidia investor,1.0,0.473293,0.300642,https://investor.nvidia.com/news/press-release-details/2023/NVIDIA-Grace-Hopper-Superchips-Designed-for-Accelerated-Generative-AI-Enter-Full-Production/default.aspx,"NVIDIA announced that its GH200 Grace Hopper Superchip is now in full production, intended to power systems globally for complex AI and HPC workloads. This superchip combines the Arm-based NVIDIA Grace CPU and Hopper GPU architectures using NVLink-C2C interconnect technology, offering significantly higher bandwidth for demanding generative AI applications. Global hyperscalers, supercomputing centers, and numerous system manufacturers are deploying GH200-powered systems, which are expected to be available later this year."
2023-05-28 01:02:36,NVIDIA Announces DGX GH200 AI Supercomputer,NVIDIA Newsroom,1.0,0.806853,0.398026,https://nvidianews.nvidia.com/news/nvidia-announces-dgx-gh200-ai-supercomputer,"NVIDIA has unveiled the DGX GH200 AI supercomputer, designed to handle massive models for generative AI, recommender systems, and data analytics. This new system connects 256 Grace Hopper Superchips to function as a single 1-exaflop, 144TB GPU, offering significantly more memory than its predecessor. Companies like Google Cloud, Meta, and Microsoft are among the first to explore its capabilities, and NVIDIA is also building its own Helios supercomputer based on this design."
2023-05-28 00:38:45,Cadence Stock vs Synopsys Stock: The Winner Is?,Nanalyze,0.60587,0.316719,0.062454,https://www.nanalyze.com/2023/05/cadence-stock-vs-synopsys-stock/,"The article compares Cadence (CDNS) and Synopsys (SNPS), two leading electronic design automation (EDA) software providers, to determine which stock is a better investment. It analyzes their market share, financial performance, valuation, and their use of AI in a mature, well-penetrated market. The authors conclude that Synopsys has a slight edge due to its higher EDA market share, strong position in intellectual property, and marginally better valuation, despite both being considered overvalued."
2023-05-25 15:28:00,Why Intel’s stock is falling as Nvidia leads the rest of the semiconductor sector on a massive surge,MarketWatch,0.940013,0.74947,0.080896,https://www.marketwatch.com/story/why-intel-stock-is-falling-as-nvidia-leads-the-rest-of-the-semiconductor-sector-on-a-massive-surge-7109f77e?gaa_at=eafs&gaa_n=AWEtsqcP116r4_JZZjH92dXfegHjdJucXP0psDYnOV-pkxiKhVevpQ_GiIzs&gaa_ts=699a571a&gaa_sig=vYKqa_bBfAT6Qvci6qHFiDsZpyal-rHSrUD3LODup_DNm4ZcBT7Sd3XEUq3aocn4RB7b_zky_t0OBA-8gnh1Fg%3D%3D,"While Nvidia and other semiconductor stocks saw a massive surge following Nvidia's optimistic outlook on AI-fueled demand, Intel's stock moved in the opposite direction, declining over 5%. An analyst suggested that Intel is a ""major loser and share donor"" in the competitive artificial intelligence chip market."
2023-05-25 12:17:00,Stock of the week - Micron Technology (25.05.2023),XTB.com,0.621801,0.325612,0.128883,https://www.xtb.com/int/market-analysis/news-and-research/stock-of-the-week-micron-technology-25-05-2023,"Micron Technology faced a significant development this week as China banned some of its products due to security concerns, impacting a portion of its revenue, primarily from the public sector. Despite this, the company plans a substantial investment in Japan, which could help offset the losses from China. Micron is also navigating a market glut and inventory write-downs, expecting stabilization in fiscal-Q3 and a return to profitability by mid-2024, with its stock showing bullish technical patterns."
2023-05-25 04:08:00,"BlackRock’s $9 Billion Quant ETF Set to Lean in on Nvidia, Tech",Bloomberg.com,0.857215,0.441959,0.246599,https://www.bloomberg.com/news/articles/2023-05-25/blackrock-s-9-billion-quant-etf-mtum-set-to-lean-in-on-nvidia-nvda-tech,"BlackRock’s iShares MSCI USA Momentum Factor ETF (MTUM), a $9 billion fund, is expected to significantly increase its exposure to technology stocks, including Nvidia. This rebalancing will raise the fund's allocation in information technology to 21% from 3%, shifting away from sectors like health care and energy. This move is driven by the recent equity rally in large technology companies and is anticipated to make the ETF pricier and more volatile."
2023-05-25 01:02:36,Nvidia stock price is surging thanks to ChatGPT and an expected boom in generative AI,Fast Company,1.0,0.49638,0.40533,https://www.fastcompany.com/90901271/nvidia-stock-price-chatgpt-generative-ai-boom-nvda-powerful-chips,"Nvidia's stock price surged over 26% after forecasting Q2 2024 revenue of $11 billion, significantly above Wall Street estimates, due to the increasing demand for its powerful GPU chips needed for generative AI technologies like ChatGPT. Despite a slight decrease in Q1 2024 revenue compared to the previous year, the company's strong future outlook based on the generative AI boom is driving investor confidence, also positively impacting other chipmakers like AMD. Nvidia's CEO stated that the company is greatly increasing its supply to meet the surging demand for its data center products."
2023-05-24 08:23:00,'Extremely regrettable': SoftBank hits back after S&P cuts credit rating further into junk,CNBC,0.639416,0.113378,0.135416,https://www.cnbc.com/2023/05/24/softbank-hits-back-at-sp-after-it-cuts-credit-rating-further-into-junk.html,"SoftBank has strongly criticized S&P Global Ratings for downgrading its credit rating further into ""junk"" status, deeming the assessment ""extremely regrettable."" S&P cited SoftBank's high exposure to volatile unlisted company shares through its Vision Funds and reduced listed assets after selling Alibaba stock. SoftBank, however, argues that S&P failed to properly account for its significantly strengthened cash position and the upcoming IPO of Arm."
2023-05-23 23:39:34,"Tradr 2X Long Innovation ETF ETF Price, Holdings, & News (NASDAQ:TARK)",MarketBeat,0.627426,0.260032,0.10101,https://www.marketbeat.com/stocks/NASDAQ/TARK/,"The Tradr 2X Long Innovation ETF (TARK) aims to provide twice the daily return of the ARK Innovation ETF (ARKK) through swap agreements. The ETF, managed by AXS Investments, was launched on May 2, 2022, and currently has $21.15 million in assets under management. TARK's shares have decreased by 18.8% this year, trading at $39.42 as of the article, and underwent a 1-5 reverse split in December 2022."
2023-05-23 19:52:04,"Burney U.S. Factor Rotation ETF ETF Price, Holdings, & News (NASDAQ:BRNY) $BRNY",MarketBeat,0.725067,0.29827,0.223262,https://www.marketbeat.com/stocks/NASDAQ/BRNY/,"This article provides details on the Burney U.S. Factor Rotation ETF (BRNY), including its current price, key statistics, holdings, and recent news. As of March 13, 2026, BRNY is trading at $48.24, with assets under management of $476.48 million and a net expense ratio of 0.79%. The ETF is an actively managed fund that dynamically shifts US equity exposure based on market phases and includes major holdings like NVIDIA, Apple, and Microsoft."
2023-05-23 15:10:56,NVIDIA Collaborates With Microsoft to Accelerate Enterprise-Ready Generative AI,NVIDIA Newsroom,1.0,0.49469,0.497805,https://nvidianews.nvidia.com/news/nvidia-collaborates-with-microsoft-to-accelerate-enterprise-ready-generative-ai,"NVIDIA announced the integration of its NVIDIA AI Enterprise software with Microsoft Azure Machine Learning to provide an end-to-end cloud platform for enterprise-ready generative AI. This collaboration offers Azure customers tools to build, deploy, and manage customized AI applications using over 100 NVIDIA AI frameworks, enhancing development speed and security for large language models. The integration leverages high-performance NVIDIA accelerated computing for AI model training and inference and also makes NVIDIA Omniverse Cloud available on Microsoft Azure."
2023-05-23 07:52:37,SOXQ Top Holdings List & Exposure (Invesco PHLX Semiconductor ETF),MarketBeat,0.949341,0.108542,0.125073,https://www.marketbeat.com/stocks/NASDAQ/SOXQ/holdings/,"This article provides a detailed list of the top holdings and exposure for the Invesco PHLX Semiconductor ETF (SOXQ). It breaks down the fund's investments by company, geographic region, currency, sector, and industry. The top holdings include NVIDIA, Broadcom, and Advanced Micro Devices, with a significant allocation to the United States and the technology sector, specifically semiconductors."
2023-05-23 07:08:51,FTQI Top Holdings List & Exposure (First Trust NASDAQ BuyWrite Income ETF),MarketBeat,0.858984,0.119021,0.126213,https://www.marketbeat.com/stocks/NASDAQ/FTQI/holdings/,"This article details the top holdings and exposure of the First Trust NASDAQ BuyWrite Income ETF (FTQI). It lists the top 25 companies by weight, including Apple, NVIDIA, and Microsoft, which collectively make up 68.89% of the fund. The ETF's geographic, currency, sector, industry, and sub-industry exposures are also broken down, showing a significant concentration in U.S. technology stocks."
2023-05-23 01:02:36,"Dell Technologies and NVIDIA Introduce Project Helix for Secure, On-Premises Generative AI",NVIDIA Newsroom,1.0,0.487647,0.435812,https://nvidianews.nvidia.com/news/dell-technologies-and-nvidia-introduce-project-helix-for-secure-on-premises-generative-ai,"Dell Technologies and NVIDIA have launched ""Project Helix,"" a joint initiative to simplify the deployment of secure, on-premises generative AI models for businesses. This project provides full-stack solutions with optimized hardware and software to help enterprises leverage their proprietary data for AI applications. It aims to support the entire generative AI lifecycle, from infrastructure provisioning to deployment, allowing companies to quickly build customized AI solutions while maintaining data privacy."
2023-05-23 00:00:00,Applied Materials plans to build US$4bn R&D center,Taipei Times,0.616944,0.15207,0.227377,https://www.taipeitimes.com/News/biz/archives/2023/05/23/2003800239,"Applied Materials plans to invest up to US$4 billion to construct a new Research and Development (R&D) center in Silicon Valley, aiming to accelerate semiconductor manufacturing innovation. This ""EPIC Center"" would be the largest R&D facility in the semiconductor industry and is envisioned to speed up the transition of academic research to factory production, while also potentially leveraging funding from the US CHIPS and Science Act. The project seeks to address technical challenges and attract talent crucial for the industry's growth."
2023-05-22 01:11:10,Supermicro Launches Industry's First NVIDIA HGX H100 8 and 4-GPU H100 Servers with Liquid Cooling -- Reduces Data Center Power Costs by Up to 40%,PR Newswire,0.830652,0.720904,0.607148,https://www.prnewswire.com/news-releases/supermicro-launches-industrys-first-nvidia-hgx-h100-8-and-4-gpu-h100-servers-with-liquid-cooling----reduces-data-center-power-costs-by-up-to-40-301830392.html,"Supermicro has introduced the industry's first NVIDIA HGX H100 8 and 4-GPU servers featuring liquid cooling, designed to significantly reduce data center power costs by up to 40%. These new rack-scale solutions accelerate deployment, enhance performance, and lower operating expenses, also offering an estimated 86% reduction in direct cooling costs compared to air-cooled data centers. The servers support high-performance AI workloads with NVIDIA HGX H100 Tensor Core GPUs and are integrated with advanced liquid cooling systems to optimize Total Cost of Ownership (TCO) and Total Cost to Environment (TCE)."
2023-05-22 00:00:00,Applied Materials plans $4B Silicon Valley R&D facility,Manufacturing Dive,0.610327,0.312381,0.344608,https://www.manufacturingdive.com/news/applied-materials-plans-4b-silicon-valley-rd-facility/650859/,"Applied Materials announced plans to invest up to $4 billion in a new Silicon Valley research and development facility. This ""EPIC Center"" will focus on advancing semiconductor manufacturing and is expected to house over $25 billion in research work within its first decade. The investment is contingent on receiving funding from the CHIPS and Science Act, aiming to accelerate the industry's ability to bring new technologies to market."
2023-05-21 15:40:58,Supermicro Launches Industry's First NVIDIA HGX H100 8 and 4-GPU H100 Servers with Liquid Cooling -- Reduces Data Center Power Costs by Up to 40%,Supermicro,0.873269,0.322761,0.292368,https://www.supermicro.com/en/pressreleases/supermicro-launches-industrys-first-nvidia-hgx-h100-8-and-4-gpu-h100-servers-liquid,"Supermicro has launched the industry's first NVIDIA HGX H100 8 and 4-GPU servers featuring liquid cooling, designed to significantly reduce data center power costs by up to 40%. These new rack-scale solutions accelerate deployment and increase performance for AI and HPC workloads, while also lowering operating expenses and improving Power Usage Effectiveness (PUE) by up to 86% in direct cooling costs. The systems offer up to 30x performance improvement over previous generations for large transformer models and boast advanced features like PCIe 5.0 and NVIDA H100 SXM5 Tensor Core GPUs."
2023-05-21 01:02:36,"NVIDIA, Rolls-Royce and Classiq Announce Quantum Computing Breakthrough for Computational Fluid Dynamics in Jet Engines",NVIDIA Newsroom,0.310425,0.039293,0.020959,https://nvidianews.nvidia.com/news/nvidia-rolls-royce-and-classiq-announce-quantum-computing-breakthrough-for-computational-fluid-dynamics-in-jet-engines,"NVIDIA, Rolls-Royce, and quantum software company Classiq have achieved a breakthrough in quantum computing for computational fluid dynamics (CFD) in jet engines. They designed and simulated the world's largest quantum computing circuit for industrial CFD, measuring 10 million layers deep with 39 qubits, using NVIDIA's quantum computing platform and A100 Tensor Core GPUs. This collaboration aims to accelerate the design process and enable more sophisticated calculations for developing efficient and sustainable jet engines, utilizing a hybrid approach combining classical and quantum computing methods."
2023-05-18 17:09:19,CHAT ETF: 10 Things to Know as the New AI Stocks Fund Starts Trading,InvestorPlace,0.745772,0.340776,0.330253,https://investorplace.com/2023/05/chat-etf-10-things-to-know-as-the-new-ai-stocks-fund-starts-trading/,"The Tidal Trust II Roundhill Generative AI & Technology ETF (CHAT) has begun trading, offering investors exposure to the generative AI space. This new ETF has an expense ratio of 0.75% and is heavily weighted towards a few key companies like Nvidia, Microsoft, and Alphabet. While providing diversification into the AI trend, its top-heavy nature means investor returns are largely tied to the performance of some major tech giants."
2023-05-18 08:25:00,Roundhill Investments Launches Generative AI & Technology ETF (NYSE Arca: CHAT),Stock Titan,0.865509,0.449792,0.386133,https://www.stocktitan.net/news/CRM/roundhill-investments-launches-generative-ai-amp-technology-etf-nyse-zqyu84pb9aac.html,"Roundhill Investments has launched the Roundhill Generative AI & Technology ETF (NYSE Arca: CHAT), providing investors with exposure to companies at the forefront of generative AI technology. The ETF aims to capitalize on the rapidly growing generative AI market, which Roundhill estimates to have a total addressable market of over $120 billion for enterprise software. CHAT is an actively-managed ETF with top holdings including Nvidia, Microsoft, Alphabet, and Salesforce, offering investors a way to participate in this innovative and transformative technology."
2023-05-18 00:00:00,Roundhill Launches Generative AI & Technology ETF With CHAT,ETF Trends,0.890012,0.309738,0.33744,https://etftrends.com/roundhill-launches-generative-ai-technology-etf-chat/,"Roundhill Investments has launched the Roundhill Generative AI & Technology ETF (CHAT), an actively managed ETF focusing on global companies leading in generative AI technology. The fund aims to offer precise exposure to generative AI, distinguishing itself from other AI-themed ETFs that may lack such specific focus. Top holdings include Nvidia, Microsoft, and Alphabet, with expectations for the basket to expand as more companies genuinely contribute to the generative AI space."
2024-01-12 18:41:02,"Wells Fargo’s assistant, powered by Google's AI, poised to hit 100 million interactions annually",VentureBeat,0.0,0.0,0.27599,https://venturebeat.com/ai/wells-fargos-google-llm-driven-assistant-may-reach-100-million-interactions-per-year,"Wells Fargo's virtual assistant app, Fargo, powered by Google's AI, has handled 20 million interactions since its March launch and is projected to reach 100 million annually. The bank is aggressively deploying generative AI, including applications for back-office efficiency and a new Livesync app for financial planning. Wells Fargo emphasizes a multi-LLM, multi-cloud strategy on its ""Tachyon"" platform, and views multimodal LLMs and ""agentic"" AI as future critical developments, while navigating regulatory challenges."
2024-01-11 18:37:26,AI Reaches Space with Telesat Lightspeed and Aalyria,Telesat,0.0,0.0,0.514047,https://www.telesat.com/blog/ai-reaches-space-with-telesat-lightspeed-and-aalyria/,"Telesat has partnered with Aalyria to deploy its Spacetime next-generation networking software for the Telesat Lightspeed Low Earth Orbit (LEO) satellite constellation. Spacetime leverages machine learning and AI to optimize network orchestration, ensuring efficient data flow and high-quality service by analyzing millions of paths and dynamically routing traffic. This technology, proven through its use at Google and Alphabet, will also enable the constellation to learn and make faster, more efficient decisions over time."
2024-01-11 08:00:00,"Dow Theory Letters - REX Shares and Tuttle Capital Management Expand T-REX Single-Stock ETF Suite with Apple, Alphabet, and Microsoft Offerings",FinancialContent,0.0,0.0,0.294962,https://markets.financialcontent.com/dowtheoryletters/article/bizwire-2024-1-11-rex-shares-and-tuttle-capital-management-expand-t-rex-single-stock-etf-suite-with-apple-alphabet-and-microsoft-offerings,"REX Shares, in collaboration with Tuttle Capital Management, has expanded its T-REX Single-Stock ETF suite by adding three new products: 2X Long Apple Daily Target ETF (AAPX), 2X Long Alphabet Daily Target ETF (GOOX), and 2X Long Microsoft Daily Target ETF (MSFX). These ETFs offer seasoned traders 200% leveraged exposure to the daily price movements of these tech giants. The T-REX suite, which debuted in October 2023 with NVIDIA and Tesla, now provides diverse sector coverage for focused, leveraged trading strategies."
2024-01-08 15:58:00,"Google's AI Spin-Off Isomorphic Labs Strikes Big Pharma Deals, Paving the Way for Future of Drug Discovery",Sahm,0.0,0.0,0.263426,https://www.sahmcapital.com/news/content/googles-ai-spin-off-isomorphic-labs-strikes-big-pharma-deals-paving-the-way-for-future-of-drug-discovery-2024-01-08,"Isomorphic Labs, an AI spin-off of Alphabet's DeepMind, has secured partnerships with Eli Lilly And Co and Novartis AG, totaling approximately $3 billion. These collaborations aim to leverage AI, specifically AlphaFold 2 technology, for new drug discovery and development. The financial agreements include significant upfront payments and performance-based milestones, highlighting the growing role of AI in the pharmaceutical industry."
2023-12-31 23:59:59,The Cheap Trick Alphabet Is Using To Boost Its Share Price,Finimize,0.646457,0.23852,0.248602,https://finimize.com/content/cheap-trick-alphabet-using-boost-its-share-price,"Alphabet's 20-for-1 stock split, following similar moves by Apple and Tesla, is unlikely to fundamentally change the company's valuation but aims to make shares more accessible to smaller investors and potentially gain entry into the Dow Jones Industrial Average. While some tech giants saw significant share price boosts post-split, Alphabet's future success might be tempered by changing market conditions. The article suggests Amazon could be the next tech giant to undertake a similar split to boost its stock."
2023-12-12 18:43:17,How Google’s Epic Legal Defeat Threatens the App-Store Industry’s $200 Billion Business Model,Time Magazine,0.0,0.0,-0.048759,https://time.com/6358193/epic-games-google-lawsuit-apple-app-store-business-model/,"Google's recent legal defeat against Epic Games threatens the $200 billion app store industry, which includes Apple. A jury found Google's app store practices anticompetitive, which could lead to significant changes in commission rates and developer options. This verdict could also impact Apple's similar business model, despite its previous victory against Epic, as regulators and lawmakers globally scrutinize app store rules and consumer sentiment leans against the power of tech giants."
2023-12-07 15:10:56,Microsoft Annual Shareholders Meeting 2023,Microsoft,0.0,0.0,0.12481,https://www.microsoft.com/en-us/investor/events/fy-2024/2023-annual-shareholder-meeting,"The 2023 Microsoft Annual Shareholders Meeting featured discussions on record financial results for FY23, strategic investments in AI, and responsible technology development. Key executives, including Satya Nadella, Amy Hood, and Brad Smith, addressed topics ranging from AI integration across product lines and revenue generation plans to safeguards against AI misuse, partnerships, and commitments to privacy and social responsibility. The meeting also covered the election of directors and various shareholder proposals."
2023-11-15 21:20:00,First Pacific Advisors LLC Reduces Stake in Alphabet,The Globe and Mail,0.0,0.0,0.282048,https://www.theglobeandmail.com/investing/markets/stocks/GOOG/pressreleases/36146854/first-pacific-advisors-llc-reduces-stake-in-alphabet/,"First Pacific Advisors LLC, managed by Richard Atwood, reduced its stake in Alphabet Inc. Class C (GOOG) by 95,179 shares. TipRanks' AI Analyst, Spark, rates GOOG as ""Outperform"" due to its strong financial performance, growth in AI and cloud services, and solid balance sheet, despite a high valuation. The article also provides key financial metrics for Alphabet."
2023-11-03 06:27:25,"GoodRx class action claims company shares personal info with Meta, Google, others",Class Action Lawsuits,0.0,0.0,-0.277541,https://topclassactions.com/lawsuit-settlements/privacy/goodrx-class-action-claims-company-shares-personal-info-with-meta-google-others/,"GoodRx is facing a class action lawsuit alleging that it shared customers' personal and sensitive health information with third parties like Meta, Google, and Criteo without consent. The lawsuit claims GoodRx violated federal wiretapping statutes and consumer protection laws by allowing tracking pixels to intercept user communications, including mouse movements, clicks, and entered information. Plaintiffs argue that releasing sensitive physical and mental health data to advertisers negatively impacts them."
2023-10-30 20:57:33,Insight 2023: NetApp Enhanced Data Pipeline for Hybrid Multi-Cloud AI and Advancements on Secure Storage Vs. Ransomware,StorageNewsletter,0.730349,0.316271,0.320832,https://www.storagenewsletter.com/2023/10/30/insight-2023-netapp-enhanced-data-pipeline-for-hybrid-multi-cloud-ai-and-advancements-on-secure-storage-vs-ransomware/,"NetApp announced significant portfolio updates at Insight 2023, focusing on enhancements to its data pipeline for hybrid multi-cloud AI and advancements in secure storage against ransomware. The company is simplifying AI data pipeline deployment across hybrid multi-cloud environments, while also strengthening data protection with features like autonomous ransomware detection and an extended Ransomware Recovery Guarantee. These innovations aim to address the dual challenges of leveraging AI opportunities and mitigating ransomware threats for customers."
2023-10-25 20:41:51,9 Ways to Use Generative Artificial Intelligence Today,FactSet Insight,0.0,0.0,0.140669,https://insight.factset.com/9-ways-to-use-generative-artificial-intelligence-today-1,"This article identifies nine practical applications of generative AI for businesses, focusing on enhancing productivity and improving client/employee experiences while acknowledging the risks. It covers uses like brainstorming, drafting, document processing, content repurposing, learning, guiding business processes, accelerating coding, developing conversational bots, and simplifying user experience. The article also stresses the importance of validating AI outputs, particularly for high-stakes scenarios, and addresses risks such as hallucinations, data privacy, and security."
2024-01-18 18:25:15,Nuclear Fusion / OpenAI Boss Sam Altman ‘Motivated To Invest More’,NucNet,0.0,0.0,0.096755,https://www.nucnet.org/news/openai-boss-sam-altman-motivated-to-invest-more-1-4-2024,"OpenAI CEO Sam Altman expressed his motivation to further invest in nuclear fusion, emphasizing that a breakthrough in energy is crucial to meet the immense future demands of artificial intelligence. Altman has already invested in Helion Energy and chairs the fusion company Oklo, highlighting his ongoing commitment to the sector. He believes that without significant advancements in clean energy, the growing energy needs of AI cannot be sustainably met."
2024-01-12 18:40:23,Victoria's Secret & Co. gets personal as it taps Google Cloud AI and generative AI technologies,Retail Technology Innovation Hub,0.0,0.0,0.367144,https://retailtechinnovationhub.com/home/2024/1/12/victorias-secret-and-co-gets-personal-as-it-taps-google-cloud-ai-and-generative-ai-technologies,"Victoria's Secret & Co. (VS&Co) has partnered with Google Cloud to integrate AI and generative AI technologies, aiming to create more personalized online shopping experiences and improve operational efficiencies. The collaboration will leverage Vertex AI for a conversational assistant offering tailored product recommendations and enhance search capabilities on their website and mobile app. This initiative builds on VS&Co's acquisition of Adore Me, which already uses Google Cloud's AI, and seeks to optimize internal operations, marketing, supply chain, and HR."
2024-01-09 18:07:28,Fortinet expands its global SASE POPs with Google Cloud,FutureCIO,0.0,0.0,0.375305,https://futurecio.tech/fortinet-expands-its-global-sase-pops-with-google-cloud/,"Fortinet has partnered with Google Cloud to expand its SASE Points-of-Presence (POPs) to new locations, enhancing its Universal SASE solution's global reach. This collaboration aims to provide secure access to applications for hybrid workforces, leveraging Google Cloud's infrastructure for improved performance and cost efficiency. The expanded partnership will accelerate customer adoption of Fortinet's integrated cloud-delivered security."
2023-12-15 00:00:00,"Google, AES, others to create marketplace for 24/7 hourly renewable energy certificates",Utility Dive,0.0,0.0,0.313241,https://www.utilitydive.com/news/google-microsoft-constellation-levelten-hourly-REC-marketplace/702637/,"Google, AES, Microsoft, and Constellation have partnered with LevelTen Energy to create a marketplace for ""granular certificates,"" a new type of energy attribute certificate that tracks renewable energy generation on an hourly, location-specific basis. This initiative aims to provide more accurate signals for renewable energy development and help corporate and utility buyers meet 24/7 clean energy goals. The platform is expected to launch next year, offering both forward and spot markets for these certificates."
2023-11-10 20:05:00,Generative AI’s Impact and Opportunity in Tech and Beyond,Morgan Stanley,0.0,0.0,0.338771,https://www.morganstanley.com/ideas/morgan-stanley-tmt-conference-2023-barcelona,"Generative AI is poised to disrupt various sectors, presenting significant opportunities and challenges. Morgan Stanley analysts identify a potential $6 trillion opportunity across advertising, e-commerce, travel, and cloud industries, with implications for over 40% of U.S. occupations and associated labor costs of $4.1 trillion. While consumer adoption for shopping and research is in its early stages, enterprise software is expected to see an additional $150 billion in revenue, and the video game industry could experience increased efficiency and more complex offerings, though small publishers may face new competition."
2023-11-02 16:15:00,Sonos v. Google : A Decision Based on Ignorance of Patent Law That Must Be Overturned,IPWatchdog.com,0.0,0.0,-0.056805,https://ipwatchdog.com/2023/11/02/sonos-v-google-decision-based-ignorance-patent-law-must-overturned/,"This article argues that a district court's decision in the Sonos v. Google patent litigation, which found Sonos's patents unenforceable due to laches because Sonos filed a continuation, demonstrates a fundamental misunderstanding of patent law. The author asserts that filing a continuation is a right and that the ruling, which also controversially suggested ""fraud on the court"" and ""new matter,"" is legally unsound and must be overturned by the Federal Circuit to prevent significant disruption to patent practice. The piece also highlights the perceived double standard where patent owner delays are sanctioned, but alleged ""efficient infringement"" strategies by well-funded defendants are not."
2023-10-25 13:00:00,"Google, Nvidia Back AI Startup That Helps Combat Chip Shortage",Bloomberg.com,1.0,0.402118,0.374533,https://www.bloomberg.com/news/articles/2023-10-25/google-nvidia-back-startup-that-helps-navigate-ai-chip-shortage,"CentML, an AI startup focused on improving the efficiency of machine learning systems, has raised $27 million in a seed funding round. The investment, backed by Google's Gradient Ventures, Nvidia Corp., Radical Ventures, Deloitte Ventures, and Thomson Reuters Ventures, aims to help developers optimize computing power for AI training, which could alleviate chip shortages."
2024-01-09 12:30:00,Applied Materials Collaborating with Google to Advance Next-Generation AR Computing Platforms,Yahoo Finance,0.0,0.0,0.763528,https://finance.yahoo.com/news/applied-materials-collaborating-google-advance-123000161.html,"Applied Materials announced a collaboration with Google to advance next-generation augmented reality (AR) computing platforms. This partnership aims to combine Applied Materials' expertise in materials engineering with Google's platforms, products, and services to develop lightweight visual display systems for AR experiences. The companies plan to accelerate the development of future AR products, applications, and services."
2023-11-27 03:36:00,3 Compelling Cloud Storage Stocks to Send Your Portfolio Higher,InvestorPlace,0.0,0.0,0.452406,https://investorplace.com/2023/11/3-compelling-cloud-storage-stocks-to-send-your-portfolio-higher/,"This article identifies three compelling cloud storage stocks: Alphabet (GOOGL), Dropbox (DBX), and Shopify (SHOP). It highlights Alphabet's strong Google Cloud growth and its dominant Google Services. Dropbox is discussed for its collaboration with Nvidia on generative AI and its potential to convert a large base of free users to paying subscribers. Shopify is included not as a pure-play cloud storage company, but because its successful e-commerce platform relies heavily on Google Cloud infrastructure and its recent financial performance has been strong."
2023-11-14 20:05:08,How Microsoft’s Legal Legacy Shapes the Antitrust Case Against Google (Published 2023),The New York Times,0.0,0.0,0.030603,https://www.nytimes.com/2023/11/14/business/google-antitrust-microsoft-precedent.html,"The ongoing Google antitrust trial frequently invokes the landmark Microsoft antitrust case from the 1990s as a legal precedent. Both the Justice Department and Google draw parallels and distinctions, with the judge acknowledging the Microsoft case as a guiding framework. The core of the comparison lies in alleged monopolistic practices, the impact of ""network effects"" in digital markets, and the potential remedies for perceived anti-competitive behavior."
2024-01-12 18:40:23,Signal: Victoria’s Secret & Co leveraging AI to boost online shopping experience,Just Style,0.0,0.0,0.335334,https://www.just-style.com/news/signal-victorias-secret-co-leveraging-ai-to-boost-online-shopping-experience/,"Victoria's Secret & Co (VS&Co) has partnered with Google Cloud to integrate AI and generative AI technologies, aiming to enhance personalized online shopping experiences and improve operational efficiencies. The collaboration includes developing a generative-AI powered conversational assistant for product recommendations and optimizing supply chain and human resources. This initiative builds on VS&Co's existing AI-powered product search and underscores the growing importance of AI in the fashion industry for customer service and operational advancements."
2023-12-08 00:00:00,"Just 3 of the ""Magnificent Seven"" Have Outperformed the S&P 500 Since 2022. Here's the One I'd Buy for 2024 and 2025.",Barchart.com,0.0,0.0,0.296553,https://www.barchart.com/story/news/22600200/just-3-of-the-magnificent-seven-have-outperformed-the-sp-500-since-2022-heres-the-one-id-buy-for-2024-and-2025,"This article analyzes the performance of the ""Magnificent Seven"" tech stocks against the S&P 500 since 2022. It identifies Nvidia, Microsoft, and Apple as the only three that have outperformed the S&P 500. The author argues that Alphabet, despite underperforming recently, is the best buy for 2024 and 2025 due to its valuation, potential in digital advertising, and cloud segment growth."
2024-03-28 18:01:00,"SKT celebrates 40 years with new emblem, commitment to AI",Korea JoongAng Daily,0.0,0.0,0.444206,https://koreajoongangdaily.joins.com/news/2024-03-28/business/industry/SKT-celebrates-40-years-with-new-emblem-commitment-to-AI/2013490,"SKT unveiled a new company emblem to celebrate its 40th anniversary, reaffirming its commitment to the AI business. CEO Ryu Young-sang emphasized the company's ""DNA"" of overcoming challenges and aims for SKT to transform into a global AI company. Having evolved from a mobile telecom service provider to a multifaceted technology company, SKT plans to leverage its global AI association (GTAA) to expand its presence in the burgeoning global AI industry."
2024-03-26 12:00:00,FTEC: Concentration Increases Volatility (NYSEARCA:FTEC),Seeking Alpha,0.643482,0.209724,0.215519,https://seekingalpha.com/article/4680503-ftec-concentration-increases-volatility,"The Fidelity MSCI Information Technology Index ETF (FTEC) offers strong tech exposure, performing similarly to VGT. However, 45% of its assets are concentrated in Microsoft, Apple, and NVIDIA, which could lead to increased volatility despite a projected 7% upside by year-end 2024. The author, Ricardo Fernandez, highlights the importance of an investor's goals and definition of ""tech"" when choosing an ETF."
2024-03-22 00:00:00,Get to know QQQ: Charting 25 years of performance,Invesco,0.0,0.0,0.354321,https://www.invesco.com/qqq-etf/en/market-outlook/get-to-know-qqq-charting-25-years-of-performance.html,"The article celebrates 25 years of the Invesco QQQ ETF, tracing its evolution from its launch in 1999 to becoming one of the largest ETFs today. It highlights key milestones such as reaching significant assets under management (AUM), changes in sponsorship and naming, and its consistent outperformance compared to the S&P 500. QQQ is presented as a proven way for investors to gain exposure to highly innovative, non-financial companies listed on the Nasdaq-100 Index."
2024-03-21 16:24:19,"Curious Serpens’ FalseFont Backdoor: Technical Analysis, Detection and Prevention",Unit 42,0.0,0.0,0.34263,https://unit42.paloaltonetworks.com/curious-serpens-falsefont-backdoor/,"This article provides a technical analysis of FalseFont, a new backdoor developed by the suspected Iranian-affiliated threat actor ""Curious Serpens"" (aka Peach Sandstorm). FalseFont targets job applicants in the aerospace and defense industries by mimicking legitimate HR software. The article details the backdoor's architecture, functionality, persistence mechanisms, dual communication methods via direct API calls and SignalR, and its credential theft capabilities, while also explaining how Palo Alto Network's Cortex XDR platform can detect and prevent this malware."
2024-03-20 16:21:36,"ServiceNow Washington, DC Release Goes Deep On AI, GenAI",CRN,0.619632,0.288278,0.336614,https://www.crn.com/news/channel-news/2024/servicenow-washington-dc-release-goes-deep-on-ai-genai,"ServiceNow has released its Now Platform Washington, D.C. update, heavily featuring AI and generative AI to boost intelligent automation and simplify workflows. The release introduces Workflow Studio for simplified automation and enhanced Platform Analytics for better performance tracking. It also includes new Sales and Order Management and Security Posture Control tools, all underpinned by advanced GenAI integrations."
2024-03-20 15:41:57,IPO winter ending? Astera Labs and Reddit surge in stock trading debuts,SiliconANGLE,0.0,0.0,0.32156,https://siliconangle.com/2024/03/20/astera-labs-surges-nasdaq-debut-reddits-ipo-raises-519m/,"Astera Labs and Reddit both experienced successful stock trading debuts, signaling a potential end to the ""IPO winter."" Astera Labs, a chip supplier for cloud data centers, exceeded expectations in its IPO, raising $712.8 million, with shares surging over 72% on the Nasdaq. Reddit also saw its shares jump 38% on the NYSE, marking a significant milestone for a social media company's public offering since 2019."
2024-03-19 00:00:00,"NVIDIA, Huang Win Top Honors in Innovation, Engineering",NVIDIA Blog,1.0,0.813454,0.662218,https://blogs.nvidia.com/blog/fast-company-nae-honors/,"NVIDIA has been named the world's most innovative company by Fast Company magazine, recognizing its transformative work in putting AI to use across various industries. This accolade follows NVIDIA founder and CEO Jensen Huang's induction into the U.S. National Academy of Engineering for his contributions to high-powered graphics processing units and fueling the AI revolution. Leaders from Microsoft, Stanford University, and TSMC have praised Huang's visionary leadership and enduring impact on computing and AI."
2024-03-18 16:45:00,Blackwell: Nvidia's GPU architecture to power new generation of trillion-parameter generative AI models,SiliconANGLE,1.0,0.936909,0.653172,https://siliconangle.com/2024/03/18/nvidias-blackwell-architecture-power-new-generation-1-trillion-parameter-generative-ai-models/,"Nvidia has unveiled its new Blackwell GPU architecture, designed to power trillion-parameter generative AI models with significantly reduced cost and power consumption compared to previous generations. This architecture introduces six transformative technologies, including a custom manufacturing process and enhanced networking capabilities, promising breakthroughs across various advanced computing domains. Blackwell will be available through cloud providers and third-party server manufacturers, enabling a new era of large-scale AI deployment."
2024-03-18 00:00:00,NVIDIA Blackwell Platform Arrives to Power a New Era of Computing,NVIDIA Newsroom,1.0,0.912021,0.771773,https://nvidianews.nvidia.com/news/nvidia-blackwell-platform-arrives-to-power-a-new-era-of-computing,"NVIDIA has announced the Blackwell platform, a new GPU architecture designed to power the next generation of AI and accelerated computing. The Blackwell platform promises to enable real-time generative AI on trillion-parameter models with significantly reduced cost and energy consumption compared to its predecessor. Major cloud providers and AI companies, including Amazon Web Services, Google, Meta, Microsoft, OpenAI, Oracle, Tesla, and xAI, are expected to adopt Blackwell."
2024-03-17 16:37:05,"2026 Global Market Outlook: Minds, machines, and market shifts",T. Rowe Price,0.613536,0.265371,0.270856,https://www.troweprice.com/financial-intermediary/hk/en/thinking/collections/global-market-outlook.html,"T. Rowe Price's 2026 Global Market Outlook emphasizes the transformative power of AI, while also highlighting the persistent challenges of valuation, inflation, and geopolitical uncertainty. The outlook suggests investors balance exposure to AI leaders with opportunities in cyclical and international markets, requiring agility and a global perspective. It details prospects across economic, equity, fixed income, private, and Chinese markets, along with asset allocation strategies."
2024-03-17 00:00:00,Who is Jeff McMillan? Morgan Stanley’s First Head of AI,AI Magazine,0.0,0.0,0.335531,https://aimagazine.com/data-and-analytics/who-is-jeff-mcmillan-morgan-stanleys-first-head-of-ai,"Morgan Stanley has appointed Jeff McMillan as its first Head of AI, a strategic move to coordinate the firm's AI strategy and capitalize on AI opportunities in digital finance. McMillan, previously Chief Analytics and Data Officer, will work with business units to integrate AI, overseeing projects like the GPT-4 chatbot rollout for bankers. This appointment underscores Morgan Stanley's commitment to AI, projecting significant growth in AI power demand and exploring its positive impacts, including sustainability."
2024-03-14 16:37:41,"Data management trends: GenAI, governance and lakehouses",TechTarget,0.0,0.0,0.225914,https://www.techtarget.com/searchdatamanagement/tip/Data-management-trends-GenAI-governance-and-lakehouses,"The article discusses the top data management trends for 2024, highlighting generative AI, data governance, observability, and the shift towards data lakehouses. It explains how generative AI is being integrated into data platforms to simplify tasks and how data lakehouses are gaining momentum for analytics. The piece also emphasizes the increasing importance of data governance and observability for security, privacy, and accuracy, even as investment funding for emerging vendors slows down."
2024-03-14 16:23:44,Oracle Adds New GenAI Features to Cloud Applications and Expands Microsoft Partnership,Investopedia,0.0,0.0,0.396199,https://www.investopedia.com/oracle-adds-new-genai-features-to-cloud-applications-and-expands-microsoft-partnership-8609003,"Oracle has announced new generative AI features for its Fusion Cloud Applications Suite, designed to enhance employee and customer experiences by leveraging AI within its software-as-a-service applications. Additionally, Oracle is expanding its partnership with Microsoft by making Oracle Database@Azure available in more regions, including its debut in Europe, to meet increasing demand for its cloud products and services, which constitute a significant portion of its revenue."
2024-03-14 16:07:03,"Eos, ESS Inc and Energy Vault narrow losses and lower costs on long ‘path to profitability’",Energy-Storage.News,0.0,0.0,0.077113,https://www.energy-storage.news/eos-ess-inc-and-energy-vault-narrow-losses-and-lower-costs-on-long-path-to-profitability/,"Eos Energy Enterprises, ESS Inc, and Energy Vault, three non-lithium energy storage companies that went public via SPAC mergers, have reported improved revenues and narrowed losses for Q3 2023 and full-year 2023. Despite these financial improvements and operational milestones, none have provided a timeline for achieving sequential profitability, and their stock prices remain significantly below their initial listing values. The article notes that all three companies are focusing on cost reductions and strategic partnerships to move towards profitability."
2024-03-13 16:27:22,"Trade Alert: Bill Baruch sells Arm Holdings, buys Phillips 66 and buys more Southern Copper",CNBC,0.0,0.0,0.002287,https://www.cnbc.com/video/2024/03/13/trade-alert-bill-baruch-sells-arm-holdings-buys-phillips-66-and-buys-more-southern-copper.html,"Bill Baruch, founder of Blue Line Capital, discussed his latest portfolio adjustments on CNBC's 'Halftime Report'. He has sold his position in Arm Holdings, purchased Phillips 66, and increased his holdings in Southern Copper. This indicates a shift in his investment strategy across different sectors."
2024-03-13 16:23:44,Oracle unveils $10B data center expansion plan,Construction Dive,0.0,0.0,0.372335,https://www.constructiondive.com/news/oracle-data-center-expansion/710199/,"Oracle announced plans to spend $10 billion in 2025 to expand its data center capacity due to exceptionally high demand for its cloud network. CEO Safra Catz and CTO Larry Ellison highlighted the scale of these new facilities, with one U.S. AI data center capable of housing eight Boeing 747s. This expansion positions Oracle alongside other tech giants in hyperscaler data center construction, despite ongoing industry challenges like supply chain issues and lengthened buildout timelines."
2024-03-12 16:17:17,Inverse/Leveraged Magnificent Seven ETFs Hit the Market,Nasdaq,0.0,0.0,0.23766,https://www.nasdaq.com/articles/inverse-leveraged-magnificent-seven-etfs-hit-the-market,"Roundhill Investments has launched two new ETFs focusing on the ""Magnificent Seven"" tech stocks: the Roundhill Daily 2X Long Magnificent Seven ETF (MAGX) and the Roundhill Daily Inverse Magnificent Seven ETF (MAGQ). MAGX offers 2x leveraged daily exposure to the Magnificent Seven, while MAGQ provides inverse (-1X) daily exposure. These funds cater to investors looking to capitalize on both potential gains and losses of these influential tech giants, which significantly impact the S&P 500 and are highly valued, indicating a need for both bullish and bearish investment options."
2024-03-12 12:05:00,AMD CEO Lisa Su Talks the Invisible Role of A.I. Chips in Oscar-Winning Films,Betabeat,0.718176,0.333929,0.274624,https://observer.com/2024/03/amd-ceo-lisa-su-hollywood-sxsw/,"AMD CEO Lisa Su highlighted the significant role of A.I. chips in the production of Oscar-winning animated films at SXSW, noting how they drastically accelerate rendering times. She explained that AMD's hardware is used by partners like Pixar and Wētā FX, enabling sophisticated visual effects that were previously far more time-consuming. The executive VFX producer David Conley also emphasized the critical partnership with companies like AMD for the future of filmmaking, especially with the integration of real-time processing and A.I."
2024-03-11 16:23:44,Oracle Stock Jumps 14% as Large Customer Contracts Boost Earnings—Key Level to Watch,Investopedia,0.649108,0.33052,0.1508,https://www.investopedia.com/oracle-stock-jumps-as-large-customer-contracts-boost-earnings-8607748,"Oracle shares surged over 14% in after-hours trading following better-than-expected fiscal third-quarter earnings and strong current-quarter guidance. The company's cloud services segment saw significant growth due to large new cloud infrastructure contracts and high demand for its AI servers. Analysts are watching a key technical level at $127.50, which could turn into support after the earnings-driven breakout."
2024-03-11 16:08:19,HP's 6 Biggest Announcements At Amplify Partner Conference 2024,CRN,0.889643,0.445396,0.382052,https://www.crn.com/news/computing/2024/hp-s-6-biggest-announcements-at-amplify-partner-conference-2024,"At its Amplify Partner Conference 2024, HP unveiled several major advancements focusing on hybrid work and AI integration. Key announcements included new business laptops and mobile workstations featuring AI capabilities, an expanded partnership with Nvidia for AI Studio software, and a revamped Workplace Experience Platform (WEX) with AI-powered management. HP also introduced new conferencing solutions, an AI MasterClass program for partners, and new Color LaserJet Pro 3000 printers for SMBs."
2024-03-07 16:06:15,The Optimists Were Right About FANG Stocks,Morningstar,0.877143,0.318707,0.381034,https://www.morningstar.com/columns/rekenthaler-report/optimists-were-right-about-fang-stocks,"The article discusses how the FANG stocks (Facebook, Amazon, Netflix, Google) have significantly outperformed other investments since their popularization in 2013, contrary to skeptics' predictions. It highlights that the strong stock market performance was backed by dominant business fundamentals, not just speculative enthusiasm. The author questions whether similar skepticism regarding the current ""Magnificent Seven"" stocks will also prove incorrect."
2024-03-07 03:51:25,Should iShares Russell 1000 ETF (IWB) Be on Your Investing Radar?,TradingView,0.647829,0.349923,0.319319,https://www.tradingview.com/news/zacks:fada718c0094b:0-should-ishares-russell-1000-etf-iwb-be-on-your-investing-radar/,"The iShares Russell 1000 ETF (IWB) offers broad exposure to the Large Cap Blend segment of the US equity market, with over $34.55 billion in assets and a low expense ratio of 0.15%. Featuring top holdings like Microsoft, Apple, and Nvidia, the ETF has performed well, returning 7.02% year-to-date and 27.20% over the last year. It holds a Zacks ETF Rank of 3 (Hold) and is considered a good option for investors seeking exposure to large-cap blend stocks, with alternatives like IVV and SPY also available."
2024-03-05 16:41:53,We Energies plans to spend $335M on Microsoft development in Mount Pleasant,WPR,0.0,0.0,0.242719,https://www.wpr.org/news/we-energies-spend-335m-microsoft-development-mount-pleasant,"We Energies plans to invest $335 million in a distribution project for Microsoft's data center development in Mount Pleasant, Wisconsin, on land originally designated for Foxconn. Due to a 2017 law related to the Foxconn project, this substantial investment does not require approval from the Public Service Commission, raising concerns about oversight. Microsoft's data centers are highly energy-intensive, and there's a growing push to ensure residential customers are not burdened with the increased energy costs."
2024-02-29 17:15:40,KT teams up with Amazon to bolster B2B generative AI,KED Global,0.0,0.0,0.250987,https://www.kedglobal.com/artificial-intelligence/newsView/ked202402290005,"South Korean telecom provider KT Corp. has partnered with Amazon Web Services (AWS) to enhance its B2B generative AI services, aiming to transform into an AI-focused ICT company. This collaboration involves developing generative AI based on Amazon Bedrock and offering cloud-based private 5G network services. KT plans to hire more AI and ICT experts, integrate AI into performance reviews, and upgrade its internal generative AI platform ""Gen.AIDU"" using various LLMs."
2024-02-28 04:21:38,NANC ETF Tracking Democrat Stock Trades Beating S&P 500 on Tech Bets,markets.businessinsider.com,0.629289,0.330935,0.383901,https://markets.businessinsider.com/news/etf/congress-democrats-stock-market-trades-nanc-etf-democrats-outperforms-sp500-2024-2,"The Unusual Whales Democratic ETF (NANC), which tracks stock trades by Democrats in Congress, has outperformed the S&P 500 since its launch in February 2023, returning 30% compared to the S&P 500's 24%. This outperformance is largely attributed to its significant holdings in mega-cap tech stocks like Microsoft, Amazon, Apple, and Nvidia. In contrast, a similar ETF tracking Republican trades (KRUZ) has only gained about 15% over the same period."
2024-02-27 17:39:30,NBA® 2K24: MyTEAM Available Worldwide on iOS and Android,2K Newsroom,0.0,0.0,0.33564,https://newsroom.2k.com/news/nbar-2k24-myteam-available-worldwide-on-ios-and-android,"NBA® 2K24: MyTEAM, a free-to-download mobile game, is now available worldwide on iOS and Android, allowing players to synchronize their progress between console and mobile devices. This enables users to assemble their dream NBA lineups, play various MyTEAM modes, earn XP, and collect rewards on the go. The game features quality NBA 2K gameplay, stunning graphics, and compatibility with external controllers, offering a realistic NBA simulation experience."
2024-02-27 17:12:23,Intel’s new Intel vPro platform to power the next generation of AI PCs,SiliconANGLE,0.0,0.0,0.460239,https://siliconangle.com/2024/02/27/intels-new-intel-vpro-platform-power-next-generation-ai-pcs/,"Intel has launched its new Intel vPro platform, integrating Intel Arc GPUs and Intel Core 14th Gen CPUs, to accelerate artificial intelligence capabilities on personal computers. This platform aims to introduce the ""AI PC"" era, offering significant productivity gains and enhanced security features for businesses and educational institutions. Over 100 new device models from various partners will be powered by this technology."
2024-02-27 17:01:14,"Microsoft, Intel and AI Veteran, Merrie Williamson, to Join Equinix as Chief Customer and Revenue Officer",PR Newswire,0.0,0.0,0.349544,https://www.prnewswire.com/news-releases/microsoft-intel-and-ai-veteran-merrie-williamson-to-join-equinix-as-chief-customer-and-revenue-officer-302071877.html,"Equinix, a global digital infrastructure company, has announced the appointment of Merrie Williamson as Executive Vice President and Chief Customer and Revenue Officer (CCRO), effective March 25. Williamson brings over 20 years of experience from leadership roles at Microsoft and Intel, where she focused on digital transformation and AI. In her new role, she will oversee Equinix's entire customer experience and go-to-market strategy, including sales, marketing, and regional management, with a focus on leveraging technology and partnerships for customer success."
2024-02-27 04:23:03,About,MatthewBall.co,0.0,0.0,0.345964,https://www.matthewball.co/about,"This page provides a biography of Matthew Ball, CEO of Epyllion and author of the national bestselling book ""The Metaverse."" It outlines his professional background, advisory roles, publications, and contact information, alongside testimonials from prominent figures in technology and media."
2024-02-24 07:00:00,How Nvidia grew to a trillion-dollar company fueling the AI revolution,NBC News,1.0,0.93794,0.347894,https://www.nbcnews.com/business/business-news/what-is-nvidia-what-do-they-make-ai-artificial-intelligence-rcna140171,"Nvidia has grown into a nearly $3 trillion company by specializing in Graphics Processing Units (GPUs), which have become crucial for the artificial intelligence revolution. Initially used for gaming, GPUs' ability to perform concurrent calculations makes them ideal for AI, giving Nvidia a significant first-mover advantage and market dominance. The company's unique technology and supply chain have led to widespread adoption by major tech firms, with discussions emerging about potential shortages and the need for continued investment in chip manufacturing."
2024-02-23 06:52:00,SPY ETF Reaches Record High Amid Nvidia-Fueled AI Rally—Key Chart Pattern to Watch,Investopedia,0.803019,0.546484,0.373322,https://www.investopedia.com/spy-etf-reaches-record-high-amid-nvidia-fueled-ai-rally-key-chart-pattern-to-watch-8599112,"The SPDR S&P 500 ETF Trust (SPY) reached a record high, mirroring the S&P 500's surge driven by mega-cap technology stocks, particularly after Nvidia's strong earnings report. Nvidia, along with other AI-related companies like Microsoft and Broadcom, contributed significantly to the rally, highlighting the outsized influence of Magnificent Seven stocks within the SPY's portfolio. Investors should watch the SPY's rising wedge pattern for potential breakouts or breakdowns, which could signal future price movements."
2024-02-23 00:00:00,Ecolab appoints Judson Althoff to Board of Directors,Smart Water Magazine,0.0,0.0,0.376649,https://smartwatermagazine.com/news/ecolab/ecolab-appoints-judson-althoff-board-directors,"Ecolab Inc. has appointed Judson Althoff, Microsoft’s chief commercial officer, to its Board of Directors, effective February 21, 2024. Althoff will serve as an independent director and a member of the Audit and Finance Committees, bringing his extensive experience in technology, artificial intelligence, and cloud computing to support Ecolab's digital innovation and profitable growth. Ecolab leaders Christophe Beck and Dave MacLennan emphasized the value of Althoff's expertise in strengthening the board and driving strategic initiatives for the company."
2024-02-22 17:12:22,Intel’s CEO Says AI Is the Key to the Company’s Comeback,WIRED,0.640212,0.209413,0.330836,https://www.wired.com/story/intel-ceo-pat-gelsinger-ai-comeback/,"Intel CEO Pat Gelsinger states that AI and renewed investment in cutting-edge manufacturing are crucial for the company's comeback, allowing it to become a leading supplier of AI chips. He announced a rebrand of Intel's foundry business with Microsoft as a major customer for its new manufacturing technology. Gelsinger expects Intel's 18A manufacturing process to compete with TSMC and highlights advancements like backside power and being first in line for next-generation lithography machines as key differentiators."
2024-02-22 00:00:00,Ecolab Appoints Judson Althoff to Board of Directors,Ecolab,0.0,0.0,0.394351,https://www.ecolab.com/news/2024/02/ecolab-appoints-judson-althoff-to-board-of-directors,"Ecolab has appointed Judson Althoff, Microsoft’s chief commercial officer, to its board of directors, effective February 21, 2024. Althoff will serve as an independent director and a member of the Audit and Finance Committees, bringing extensive global leadership, sales, business, and executive experience in high technology to the board. His deep knowledge of artificial intelligence, cloud computing, and the global technology ecosystem is expected to support Ecolab’s digital innovation and long-term profitable growth."
2024-02-21 22:19:00,"Palo Alto Networks loses over $30 billion in market cap, sends shockwaves throughout cyber market",CTech,0.0,0.0,-0.307648,https://www.calcalistech.com/ctechnews/article/rj6hlrxha,"Palo Alto Networks experienced its largest one-day share drop, losing over $30 billion in market cap after cutting its annual billings forecast due to softer client spending and steep promotions. The company's new strategy involves offering up to six months of free services to customers and an aggressive marketing approach to encourage ""platform consolidation,"" sparking concerns about a potential price war in the cybersecurity market. This move could significantly impact competitors, particularly smaller startups, and reshape the industry landscape."
2024-02-21 20:17:00,DigitalOcean beats expectations under the helm of new CEO Paddy Srinivasan,SiliconANGLE,0.57185,0.223525,0.31032,https://siliconangle.com/2024/02/21/digitalocean-beats-expectations-helm-new-ceo-paddy-srinivasan/,"DigitalOcean Holdings Inc. exceeded earnings and revenue expectations for the last quarter and provided optimistic guidance for the current quarter, leading to a stock surge. The company, under new CEO Paddy Srinivasan, is strategically focusing on AI solutions for small businesses, utilizing its Paperspace platform to offer Nvidia H100 GPUs, and demonstrating strong growth in its annual revenue run rate and average revenue per customer. Despite a slowdown in growth in the final quarter, analysts believe AI will be a key strategy for rekindling growth under the new leadership."
2024-02-21 11:30:00,Intel Launches World’s First Systems Foundry Designed for the AI Era,Investor Relations :: Intel Corporation (INTC),0.0,0.0,0.47102,https://www.intc.com/news-events/press-releases/detail/1675/intel-launches-worlds-first-systems-foundry-designed-for,"Intel has launched Intel Foundry, positioning it as the world's first systems foundry for the AI era, and announced an expanded process roadmap including Intel 14A and specialized node evolutions. The company affirmed its ""five-nodes-in-four-years"" process roadmap is on track and highlighted significant customer momentum, including Microsoft choosing Intel's 18A process for a chip design, alongside strong support from ecosystem partners. Intel outlined its commitment to sustainability, aiming to be the industry's most sustainable foundry with goals for 100% renewable electricity, net-positive water, and net-zero waste by 2030, and net-zero Scope 1 & 2 GHG emissions by 2040."
2024-02-21 00:00:00,Intel Launches World’s First Systems Foundry Designed for the AI Era,Intel Newsroom,0.0,0.0,0.305753,https://newsroom.intel.com/intel-foundry/foundry-news-roadmaps-updates,"Intel has launched Intel Foundry, positioning it as the world's first systems foundry tailored for the AI era, with an expanded process roadmap targeting leadership by the end of the decade. The company announced new process technologies, ASAT capabilities, key customer design wins including Microsoft, and strong support from ecosystem partners. Intel Foundry also emphasized its commitment to sustainability, aiming for 100% renewable electricity and net-zero emissions by specific target dates."
2024-02-16 05:20:00,Rackspace Technology Aims to Double Revenue in India with Growing AI Adoption,Siliconindia,0.0,0.0,0.448196,https://www.siliconindia.com/news/business/rackspace-technology-aims-to-double-revenue-in-india-with-growing-ai-adoption-nid-227917-cid-3.html,"Rackspace Technology plans to double its revenue in India within two years, driven by the increasing adoption of AI and demand for private cloud solutions. The company, which already has 40% of its global workforce in India, will establish a data center in the country. Rackspace aims to leverage India's growing startup ecosystem and high cloud consumption to expand its presence and brand recognition, focusing on digital transformation and AI-enabled cloud services."
2024-02-15 17:10:15,Microsoft subsidiary renews S.F. headquarters lease despite remote work policy,San Francisco Chronicle,0.0,0.0,0.063449,https://www.sfchronicle.com/realestate/article/s-f-github-renews-lease-18670310.php,"GitHub, a Microsoft subsidiary, has renewed its 57,000-square-foot San Francisco headquarters lease for five more years at 275 Brannan St., despite maintaining a remote-first work policy. The company views these spaces as ""Hubs"" for collaboration and community events, marking a different approach compared to other Microsoft divisions that are reducing office footprints in San Francisco. This renewal reflects a broader trend of companies recognizing the value of physical interaction, even with remote work embraced."
2024-02-14 15:13:00,Meta settles lawsuit over haptic feedback tech in Quest headsets,TechCrunch,0.0,0.0,0.112521,https://techcrunch.com/2024/02/14/meta-settles-lawsuit-over-haptic-feedback-tech-in-quest-headsets/,"Immersion, a company specializing in haptic feedback technology, has settled a lawsuit with Meta over Meta's use of touch-feedback in its Quest VR headsets. The settlement involves Meta licensing Immersion's patents for its hardware, software, VR, and gaming products, though the terms were not disclosed. Immersion has a history of pursuing patent infringement lawsuits against major tech companies like Microsoft, Sony, Apple, and Valve."
2024-02-14 10:54:00,Nvidia replaces Alphabet as Wall St's third most valuable company,Reuters,1.0,0.417782,0.197131,https://www.reuters.com/technology/nvidia-outstrips-alphabet-third-largest-us-company-by-market-value-2024-02-14/,"Nvidia has surpassed Google-parent Alphabet to become the third most valuable U.S. company, with a market capitalization of $1.825 trillion. This milestone follows its recent overtaking of Amazon, driven by strong investor interest in the dominant AI chipmaker ahead of its upcoming quarterly report. Nvidia's stock has surged due to its control of about 80% of the high-end AI chip market and strong demand for its products."
2024-02-13 13:01:00,"Akamai extends its edge-computing platform as it looks to challenge AWS, Azure and GCP",TechCrunch,0.0,0.0,0.208332,https://techcrunch.com/2024/02/13/akamai-extends-its-edge-computing-platform-as-it-looks-to-challenge-aws-azure-and-gcp/,"Akamai has launched its Gecko ""Generalized Edge Compute"" platform, expanding its cloud-computing network with 10 new regions in Q1 and another 75 throughout the year. This initiative aims to bring compute capacity closer to users, reducing latency and enabling new use cases, directly challenging major cloud providers like AWS, Azure, and GCP. The company plans to open hundreds of small regions in the coming years and integrate its container service and automated workload platform."
2024-02-13 12:18:00,Pega Unveils GenAI Blueprint to Automate Enterprise-Grade Workflow App Designs,digital terminal,0.0,0.0,0.510729,https://digitalterminal.in/enterprise/pega-unveils-genai-blueprint-to-automate-enterprise-grade-workflow-app-designs,"Pegasystems Inc. has introduced Pega GenAI Blueprint, a collaborative application leveraging generative AI and Pega's industry expertise to streamline enterprise workflow application design. The platform aims to transform app ideas into interactive ""application blueprints"" that are easily understood and collaborated on by stakeholders, moving beyond just code generation to focus on optimized workflow designs and decisions. This solution helps accelerate the journey from idea to implementation, fostering better collaboration and enabling rapid app deployment."
2024-02-12 17:23:58,AI frenzy puts Nvidia briefly ahead of Amazon in market value,CNBC,1.0,0.496038,0.246552,https://www.cnbc.com/2024/02/12/ai-frenzy-puts-nvidia-briefly-ahead-of-amazon-in-market-value.html,"Nvidia briefly surpassed Amazon.com in market capitalization on Monday, driven by the ongoing euphoria around artificial intelligence. The chipmaker reached a record high of $734.96, giving it a market value of $1.82 trillion, slightly ahead of Amazon's $1.81 trillion. This event marks Nvidia's highest valuation relative to Amazon since 2002, with investors keenly awaiting its upcoming quarterly results on February 21st."
2024-02-12 16:56:47,Cisco Delivers 800Gbps on Amitié Transatlantic Cable in Collaboration with Microsoft,Cisco Newsroom,0.0,0.0,0.39514,https://newsroom.cisco.com/c/r/newsroom/en/us/a/y2024/m02/cisco-delivers-800gbps-on-amitie-transatlantic-cable-in-collaboration-with-microsoft-to-support-exponential-growth-of-cloud-and-ai-services.html,"Cisco and Microsoft successfully conducted an 800Gbps transmission trial on the Amitié transatlantic cable, spanning 6,234 kilometers from Boston to Bordeaux. This achievement supports the escalating demand for increased subsea network capacity driven by the growth of cloud and AI services. The trial utilized Cisco’s NCS 1014 platform with Acacia’s Coherent Interconnect Module 8, setting a new performance benchmark for SDM subsea cables."
2024-02-12 04:29:00,Nvidia Overtakes Amazon in Market Value,Bloomberg,1.0,0.415919,0.157975,https://www.bloomberg.com/news/articles/2024-02-12/nvidia-overtakes-amazon-in-market-value-amid-scorching-rally,"Nvidia briefly surpassed Amazon in market value, making it the fourth most valuable US-listed company earlier in the day. The chipmaker's rally, driven by exploding demand for AI chips, has seen its shares jump 46% this year. While Nvidia closed slightly below Amazon's valuation, the event marks a significant milestone fueled by the AI boom."
2024-02-10 22:06:55,Vistra Corp (NYSE:VST) Surges Amidst AI Energy Boom and Nuclear Expansion,TradingNEWS,0.0,0.0,0.444515,https://www.tradingnews.com/news/vistra-corp-nyse-vst-rockets-200-percent-as-ai-power-demand-nuclear-deals-fuel-growth,"Vistra Corp (NYSE:VST) has seen its stock surge over 200% year-to-date, fueled by the increasing demand for power from AI and data centers, as well as strategic expansions in nuclear energy. The company's acquisition of Energy Harbor significantly boosted its nuclear capacity, and its strong financial performance, insider confidence, and alignment with clean energy policies position it for continued growth, with analysts maintaining a bullish outlook."
2024-02-10 13:54:00,Exclusive: Cisco to cut thousands of jobs as it seeks to focus on high growth areas,Reuters,0.0,0.0,-0.242076,https://www.reuters.com/business/cisco-cut-thousands-jobs-it-seeks-focus-high-growth-areas-sources-2024-02-09/,"Cisco is reportedly planning to restructure its business, which will involve laying off thousands of employees to focus on high-growth areas. An announcement could come as early as next week, ahead of its earnings call on Feb. 14. This move follows a previous restructuring in late 2022 and comes as many other tech companies are also cutting jobs."
2024-02-08 17:39:21,Effective integration key to creating trusted data,TechTarget,0.0,0.0,0.146709,https://www.techtarget.com/searchdatamanagement/feature/Effective-integration-key-to-creating-trusted-data,"Proper data integration is essential for organizations to deliver trusted data, which enables data-driven decision-making and faster growth. Despite this, many enterprises struggle with analytics tool complexity, data literacy, and a lack of trust in their data. Dan Pitre of Actian emphasizes that cloud data platforms must prioritize data quality and ensure data is properly integrated and treated throughout its lifecycle to build confidence and facilitate the creation of a ""single source of truth."""
2024-05-02 06:00:00,The 3 Best ETFs to Beat the S&P 500 Through 2030,InvestorPlace,0.631593,0.344421,0.385319,https://investorplace.com/2024/05/the-3-best-etfs-to-beat-the-sp-500-through-2030/,"This article identifies three ETFs poised to outperform the S&P 500 by 2030, emphasizing their low expense ratios, strong historical performance, and alignment with emerging trends. The recommended ETFs are the VanEck Semiconductor ETF (SMH), Invesco S&P 500 Quality ETF (SPHQ), and Invesco S&P MidCap Momentum ETF (XMMO), each offering unique advantages for investors seeking growth and stability."
2024-04-30 00:00:00,Alphabet's First Dividend: What You Need to Know,Morningstar Canada,0.553814,-0.110672,0.181619,https://global.morningstar.com/en-gb/stocks/alphabet-s-first-dividend-what-you-need-to-know,"Alphabet has announced its first-ever quarterly dividend of $0.20 per share, payable on June 17 to shareholders of record as of June 10. While the initial dividend yield will be modest at approximately 0.5%, the company also authorized $70 billion in share repurchases. This move makes Alphabet one of the eight largest US companies by market capitalization to pay a quarterly dividend, alongside a significant share repurchase program."
2024-04-30 00:00:00,4 Undervalued Semiconductor Stocks,Morningstar Canada,0.894327,0.482013,0.250212,https://global.morningstar.com/en-ca/stocks/4-undervalued-semiconductor-stocks,"Despite the AI boom driving up semiconductor stock prices, Morningstar analysts have identified four undervalued semiconductor stocks: Infineon Technologies, STMicroelectronics, MediaTek, and Skyworks Solutions. While digital chipmakers are largely overvalued due to AI, analog/mixed-signal chip valuations are still below fair value estimates. These top picks are favored for their strong positions in automotive semis, leadership in silicon-carbide, expansion into new markets, and essential RF products for mobile devices."
2024-04-29 20:24:00,"AMD Q1 Earnings Preview: Analysts Bullish, But Warn Of Factors That 'Can Derail The Semiconductor Industry'",Sahm,0.562607,0.108682,0.178037,https://www.sahmcapital.com/news/content/amd-q1-earnings-preview-analysts-bullish-but-warn-of-factors-that-can-derail-the-semiconductor-industry-2024-04-29,"Advanced Micro Devices (NASDAQ: AMD) is set to release its Q1 earnings, with analysts expecting revenue of $5.46 billion and earnings of 61 cents per share. While many analysts are bullish due to strong AI MI300 and EPYC performance, they also highlight risks such as market share declines, intense competition, and macroeconomic uncertainties that could impact the semiconductor industry. AMD shares have performed well over the last year, but some analysts have adjusted price targets ahead of the report."
2024-04-25 15:37:52,2024 Beijing Auto Show: WeRide's four major products officially debut.,www.bitauto.com,0.637237,0.320518,0.189888,https://www.bitauto.com/news/100190497208.html,"WeRide, a leader in autonomous driving technology, unveiled four core products at the 2024 Beijing Auto Show, including a L2++ mass-produced car, Robotaxi, Robobus, and an autonomous road sweeper. The company showcased these products and offered test rides, highlighting its advanced development capabilities and contributions to the intelligent driving industry. WeRide also emphasized its collaboration with Bosch and the commercial operation success of its autonomous taxi and minibus in various cities."
2024-04-25 15:34:47,UMC reports lowest profit in three years,Taipei Times,0.576814,0.055581,-0.069977,https://www.taipeitimes.com/News/biz/archives/2024/04/25/2003816899,"United Microelectronic Corp (UMC) reported its lowest net profit in nearly three years in the first quarter, at NT$10.46 billion, due to prolonged inventory correction. However, the company anticipates a 3 percent increase in wafer shipments for the current quarter, driven by improving demand in communication and computer devices. UMC maintains a cautiously optimistic outlook for the year, expecting to outperform the global foundry industry and forecasting global semiconductor industry growth of about 5 percent, largely led by AI servers."
2024-04-24 15:16:30,Nvidia acquires GPU cluster optimization startup Run:ai for reported $700M,SiliconANGLE,1.0,0.432432,0.417631,https://siliconangle.com/2024/04/24/nvidia-acquires-gpu-cluster-optimization-startup-runai-reported-700m/,"Nvidia Corp. has acquired Run:ai, a startup specializing in software that optimizes the performance of graphics card clusters for AI workloads. Although the terms were not officially disclosed, the deal was reportedly valued at $700 million, significantly higher than Run:ai's prior funding. Run:ai's technology aims to boost AI performance by resolving common inefficiencies in GPU-powered servers, such as data exchange delays and memory collisions, allowing for more efficient utilization of GPU resources."
2024-04-24 15:16:29,US chip giant Nvidia snaps up Israeli AI workload management startup,The Times of Israel,1.0,0.426668,0.439065,https://www.timesofisrael.com/us-chip-giant-nvidia-snaps-up-israeli-ai-workload-management-startup/,"Nvidia has acquired Run:ai, an Israeli startup specializing in AI workload management software, for an estimated $600-$700 million. This acquisition marks Nvidia's largest in Israel since its 2020 purchase of Mellanox Technologies. Run:ai's co-founders and employees will join Nvidia's expanding R&D operations in Israel, aiming to enhance the efficiency of AI computing resources for customers across various infrastructure environments."
2024-04-24 00:00:00,"Serve Robotics Hauls In $40M and Prepares to Put 2,000 Robots on Streets",Food On Demand,0.607132,0.147279,0.375841,https://foodondemand.com/04242024/serve-robotics-hauls-in-40m-and-prepares-to-put-2000-robots-on-streets/,"Serve Robotics has raised $40 million, bringing its total fundraising to $93 million since 2021, and plans to deploy 2,000 robots in new markets by the end of 2025. The company aims to expand operations in Los Angeles and enter new cities like Dallas, San Diego, and Vancouver, having formalized a partnership with Magna International for manufacturing. Serve highlights safety, labor savings, and adorability as key value propositions, with CEO Dr. Ali Kashani expressing confidence in scalability despite being in early pre-revenue stages."
2024-04-24 00:00:00,NVIDIA to Acquire GPU Orchestration Software Provider Run:ai,NVIDIA Blog,1.0,0.416661,0.420733,https://blogs.nvidia.com/blog/runai/,"NVIDIA announced its definitive agreement to acquire Run:ai, a Kubernetes-based workload management and orchestration software provider. This acquisition aims to help customers optimize their AI computing resources across various environments, with NVIDIA continuing to invest in Run:ai's product roadmap and integrate its capabilities with NVIDIA's AI platforms. The acquisition will enable better GPU utilization and improved management for customers leveraging NVIDIA's accelerated computing platform."
2024-04-22 14:33:45,Cadence emulator and prototyping duo can handle up to 48 billion gate SoCs,Embedded-Control-Europe,0.874993,0.303395,0.30988,https://www.embedded.com/cadence-emulator-and-prototyping-duo-can-handle-up-to-48-billion-gate-socs/,"Cadence Design Systems has introduced its third-generation Palladium Z3 emulation and Protium X3 FPGA prototyping systems, offering significant capacity and performance improvements for advanced SoC development. These systems can handle designs from 16 million up to 48 billion gates, enabling comprehensive testing of large SoCs. Powered by Nvidia's BlueField DPU and Quantum InfiniBand, the solutions are designed to accelerate hardware verification and software validation, especially for AI, automotive, and hyperscale applications."
2024-04-22 11:37:22,"Microsoft CEO to meet with Samsung, SK Hynix, LG, SK Telecom chiefs",KED Global,0.639354,0.319729,0.326997,https://www.kedglobal.com/tech%2C-media-telecom/newsView/ked202404220005,"Microsoft CEO Satya Nadella and founder Bill Gates will meet with leaders of Samsung, SK Hynix, LG, and SK Telecom at the MS CEO Summit 2024 in May to discuss strengthening AI partnerships. The meetings aim to explore joint development of AI chips, cooperation in AI technology for consumer electronics, and business tie-ups in 5G telecommunications and cloud sectors. This gathering signifies an increasing trend of Big Tech firms seeking AI business collaborations to gain a competitive edge."
2024-04-22 05:57:00,Akamai Launches Cloud Infrastructure and Services Powered by NVIDIA for Enhanced Video Processing,digital terminal,0.936208,0.333878,0.389697,https://digitalterminal.in/tech-companies/akamai-launches-cloud-infrastructure-and-services-powered-by-nvidia-for-enhanced-video-processing,"Akamai Technologies has launched a new media-optimized cloud offering leveraging NVIDIA RTX 4000 Ada Generation GPUs to enhance video processing for the media and entertainment industry. This service aims to provide significantly faster encoding and transcoding compared to traditional CPU-based methods, offering scalable and reliable architectures for various demanding workflows. Beyond media, the GPUs are also applicable to generative AI/ML, data analysis, scientific computing, gaming, and high-performance computing."
2024-04-19 20:02:33,"Super Micro Computer stock crashes 23%, drags down AI darling Nvidia after it doesn't preannounce earnings",markets.businessinsider.com,0.833896,-0.326381,-0.383631,https://markets.businessinsider.com/news/stocks/super-micro-computer-smci-stock-crash-drags-ai-darling-nvidia-earnings-2024-4,"Super Micro Computer stock plunged 23% after the company announced its Q3 earnings date without a preannouncement, unlike last year. This lack of a positive preannouncement sparked investor concerns about the strength of its upcoming results. The decline also impacted Nvidia, whose chips are used in Super Micro's servers, causing its stock to fall by about 10%."
2024-04-19 15:33:49,TSMC Accelerates Nearshoring to Diversify Away from China,Manufacturing Today,0.605783,0.348133,0.370394,https://manufacturing-today.com/news/tsmc-accelerates-nearshoring-to-diversify-away-from-china/,"Taiwan Semiconductor Manufacturing Company (TSMC) is significantly expanding its manufacturing presence in the United States, increasing its investment from $40 billion to $65 billion, primarily in Phoenix, Arizona. This strategic move, supported by $6.6 billion in U.S. government subsidies, aims to decentralize chip production away from Taiwan, enhance U.S. technological sovereignty, and create thousands of jobs. The expansion reflects a broader industry trend towards nearshoring and diversifying supply chains to mitigate geopolitical risks and reduce reliance on Asian markets for advanced semiconductor manufacturing."
2024-04-18 03:00:00,Cisco Reimagines Security for Data Centers and Clouds in Era of AI,PR Newswire,0.882534,0.308395,0.363694,https://www.prnewswire.com/news-releases/cisco-reimagines-security-for-data-centers-and-clouds-in-era-of-ai-302120330.html,"Cisco has unveiled Hypershield, a new security architecture designed to protect data centers and clouds in the era of AI. This innovation allows for security placement anywhere it's needed, providing AI-native security capabilities such as autonomous network segmentation and distributed exploit protection. Cisco Hypershield aims to tip the scales in favor of defenders against sophisticated AI-driven cyber threats, leveraging hardware acceleration and cloud-native technologies like eBPF."
2024-04-18 00:00:00,4 Undervalued Semiconductor Stocks,Morningstar,0.710773,0.37762,0.304692,https://www.morningstar.com/stocks/4-undervalued-semiconductor-stocks,"Amidst the AI boom led by Nvidia, Morningstar analysts identify Infineon Technologies, STMicroelectronics, MediaTek, and Skyworks Solutions as undervalued semiconductor stocks. The article discusses the varying valuations between digital and analog chipmakers, highlighting the robust demand for AI-related semiconductors versus the mixed recovery in non-AI sectors like automotive, industrial, and personal electronics. It provides detailed reasons for each company's valuation and market position."
2024-04-17 15:27:29,SiTime Continues to Advance Precision Timing with an Integrated Clock Chip for AI Datacenters,Business Wire,0.603791,0.225361,0.26355,https://www.businesswire.com/news/home/20240417031024/en/SiTime-Continues-to-Advance-Precision-Timing-with-an-Integrated-Clock-Chip-for-AI-Datacenters,"SiTime Corporation introduced its Chorus™ family of clock generators designed for AI datacenter applications. This new MEMS-based clock-system-on-a-chip (ClkSoC) family offers 10X higher performance in half the size compared to traditional standalone oscillators and clocks, integrating all necessary timing components into a single chip. The solution aims to simplify system architecture, accelerate design time, and address issues like noise and impedance matching, providing significant benefits for datacenter equipment."
2024-04-17 14:33:45,Cadence Supercharges Chip Debug And Prototyping With Palladium Z3 And Protium X3 Systems,Forbes,0.836081,0.301395,0.369182,https://www.forbes.com/sites/marcochiappetta/2024/04/17/cadence-supercharges-chip-debug-and-prototyping-with-palladium-z3-and-protium-x3-systems/,"Cadence Design Systems has launched its new Palladium Z3 and Protium X3 systems, designed to significantly enhance chip debugging and advanced prototyping. The Palladium Z3 offers 1.5 times the performance and double the capacity of its predecessor for pre-silicon debugging, while the Protium X3, built with AMD Versal Premium VP1902 adaptive SoCs, provides 1.5 times faster performance and triple the capacity for advanced physical prototyping. These systems are crucial for accelerating the development of complex chips in the AI era, with general availability expected in Q3 2024."
2024-04-17 12:22:00,Intel Builds World’s Largest Neuromorphic System to Enable More Sustainable AI,Investor Relations :: Intel Corporation (INTC),0.622947,0.246562,0.283967,https://www.intc.com/news-events/press-releases/detail/1691/intel-builds-worlds-largest-neuromorphic-system-to,"Intel has developed Hala Point, the world's largest neuromorphic system, featuring 1.15 billion neurons and 1,152 Loihi 2 processors to address the efficiency and sustainability challenges of AI. Deployed at Sandia National Laboratories, this system aims to advance brain-inspired AI research and future real-time continuous learning for various applications. It achieves state-of-the-art computational efficiencies, rivaling and exceeding GPU and CPU architectures, and promises significant energy savings for future AI deployments."
2024-04-16 14:26:34,AMD and Nvidia unveil new processors for AI PCs,SiliconANGLE,0.943041,0.405724,0.305831,https://siliconangle.com/2024/04/16/amd-nvidia-unveil-new-processors-ai-pcs/,"AMD and Nvidia have both launched new processors designed for AI PCs, aiming to capitalize on the growing market for computers capable of running AI workloads on-device. AMD introduced its Ryzen PRO 8040 and 8000 Series processors, emphasizing their AI-enabled features for business users, while Nvidia unveiled new RTX A400 and A1000 GPUs with enhanced Tensor and RT Cores for accelerating AI and graphics tasks. This move by both companies highlights the intensifying competition in the AI PC sector, which analysts predict will drive new growth in the overall PC market."
2024-04-15 08:00:00,Like Nvidia Stock but Prefer ETFs? This Is the Best Semiconductor ETF to Invest In Artificial Intelligence (AI) and Other Megatrends.,The Motley Fool,0.942044,0.489393,0.41205,https://www.fool.com/investing/2024/04/15/best-semiconductor-etf-ai-etf-ai-stocks-nvda-stock/,"The VanEck Semiconductor ETF (SMH) is highlighted as an excellent option for investors seeking exposure to the semiconductor industry and megatrends like AI, vehicle electrification, and autonomous driving, while mitigating the risk of investing in individual stocks like Nvidia (NVDA). The ETF has Nvidia as its largest holding, accounting for 20% of its portfolio, and has significantly outperformed the S&P 500 over various timeframes due to its focus on the robustly growing chip market. It provides diversification across the semiconductor value chain, including chip producers, foundries, and equipment manufacturers."
2024-04-11 09:00:00,"Cohesity completes late-stage $150M funding from IBM and Nvidia, expands IBM partnership",SiliconANGLE,0.833217,0.307202,0.380572,https://siliconangle.com/2024/04/11/cohesity-completes-late-stage-funding-ibm-nvidia-expands-ibm-partnership/,"Data management provider Cohesity Inc. has completed a $150 million Series F funding round with participation from IBM and Nvidia Corp., bringing its total raised to $955 million. The funding coincides with an expanded partnership with IBM, focusing on cyber resilience capabilities within hybrid cloud environments. This collaboration integrates Cohesity DataProtect into IBM Storage Defender to enhance data protection, monitoring, management, and recovery against cyberthreats."
2024-04-08 15:33:49,"TSMC Arizona and U.S. Department of Commerce Announce up to US$6.6 Billion in Proposed CHIPS Act Direct Funding, the Company Plans Third Leading-Edge Fab in Phoenix",Taiwan Semiconductor,0.68231,0.335657,0.345627,https://pr.tsmc.com/english/news/3122,"TSMC Arizona and the U.S. Department of Commerce have signed a preliminary memorandum for up to US$6.6 billion in CHIPS Act direct funding. TSMC plans to build a third advanced semiconductor fab in Phoenix, Arizona, bringing its total investment in the site to over US$65 billion. This expansion aims to enhance U.S. semiconductor manufacturing capabilities and create thousands of high-tech jobs, with production from the three fabs utilizing 4nm, 2nm, and more advanced processes."
2024-04-05 18:52:10,Alger Concentrated Equity ETF Holdings,Quiver Quantitative,0.946799,0.331805,0.304512,https://www.quiverquant.com/etf/Alger%20Concentrated%20Equity%20ETF,"This article details the holdings of the Alger Concentrated Equity ETF (CNEQ), which was created on April 5, 2024. The ETF focuses on large-cap companies with high growth potential, maintaining a concentrated portfolio of no more than 30 stocks. The reported holdings include major technology companies like NVIDIA, Microsoft, and Amazon, alongside others across various sectors."
2024-04-04 20:09:48,Should You Invest in the Invesco AI and Next Gen Software ETF (IGPT)?,TradingView,0.749584,0.342457,0.363482,https://www.tradingview.com/news/zacks:4b96338fc094b:0-should-you-invest-in-the-invesco-ai-and-next-gen-software-etf-igpt/,"The Invesco AI and Next Gen Software ETF (IGPT) offers broad exposure to the Technology - Software segment, particularly in AI and next-gen software development. Launched in 2005, it is passively managed with an expense ratio of 0.60% and currently holds a Zacks ETF Rank of 1 (Strong Buy). Its top holdings include Meta Platforms, Nvidia, and Advanced Micro Devices, and it has shown strong year-to-date performance."
2024-04-03 15:34:48,Leading chipmaker TSMC evacuates staff and pauses some machinery after Taiwan's largest earthquake in a quarter-century,Fortune,0.634748,0.120301,0.187753,https://fortune.com/asia/2024/04/03/leading-chipmaker-tsmc-evacuates-staff-pauses-machinery-taiwan-earthquake-largest-in-quarter-century/?queryly=related_article,"Taiwan Semiconductor Manufacturing Co. (TSMC), the world's largest advanced chipmaker, and its rival United Microelectronics Corp. (UMC) halted some machinery and evacuated staff after Taiwan experienced its strongest earthquake in 25 years. The 7.4 magnitude temblor raised concerns about the semiconductor supply chain's vulnerability, given Taiwan's critical role in producing high-end chips. TSMC shares slid about 1.5% and UMC less than 1% in early trading following the event."
2024-04-02 22:17:00,Lowe’s looks to Nvidia and AI to improve its retail operations,SiliconANGLE,0.905555,0.449866,0.449357,https://siliconangle.com/2024/04/02/lowes-looks-nvidia-ai-improve-retail-operations/,"Lowe's is partnering with Nvidia to integrate AI across its retail operations, including digital businesses, supply chain, and in-store experiences. The collaboration aims to enhance customer interactions, empower associates, and optimize store management through technologies such as AI-powered visualizations, digital twins in Nvidia Omniverse, and computer vision for checkout efficiency. Lowe's has been leveraging AI for years and sees ripe applications for the technology in improving both business processes and customer satisfaction."
2024-03-27 08:35:00,5 Best Momentum ETFs To Buy,Insider Monkey,0.802461,0.323443,0.367001,https://www.insidermonkey.com/blog/5-best-momentum-etfs-to-buy-1281111/,"This article discusses momentum investing and lists five top momentum ETFs to consider buying, including the JPMorgan U.S. Momentum Factor ETF (JMOM). It highlights JMOM's structure, holdings, and performance, featuring NVIDIA Corporation (NVDA) as a key holding. The article also touches on analyst insights and hedge fund sentiment regarding NVIDIA."
2024-03-26 16:26:23,POET Enters Optical Module Market with 800G Transceiver for Artificial Intelligence Networks,Stock Titan,0.626285,0.310937,0.327731,https://www.stocktitan.net/news/POET/poet-enters-optical-module-market-with-800g-transceiver-for-ru5uftn6lcbv.html,"POET Technologies Inc. announced its entry into the optical module market with the Wavelight™, an 800G pluggable transceiver designed for artificial intelligence and cloud data centers. This marks a significant commercial milestone for the company, showcasing its POET Optical Interposer™ technology. The Wavelight modules will be debuted at OFC 2024, with customer sampling beginning in Q3 2024, targeting a rapidly growing market for high-speed transceivers."
2024-03-26 12:00:00,FTEC: Concentration Increases Volatility (NYSEARCA:FTEC),Seeking Alpha,0.643482,0.209724,0.215519,https://seekingalpha.com/article/4680503-ftec-concentration-increases-volatility,"The Fidelity MSCI Information Technology Index ETF (FTEC) offers strong tech exposure, performing similarly to VGT. However, 45% of its assets are concentrated in Microsoft, Apple, and NVIDIA, which could lead to increased volatility despite a projected 7% upside by year-end 2024. The author, Ricardo Fernandez, highlights the importance of an investor's goals and definition of ""tech"" when choosing an ETF."
2024-03-25 00:00:00,What’s Inside Direxion’s Daily Semiconductor Bull and Bear 3x shares?,ETFguide,0.707129,0.043793,0.023619,https://www.etfguide.com/whats-inside-direxions-daily-semiconductor-bull-and-bear-3x-shares/,"This article describes the Direxion Daily Semiconductor Bull (SOXL) and Bear 3X Shares (SOXS) ETFs. It explains that these funds aim for daily investment results of 300%, or 300% of the inverse, of the performance of the NYSE Semiconductor Index, while cautioning that investment objectives are not guaranteed. The article also provides a link for more information about Direxion."
2024-03-21 15:10:00,3 ETFs That Could Turn Your Portfolio Into a Tech Powerhouse,InvestorPlace,0.567443,-0.22553,0.135104,https://investorplace.com/2024/03/3-etfs-that-could-turn-your-portfolio-into-a-tech-powerhouse/,"This article recommends three ETFs to create a diversified tech portfolio, moving beyond reliance on ""Magnificent 7"" mega-caps. It highlights the iShares U.S. Medical Devices ETF (IHI) for healthcare tech, the SPDR Portfolio S&P 600 Small Cap ETF (SPSM) for overlooked small-cap tech, and the iShares Global Tech ETF (IXN) for international exposure. The author emphasizes diversification to mitigate risks associated with concentrated tech holdings and inflated valuations."
2024-03-21 07:00:00,"Lenovo Vehicle Computing, WeRide Forge Partnership For Autonomous Driving Solutions",Mobility Outlook,1.0,0.453288,0.27755,https://www.mobilityoutlook.com/news/lenovo-vehicle-computing-weride-forge-partnership-for-autonomous-driving-solutions/,"Lenovo Vehicle Computing and WeRide have partnered to develop Level 4 autonomous driving solutions for commercial applications. The collaboration will leverage Lenovo's AD1 domain controller, based on the NVIDIA DRIVE Thor platform, and integrate it into WeRide One, a versatile autonomous driving solution. This partnership aims to deliver enhanced autonomous driving products and services globally, focusing on safe and reliable commercial autonomous vehicles."
2024-03-20 16:30:53,SAP and NVIDIA to Accelerate Generative AI Adoption Across Enterprise Applications Powering Global Industries,SAP News Center,0.913765,0.419028,0.452548,https://news.sap.com/sea/2024/03/sap-and-nvidia-to-accelerate-generative-ai-adoption-across-enterprise-applications-powering-global-industries/,"SAP and NVIDIA have expanded their partnership to accelerate the adoption of generative AI across SAP's cloud solutions and applications. This collaboration aims to integrate business-specific generative AI capabilities into SAP's Joule copilot and other cloud offerings, leveraging NVIDIA's generative AI foundry services and NIM microservices to fine-tune large language models (LLMs) and enhance data insights. The new integrated capabilities are expected to be available by the end of 2024, enabling customers to automate tasks, improve human resources, and optimize business processes using AI."
2024-03-20 16:22:27,NVIDIA’s AI models to be deployed on NXP’s edge processing devices portfolio,www.varindia.com,0.828528,0.461383,0.332456,https://www.varindia.com/news/nvidias-ai-models-to-be-deployed-on-nxps-edge-processing-devices-portfolio,"NXP Semiconductors has announced a collaboration with NVIDIA to enable the deployment of NVIDIA's trained AI models on NXP's edge processing devices through the eIQ machine learning development environment. This integration simplifies the training and deployment of AI models for developers by incorporating the NVIDIA TAO Toolkit into NXP's eIQ environment. The partnership aims to accelerate AI development for industrial and IoT edge applications, providing customers with pre-tested AI models and faster market entry."
2024-03-20 16:21:36,"ServiceNow Washington, DC Release Goes Deep On AI, GenAI",CRN,0.619632,0.288278,0.336614,https://www.crn.com/news/channel-news/2024/servicenow-washington-dc-release-goes-deep-on-ai-genai,"ServiceNow has released its Now Platform Washington, D.C. update, heavily featuring AI and generative AI to boost intelligent automation and simplify workflows. The release introduces Workflow Studio for simplified automation and enhanced Platform Analytics for better performance tracking. It also includes new Sales and Order Management and Security Posture Control tools, all underpinned by advanced GenAI integrations."
2024-03-20 09:00:00,ServiceNow injects more generative AI capabilities into its workflow platform,SiliconANGLE,0.625744,0.343835,0.388369,https://siliconangle.com/2024/03/20/servicenow-injects-generative-ai-capabilities-workflow-platform-washington-dc-release/,"ServiceNow announced its new Washington D.C. release, integrating enhanced generative AI capabilities across its workflow platform. Key improvements include Now Assist for IT Operations Management AIOps for quicker issue resolution, and updates to the Virtual Agent feature with dynamic translation. The company also introduced Impact AI Accelerators and partnered with Nvidia to simplify and accelerate AI deployment."
2024-03-19 15:51:04,Cadence launches data center digital twin offering,Data Center Dynamics,0.831721,0.313491,0.320107,https://www.datacenterdynamics.com/en/news/cadence-launches-data-center-digital-twin-offering/,"Cadence Design Systems has introduced a new AI-driven digital twin platform designed to enhance data center energy efficiency by up to 30%. The ""Cadence Reality Digital Twin Platform"" virtualizes entire data centers, using AI and physics-based simulations to optimize design and operations for sustainability. Nvidia has integrated this platform with its Omniverse rendering technology and used it to plan its own GB200 cluster deployment."
2024-03-19 00:00:00,ServiceNow Named a Leader in Customer Service Solutions by Independent Research Firm,Business Wire,0.61382,0.100748,0.323358,https://www.businesswire.com/news/home/20240319773702/en/ServiceNow-Named-a-Leader-in-Customer-Service-Solutions-by-Independent-Research-Firm,"ServiceNow (NYSE: NOW) has been named a Leader in the Forrester Wave™: Customer Service Solutions, Q1 2024 for its Customer Service Management (CSM) solution. The recognition highlights ServiceNow's unique focus on ""resolution-centric customer service"" and its vision to improve customer experience and costs through intelligent self-service and assisted service solutions. The company's AI-powered platform with a single data model is noted for enabling seamless orchestration of customer workflows across various departments."
2024-03-19 00:00:00,"NVIDIA, Huang Win Top Honors in Innovation, Engineering",NVIDIA Blog,1.0,0.813454,0.662218,https://blogs.nvidia.com/blog/fast-company-nae-honors/,"NVIDIA has been named the world's most innovative company by Fast Company magazine, recognizing its transformative work in putting AI to use across various industries. This accolade follows NVIDIA founder and CEO Jensen Huang's induction into the U.S. National Academy of Engineering for his contributions to high-powered graphics processing units and fueling the AI revolution. Leaders from Microsoft, Stanford University, and TSMC have praised Huang's visionary leadership and enduring impact on computing and AI."
2024-03-18 16:45:00,Blackwell: Nvidia's GPU architecture to power new generation of trillion-parameter generative AI models,SiliconANGLE,1.0,0.936909,0.653172,https://siliconangle.com/2024/03/18/nvidias-blackwell-architecture-power-new-generation-1-trillion-parameter-generative-ai-models/,"Nvidia has unveiled its new Blackwell GPU architecture, designed to power trillion-parameter generative AI models with significantly reduced cost and power consumption compared to previous generations. This architecture introduces six transformative technologies, including a custom manufacturing process and enhanced networking capabilities, promising breakthroughs across various advanced computing domains. Blackwell will be available through cloud providers and third-party server manufacturers, enabling a new era of large-scale AI deployment."
2024-03-18 16:40:12,Why Is Verb Technology (VERB) Stock Up Again Today?,TradingView,0.642049,0.113063,0.260241,https://www.tradingview.com/news/investorplace:d67c1b7fb094b:0-why-is-verb-technology-verb-stock-up-again-today/,"Verb Technology (VERB) stock is surging after announcing the addition of 100 new brands to its MARKET.live livestream social shopping platform. This expansion, coupled with a recent integration deal with Meta Platforms for native shopping on Facebook and Instagram, has driven significant investor excitement. The company's shares are up 41% today and have seen a 264.8% increase year-to-date, with heavy trading volume."
2024-03-18 16:22:19,NVIDIA Launches Blackwell-Powered DGX SuperPOD for Generative AI Supercomputing at Trillion-Parameter Scale,NVIDIA Newsroom,1.0,0.975522,0.636368,https://nvidianews.nvidia.com/news/nvidia-blackwell-dgx-generative-ai-supercomputing,"NVIDIA has announced its next-generation AI supercomputer, the NVIDIA DGX SuperPOD, powered by GB200 Grace Blackwell Superchips. This new system is designed for processing trillion-parameter models with constant uptime for generative AI training and inference, featuring liquid cooling, 11.5 exaflops of AI supercomputing, and up to 576 Blackwell GPUs. Additionally, NVIDIA unveiled the DGX B200 system, an air-cooled platform for AI model training, fine-tuning, and inference, providing 15x faster real-time inference for trillion-parameter models."
2024-03-18 16:13:21,Nvidia and Johnson & Johnson to develop new AI applications for surgery,CNBC,0.943176,0.429154,0.441777,https://www.cnbc.com/2024/03/18/nvidia-and-johnson-johnson-to-build-ai-applications-for-surgery-.html,"Johnson & Johnson MedTech is collaborating with Nvidia to develop and scale new artificial intelligence applications for surgery. This partnership aims to integrate AI from pre-op to post-op, helping surgeons by analyzing surgical video, automating documentation, and providing decision support. The technology is expected to improve surgeon training, efficiency, and ultimately, patient outcomes, with initial applications focusing on non-diagnostic tasks like paperwork automation."
2024-03-18 16:13:21,Johnson & Johnson MedTech Works With NVIDIA to Broaden AI’s Reach in Surgery,NVIDIA Blog,0.937061,0.407515,0.424016,https://blogs.nvidia.com/blog/johnson-and-johnson-medtech-ai-surgery/,"Johnson & Johnson MedTech is collaborating with NVIDIA to integrate advanced AI capabilities into its digital ecosystem for surgery. This partnership aims to enhance operating room efficiency and clinical decision-making by leveraging NVIDIA's IGX edge computing platform and Holoscan edge AI platform. The initiative seeks to promote open innovation and provide medical professionals with real-time insights before, during, and after surgical procedures."
2024-03-18 16:13:21,Johnson & Johnson MedTech partners with Nvidia on AI in surgery,MassDevice,0.925242,0.333999,0.394754,https://www.massdevice.com/johnson-johnson-medtech-nvidia-ai-surgery/,"Johnson & Johnson MedTech and Nvidia are partnering to accelerate AI in surgery, aiming to enhance real-time analysis, surgical decision-making, education, and collaboration in the operating room. This collaboration will leverage Nvidia's AI platform for healthcare and J&J MedTech's surgical technologies, focusing on advanced edge computing to process data locally and securely. The goal is to deploy AI-powered solutions more rapidly and scalably within J&J MedTech's digital surgery ecosystem to advance patient care."
2024-03-18 00:00:00,TSMC and Synopsys Bring Breakthrough NVIDIA Computational Lithography Platform to Production,NVIDIA Newsroom,1.0,0.407982,0.368989,https://nvidianews.nvidia.com/news/tsmc-synopsys-nvidia-culitho,"NVIDIA announced that TSMC and Synopsys are using NVIDIA's cuLitho computational lithography platform in production to accelerate semiconductor manufacturing and enable new generative AI algorithms. This collaboration significantly speeds up compute-intensive lithography workloads, reducing production time and costs while pushing the boundaries for advanced chip scaling, including support for NVIDIA's Blackwell architecture. The integration of cuLitho and new generative AI algorithms enhances efficiency and precision in chip fabrication, addressing bottlenecks in the development of next-generation technologies."
2024-03-18 00:00:00,NVIDIA Announces Project GR00T Foundation Model for Humanoid Robots and Major Isaac Robotics Platform Update,NVIDIA Newsroom,1.0,0.487729,0.348699,https://nvidianews.nvidia.com/news/foundation-model-isaac-robotics-platform,"NVIDIA has announced Project GR00T, a general-purpose foundation model for humanoid robots, along with significant updates to its Isaac robotics platform. This initiative includes a new Jetson Thor computer designed for humanoid robots and enhancements to the Isaac platform with generative AI foundation models and simulation tools. Robots powered by GR00T will be capable of understanding natural language and learning skills by observing human actions, marking a major step towards artificial general robotics."
2024-03-18 00:00:00,SAP and NVIDIA to Accelerate Generative AI Adoption Across Enterprise Applications Powering Global Industries,SAP News Center,0.988628,0.435289,0.435013,https://news.sap.com/2024/03/sap-and-nvidia-to-accelerate-generative-ai-adoption/,"SAP and NVIDIA announced a partnership to accelerate the adoption of generative AI across SAP’s cloud solutions and applications. The collaboration focuses on building SAP Business AI, including scalable, business-specific generative AI capabilities within SAP's Joule copilot and across its cloud portfolio, leveraging NVIDIA's generative AI foundry services and new NIM microservices. This initiative aims to help customers harness their business data to deploy customized large language models and enhance various enterprise processes."
2024-05-30 14:00:10,Eddie Bauer Smart Eyewear collection includes voice access to ChatGPT,Retail Dive,0.0,0.0,-0.053398,https://www.retaildive.com/news/eddie-bauer-smart-eyewear-collection-includes-voice-access-to-chatgpt/717482/,"Innovative Eyewear has launched an Eddie Bauer Smart Eyewear collection, which features voice access to ChatGPT and Bluetooth microphones and speakers. The collection introduces the first-ever rimless smart eyewear design and will be available in department stores, sports retailers, and optical shops. This initiative follows similar smart eyewear collaborations by Authentic Brands Group with its Nautica and Reebok brands, highlighting a trend of merging fashion with wearable technology."
2024-05-29 00:00:00,AWS and SAP Unlock New Innovation with Generative AI,SAP News Center,0.0,0.0,0.3349,https://news.sap.com/2024/05/aws-sap-generative-ai-new-innovation/,"AWS and SAP have announced an expanded strategic collaboration to enhance cloud ERP experiences and integrate generative AI into enterprise applications. This partnership will make it easier for customers to adopt RISE with SAP on AWS, improve SAP workload performance, and leverage generative AI models from Amazon Bedrock within SAP AI Core. Additionally, SAP plans to use AWS chips like Graviton, Trainium, and Inferentia for future SAP Business AI offerings and has boosted performance for RISE with SAP on AWS."
2024-05-22 14:04:40,Nvidia shares jump 4% as the AI boom fuels another blockbuster quarter and better-than-expected forecast,Fortune,1.0,0.480153,0.348508,https://fortune.com/2024/05/22/nvidia-shares-jump-4-as-the-ai-boom-fuels-a-another-blockbuster-quarter-and-better-than-expected-forecast/,"Nvidia reported another strong quarter, exceeding revenue and earnings expectations, driven by the ongoing AI boom. The company forecasted second-quarter revenue of $28 billion, surpassing analyst predictions, and announced a 10-for-1 stock split and a 150% dividend increase. CEO Jensen Huang highlighted the diversification of AI adoption beyond hyperscalers into various industries and sovereign AI initiatives."
2024-05-15 15:11:00,Google Glass Making A Comeback? New Prototype AR Glasses Make A Cameo Appearance At I/O 2024,Sahm,0.0,0.0,0.246508,https://www.sahmcapital.com/news/content/google-glass-making-a-comeback-new-prototype-ar-glasses-make-a-cameo-appearance-at-io-2024-2024-05-15,"Google revealed a prototype of new augmented reality (AR) glasses at its I/O 2024 conference, sparking speculation about a revival of the Google Glass project. The new prototype was shown in a demo video for Project Astra, worn by an employee, and suggests Google is actively pursuing its AR ambitions amidst a growing AR market. This comes after Apple's Vision Pro launch and the success of Meta's smart glasses."
2024-05-15 00:00:00,"After Earnings, Is Arista Stock a Buy, a Sell, or Fairly Valued?",Morningstar,0.0,0.0,0.087168,https://www.morningstar.com/stocks/after-earnings-is-arista-stock-buy-sell-or-fairly-valued-2,"Morningstar significantly raised its fair value estimate for Arista Networks (ANET) to $270 per share, up from $195, driven by strong long-term growth expectations from generative AI and the company's position as a leading provider of high-speed Ethernet networking equipment. While shares were up, Morningstar still views them as slightly overvalued, assigning a 3-star rating, which implies fair valuation compared to their long-term estimate. The company's economic moat is deemed wide due to intangible assets and customer switching costs, with strong financial health and significant growth projected in data centers and campus portfolios, though high customer concentration presents a risk."
2024-04-30 14:26:53,Amazon’s stock inches up as cost-cutting measures and AI investment boost AWS profits,SiliconANGLE,0.0,0.0,0.284063,https://siliconangle.com/2024/04/30/amazons-stock-rises-cost-cutting-measures-ai-investment-boost-aws-profits/,"Amazon's stock increased after reporting better-than-expected first-quarter earnings, driven by strong performance in its cloud computing unit, Amazon Web Services (AWS), and its advertising business. The company's profitability soared due to extensive cost-cutting measures and significant investments in AI, particularly in AWS, which has now become a $100 billion annual business. Despite these successes, Amazon remains the only trillion-dollar market cap internet company not to issue a dividend."
2024-04-30 00:00:00,"After Earnings, Is Meta Stock a Buy, a Sell, or Fairly Valued?",Morningstar,0.0,0.0,0.089596,https://www.morningstar.com/stocks/after-earnings-is-meta-stock-buy-sell-or-fairly-valued-4,"Morningstar assessed Meta Platforms' stock following its Q1 earnings report, maintaining a ""Wide"" economic moat rating but deeming the stock overvalued with a 2-star rating and a $400 fair value estimate. The article highlights Meta's strong core advertising business, driven by AI investments, but also points out the high uncertainty due to speculative AI initiatives and competition. Investors are advised to be comfortable with Meta's aggressive investment in new technologies, as regulatory risks and dependence on online advertising remain significant concerns."
2024-04-30 00:00:00,Alphabet's First Dividend: What You Need to Know,Morningstar Canada,0.553814,-0.110672,0.181619,https://global.morningstar.com/en-gb/stocks/alphabet-s-first-dividend-what-you-need-to-know,"Alphabet has announced its first-ever quarterly dividend of $0.20 per share, payable on June 17 to shareholders of record as of June 10. While the initial dividend yield will be modest at approximately 0.5%, the company also authorized $70 billion in share repurchases. This move makes Alphabet one of the eight largest US companies by market capitalization to pay a quarterly dividend, alongside a significant share repurchase program."
2024-04-25 16:06:00,"Alphabet issues first-ever dividend, $70 billion buyback",CNBC,0.0,0.0,0.293784,https://www.cnbc.com/2024/04/25/alphabet-issues-first-ever-dividend-70-billion-buyback.html,"Alphabet announced its first-ever dividend of 20 cents per share and a new $70 billion share repurchase program. This news, released alongside better-than-expected first-quarter earnings, drove the Google parent's shares up 15%. Alphabet's move follows Meta's initiation of a dividend, indicating a trend of increased maturity signals from large-cap tech companies."
2024-04-25 05:10:11,Why Is GraniteShares 2x Long META Daily ETF (FBL) Stock Down 31% Today?,InvestorPlace,0.0,0.0,-0.393939,https://investorplace.com/2024/04/why-is-graniteshares-2x-long-meta-daily-etf-fbl-stock-down-31-today/,"The GraniteShares 2x Long META Daily ETF (FBL) stock is down 31% today following Meta Platforms' (META) Q1 earnings report. Despite strong Q1 results, Meta's Q2 revenue outlook of $36.5 billion to $39 billion disappointed investors, as the midpoint fell below Wall Street estimates. FBL is designed to track 2x the daily percentage change of META stock, directly reflecting the downward movement caused by the earnings report."
2024-04-25 03:44:41,Today’s Biggest Pre-Market Stock Movers: 10 Top Gainers and Losers on Thursday,TradingView,0.0,0.0,0.066302,https://www.tradingview.com/news/investorplace:7794b7a36094b:0-today-s-biggest-pre-market-stock-movers-10-top-gainers-and-losers-on-thursday/,"This article identifies the top 10 pre-market stock gainers and losers for Thursday, April 25, 2024. Gainers like Intelligent Living (ILAG) and ReAlpha Tech (AIRE) are highlighted due to heavy trading, AI launches, and clinical trial data, while losers such as GraniteShares 2x Long META Daily ETF (FBL) and Meta Platforms (META) are noted due to earnings reports and delisting warnings. The movements are attributed to various news events including earnings, clinical trials, and corporate announcements."
2024-04-24 15:11:58,Meta earnings: Stock decline could wipe out about $200 billion in market cap,MarketWatch,0.0,0.0,-0.335822,https://www.marketwatch.com/livecoverage/meta-earnings-facebook-q1-stock-results-expectations?gaa_at=eafs&gaa_n=AWEtsqcxuSiJrGGhwvj6jnNBnqr6jhzhw6eUTld0B5lXUETH2_Idl6z34ZcI&gaa_ts=6999cebf&gaa_sig=htFnDaeyKifDoRfxGl-rwtjd4i_RVKQeu3YsIy3o2ijLfJcVaj4mSAy8qosNvqm2yyWyJ3W9wSj4Xsyp7valXQ%3D%3D,"Meta Platforms reported first-quarter earnings that, despite beating expectations, led to a significant stock decline due to a conservative revenue outlook and increased capital expenditure forecasts for AI infrastructure. The after-hours drop could result in a market cap loss of approximately $200 billion, marking one of the steepest single-day declines in U.S. company history. Analysts noted Meta's strong underlying fundamentals and revenue growth, but investors were concerned by the higher spending and the impact on profitability."
2024-04-22 11:37:22,"Microsoft CEO to meet with Samsung, SK Hynix, LG, SK Telecom chiefs",KED Global,0.639354,0.319729,0.326997,https://www.kedglobal.com/tech%2C-media-telecom/newsView/ked202404220005,"Microsoft CEO Satya Nadella and founder Bill Gates will meet with leaders of Samsung, SK Hynix, LG, and SK Telecom at the MS CEO Summit 2024 in May to discuss strengthening AI partnerships. The meetings aim to explore joint development of AI chips, cooperation in AI technology for consumer electronics, and business tie-ups in 5G telecommunications and cloud sectors. This gathering signifies an increasing trend of Big Tech firms seeking AI business collaborations to gain a competitive edge."
2024-04-19 20:09:37,Here's What's Happening in Markets: April 19,ETF.com,0.0,0.0,-0.062252,https://www.etf.com/sections/news/heres-whats-happening-markets-april-19,"Markets are showing uncertainty as investors react to a weaker-than-expected Q2 forecast from Netflix, causing tech stocks to dip. Meanwhile, cryptocurrency ETFs are gaining momentum as the highly anticipated Bitcoin halving approaches, with many watching to see if this event will trigger a familiar rally in Bitcoin prices given the current market dynamics."
2024-04-15 06:25:16,Terry Smith – Top 10 Holdings – Latest 13F,The Acquirer's Multiple,0.0,0.0,0.444516,https://acquirersmultiple.com/2024/04/terry-smith-top-10-holdings-latest-13f-7/,"This article analyzes Terry Smith's top 10 holdings based on his latest 13F-HR filing as of December 31, 2023. His portfolio has a market value of over $23.8 billion, with 65.29% concentrated in his top ten positions. Microsoft, Meta Platforms, and Stryker Corp are among his largest holdings."
2024-04-04 20:09:48,Should You Invest in the Invesco AI and Next Gen Software ETF (IGPT)?,TradingView,0.749584,0.342457,0.363482,https://www.tradingview.com/news/zacks:4b96338fc094b:0-should-you-invest-in-the-invesco-ai-and-next-gen-software-etf-igpt/,"The Invesco AI and Next Gen Software ETF (IGPT) offers broad exposure to the Technology - Software segment, particularly in AI and next-gen software development. Launched in 2005, it is passively managed with an expense ratio of 0.60% and currently holds a Zacks ETF Rank of 1 (Strong Buy). Its top holdings include Meta Platforms, Nvidia, and Advanced Micro Devices, and it has shown strong year-to-date performance."
2024-03-26 16:26:23,POET Enters Optical Module Market with 800G Transceiver for Artificial Intelligence Networks,Stock Titan,0.626285,0.310937,0.327731,https://www.stocktitan.net/news/POET/poet-enters-optical-module-market-with-800g-transceiver-for-ru5uftn6lcbv.html,"POET Technologies Inc. announced its entry into the optical module market with the Wavelight™, an 800G pluggable transceiver designed for artificial intelligence and cloud data centers. This marks a significant commercial milestone for the company, showcasing its POET Optical Interposer™ technology. The Wavelight modules will be debuted at OFC 2024, with customer sampling beginning in Q3 2024, targeting a rapidly growing market for high-speed transceivers."
2024-03-18 16:40:12,Why Is Verb Technology (VERB) Stock Up Again Today?,TradingView,0.642049,0.113063,0.260241,https://www.tradingview.com/news/investorplace:d67c1b7fb094b:0-why-is-verb-technology-verb-stock-up-again-today/,"Verb Technology (VERB) stock is surging after announcing the addition of 100 new brands to its MARKET.live livestream social shopping platform. This expansion, coupled with a recent integration deal with Meta Platforms for native shopping on Facebook and Instagram, has driven significant investor excitement. The company's shares are up 41% today and have seen a 264.8% increase year-to-date, with heavy trading volume."
2024-03-12 00:51:29,"MNY Stock Price, Forecast & Analysis | MONEYHERO LTD-A (NASDAQ:MNY)",ChartMill,0.0,0.0,0.052074,https://www.chartmill.com/stock/quote/MNY/profile,"This article provides an analysis of MONEYHERO LTD-A (NASDAQ:MNY), detailing its stock price, forecast, and key statistics. It highlights significant price increases over the past month and year, alongside technical ratings, fundamental analysis concerns regarding profitability, and analyst expectations for its future performance. The company operates online financial comparison platforms across Asia."
2024-03-11 16:28:16,Happy 25th QQQ,ETF Trends,0.834579,0.26029,0.260373,https://www.etftrends.com/etf-education-channel/happy-25th-qqq/,"The Invesco Nasdaq 100 ETF (QQQ) celebrated its 25th anniversary, showcasing its significant growth and position as the fifth-largest ETF. The article discusses QQQ's composition, performance history, and highlights alternatives like QQQM for lower costs and QQQE for an equal-weighted approach, emphasizing QQQ's role in innovative company investments."
2024-05-29 11:27:00,"If You Can Only Buy One Metaverse Stock in May, It Better Be One of These 3 Names",InvestorPlace,0.0,0.0,0.263494,https://investorplace.com/2024/05/if-you-can-only-buy-one-metaverse-stock-in-may-it-better-be-one-of-these-3-names/,"Despite initial hype and subsequent correction, the metaverse sector is projected to be valued at up to $13 trillion by 2030, presenting long-term investment opportunities. Three top metaverse stocks to consider are Meta Platforms (META) for its extensive reach and AI investments, Roundhill Ball Metaverse ETF (METV) for diversified exposure to 38 holdings, and Unity Software (U) which is favored by Cathie Wood for its digital twin platform and positive cash flow. These selections offer potential for significant returns for patient investors as the metaverse matures."
2024-05-22 14:57:00,Autodesk (ADSK) Acquires Wonder Dynamics for 3D Animation & VFX,Yahoo Finance,0.0,0.0,0.197284,https://finance.yahoo.com/news/autodesk-adsk-acquires-wonder-dynamics-145700223.html,"Autodesk (ADSK) has acquired Wonder Dynamics, creators of the AI-powered 3D animation solution Wonder Studio, to enhance its offerings in 3D animation and VFX. This acquisition will enable easier integration of 3D animated characters into projects and aligns with Autodesk's strategy to incorporate AI ethically. The move pits Autodesk against major players like Microsoft, Adobe, and Meta Platforms in the rapidly growing generative AI market."
2024-05-15 14:17:29,Navigating the Cookieless Era Part 5: What is Cohort Marketing? Google Privacy Sandbox and Seller-Defined Audiences,Outbrain,0.0,0.0,0.025563,https://www.outbrain.com/blog/navigating-the-cookieless-era-what-is-cohort-marketing-google-privacy-sandbox-and-seller-defined-audiences/,"This article, part of the ""Navigating the Cookieless Era"" series, explains cohort marketing as an alternative to traditional user tracking. It delves into key cohort-based solutions: Google Privacy Sandbox, specifically the Topics API and Protected Audience API, and Seller-Defined Audiences (SDA). The article outlines how these technologies aim to balance user privacy with effective targeting in a cookieless digital advertising landscape."
2024-05-09 00:00:00,Tech Stock Dividends Are Changing the Face of Dividend Growth Investing,Morningstar,0.0,0.0,0.299553,https://www.morningstar.com/stocks/tech-stock-dividends-are-changing-face-dividend-growth-investing,"The article discusses how major tech companies like Alphabet, Meta, and Salesforce are starting to pay dividends, shifting the landscape of dividend growth investing. This trend is increasing the representation of tech stocks in dividend growth strategies, potentially improving market correlation but also lowering overall portfolio diversification. While tech dividends are generally low-yielding, their potential for future growth alongside earnings is attractive to investors focused on long-term dividend appreciation."
2024-05-08 00:00:00,Can Crowding Scores Quantify US Stocks’ Fragility?,MSCI,0.645885,0.104059,0.056373,https://www.msci.com/research-and-insights/blog-post/can-crowding-scores-quantify-us-stocks-fragility,"The U.S. equity market has reached an unprecedented level of concentration, largely driven by mega-cap tech stocks, sparking concerns about market fragility and crowding risk. While crowded stocks globally have historically underperformed uncrowded ones, the U.S. market has recently bucked this trend, with crowded stocks outperforming since mid-2022. The MSCI Security Crowding Model offers insights into identifying areas of the market most susceptible to price correction if sentiment deteriorates."
2024-05-06 05:00:00,Pinterest Users Should Be Marketers’ Secret Weapon,Morning Consult Pro,0.0,0.0,0.310549,https://pro.morningconsult.com/analysis/pinterest-users-influencers-effective-marketing-channel-2024,"Frequent Pinterest users exhibit psychographic and behavioral traits similar to social media influencers, making them a powerful but often overlooked marketing target. These users are typically younger, wealthier, urban, and influential within their real-life communities by actively seeking and sharing new trends and products. As other platforms face scrutiny, Pinterest offers marketers a valuable channel to reach taste-making consumers who are willing to spend on quality and experiences."
2024-04-26 12:31:00,"Sundar Pichai confirms Alphabet Inc. is going to issue first-ever dividend, $70 billion buyback - Hindustan Times",Hindustan Times,0.0,0.0,0.428516,https://www.hindustantimes.com/world-news/us-news/sundar-pichai-confirms-alphabet-inc-is-going-to-issue-first-ever-dividend-70-billion-buyback-101714111687345.html,"Alphabet Inc., Google's parent company, announced its first-ever cash dividend of 20 cents per share and a new $70 billion stock repurchase program following strong Q1 2024 earnings. CEO Sundar Pichai highlighted robust performance from Search, YouTube, and Cloud, attributing success to the ""Gemini era"" and AI leadership. This move, similar to Meta's recent dividend, signals tech industry maturity and has been positively received by investors."
2024-04-25 16:27:18,杰富瑞：下调Meta目标价至540美元,新浪网,0.0,0.0,-0.249086,https://finance.sina.cn/hkstock/sckxjfx/2024-04-25/detail-inaszpiw6816091.d.html?oid=8c2%E4%B8%8A%E6%B5%B7%E6%B5%A6%E4%B8%9C%E5%8C%BA%E5%A4%96%E5%9B%B4%EF%BC%88%E5%A4%96%E5%9B%B4%E5%A5%B3%E4%B8%8A%E9%97%A8%E6%9C%8D%E5%8A%A1%EF%BC%89%7B%E7%94%B5%E8%AF%9D%E5%BE%AE%E4%BF%A1198-5565-0230%7D%E6%8F%90%E4%BE%9B%E9%A1%B6%E7%BA%A7%E5%A4%96%E5%9B%B4%E5%A5%B3%E4%B8%8A%E9%97%A8%E3%80%81%E4%BC%B4%E6%B8%B8%EF%BC%8C%E7%A9%BA%E5%A7%90%EF%BC%8C%E7%BD%91%E7%BA%A2%EF%BC%8C%E6%98%8E%E6%98%9F%EF%BC%8C%E8%BD%A6%E6%A8%A1%E7%AD%89%E4%BC%98%E8%B4%A8%E8%B5%84%E6%BA%90%EF%BC%8C%E5%8F%AF%E6%BB%A1%E8%B6%B3%E6%82%A8%E7%9A%84%E4%B8%80%E5%88%87%E8%A6%81%E6%B1%82&vt=4,"Jefferies has reduced its price target for Meta Platforms from $585 to $540. This adjustment was announced on April 25, 2024."
2024-04-24 16:05:00,Meta Reports First Quarter 2024 Results,PR Newswire,0.0,0.0,0.708174,https://www.prnewswire.com/news-releases/meta-reports-first-quarter-2024-results-302126633.html,"Meta Platforms, Inc. reported strong financial results for Q1 2024, with revenue increasing by 27% year-over-year to $36.46 billion and net income more than doubling to $12.37 billion. The company attributes this success to healthy growth across its apps and progress in building the metaverse, alongside significant investments in AI. Meta also updated its full-year 2024 expense and capital expenditure outlooks, anticipating increased investments in infrastructure to support its AI roadmap."
2024-04-22 00:00:00,"The pressure’s on for big tech firms, says BofA",InvestmentNews,0.0,0.0,0.143753,https://www.investmentnews.com/equities/the-pressures-on-for-big-tech-firms-says-bofa/252541,"Bank of America strategists indicate high pressure on big tech firms, particularly the Magnificent Seven, to deliver on AI promises as their earnings growth is set to decelerate. While the group is still expected to post significant growth, the contribution of AI to profits and AI capital expenditure outlook will be key focuses for investors. This comes amidst a recent market downturn for tech stocks, with predictions of a rotation to value-oriented stocks later in the year."
2024-04-10 21:05:00,Adobe Is Buying Videos for $3 Per Minute to Build AI Model,Bloomberg.com,0.0,0.0,0.142339,https://www.bloomberg.com/news/articles/2024-04-10/adobe-is-buying-video-clips-for-3-per-minute-to-build-ai-model,"Adobe (ADBE) is actively procuring videos to develop its artificial intelligence text-to-video generator, aiming to compete with technologies like OpenAI's Sora. The company is offering artists $120 to submit videos depicting everyday actions and emotions for AI training purposes. This initiative highlights Adobe's strategy to enhance its AI capabilities in the face of competitive pressure."
2024-04-09 00:00:00,Apple Signs Deal For AI Training Data from Image Service Shutterstock,Inc.com,0.0,0.0,0.101706,https://www.inc.com/kit-eaton/apple-signs-deal-for-ai-training-data-from-image-service-shutterstock.html,"Apple has signed a deal worth between $25 million and $50 million with Shutterstock to access its vast archive of images, video, and music for training AI systems. This move indicates Apple's strategic intent to develop its own AI models, rather than relying solely on existing solutions. The deal highlights Apple's characteristic approach to adhere to rules and protect user privacy, contrasting with some competitors' controversial methods of data acquisition."
2024-04-08 05:33:00,"VOX: How Meta, Alphabet, And The Streaming Industry Could Outshine The Market",Seeking Alpha,0.0,0.0,0.43153,https://seekingalpha.com/article/4682634-vox-how-meta-alphabet-and-the-streaming-industry-could-outshine-the-market,"The article suggests that the Vanguard Communication Services ETF (VOX) warrants a buy rating due to the strong potential of its top holdings, Meta Platforms and Alphabet, to outperform the market. This outperformance is expected to be driven by technological advancements from these companies and anticipated growth in streaming services. Despite historical underperformance of the communication services sector, these factors are likely to reverse the trend, making VOX an attractive investment due to its diversification, low expense ratio, and favorable price-to-earnings ratio compared to peers."
2024-04-05 00:00:00,The top performing funds that beat the S&P 500 in Q1,Fund Selector Asia,0.0,0.0,0.307199,https://fundselectorasia.com/the-top-performing-funds-that-beat-the-sp-500-in-q1/,"This article highlights the top-performing US equity funds in Q1 2024 that outperformed the S&P 500 index. Funds from GQG, Artemis, and Alger are featured, with GQG Partners U.S. Equity leading the pack. The piece details the investment strategies of these funds and specific holdings that contributed to their success."
2024-04-02 14:28:54,Meta Joins Hand With Mukesh Ambani’s Reliance To Set Up Firm’s First Data Center In India,Mashable India,0.0,0.0,0.182862,https://in.mashable.com/tech/72449/meta-joins-hand-with-mukesh-ambanis-reliance-to-set-up-firms-first-data-center-in-india,"Meta Platforms is partnering with Mukesh Ambani's Reliance Industries Limited to establish its first data center in India, which will be hosted on RIL’s Chennai campus. This move aims to localize data processing for Meta's platforms, including Facebook, Instagram, and Whatsapp, which have a vast user base in India, currently having their data managed from Singapore. The collaboration strengthens the existing relationship between the two companies, as Meta previously invested in Reliance's Jio Platforms."
2024-04-02 00:00:00,Top 15 Wealth-Creating Stocks of the Past Decade,Morningstar,0.0,0.0,0.023961,https://www.morningstar.com/stocks/top-15-wealth-creating-stocks-past-decade,"This article identifies the top 15 wealth-creating stocks of the past decade based on market capitalization changes, dividends, and share repurchases. It highlights the dominance of technology stocks, the ""Magnificent Seven,"" and the importance of economic moats and growth in generating shareholder value."
2024-03-27 00:00:00,Class Action Suit by Advertisers Against Meta for Misrepresentation Can Proceed,Law Commentary,0.0,0.0,-0.329469,https://www.lawcommentary.com/articles/class-action-suit-by-advertisers-against-meta-for-misrepresentation-can-proceed,"A class action lawsuit against Meta Platforms, Inc. by advertisers alleging misrepresentation of ad ""Potential Reach"" has been allowed to proceed. The suit claims Meta inflated ad reach metrics by counting accounts instead of unique individuals, leading advertisers to overspend. While the appellate court affirmed the certification of the ""damages class,"" it vacated the ""injunction class"" certification, remanding it for further proceedings."
2024-03-22 15:40:14,Under Pressure: Antitrust and Competition Authorities are Now Focusing on Apple,Tech Policy Press,0.0,0.0,-0.165214,https://techpolicy.press/under-pressure-antitrust-and-competition-authorities-are-now-focusing-on-apple,"Antitrust and competition authorities in both the EU and the US are increasingly scrutinizing Apple's market practices, a significant shift for a company that previously avoided intense regulatory attention. Recent actions include a substantial fine from the European Commission related to App Store policies and a lawsuit from the US Department of Justice alleging anticompetitive practices designed to maintain iPhone user lock-in. These developments suggest a global movement towards stricter regulation of big tech, challenging Apple's long-held justifications of privacy and security for its closed ecosystem."
2024-03-22 01:05:00,"Meta Platforms must face advertisers' class action, US appeals court says",Reuters,0.0,0.0,-0.354859,https://www.reuters.com/legal/meta-platforms-must-face-advertisers-class-action-us-appeals-court-says-2024-03-21/,"A U.S. appeals court ruled that Meta Platforms must face a class action lawsuit from advertisers who claim the company overcharged them by inflating the ""potential reach"" metric for ads on Facebook and Instagram. Advertisers allege that this metric measured social media accounts rather than actual people, leading to an overestimation of potential viewers by up to 400%. The court also decertified a separate class seeking injunctive relief but allowed the damages class action to proceed, which could potentially result in over $7 billion in damages."
2024-03-19 03:20:00,Why Is Jim Simons Betting Big on Meta?,CMC Markets,0.630033,0.34632,0.306608,https://www.cmcmarkets.com/en-au/opto-partners/why-is-jim-simons-betting-big-on-meta,"Jim Simons' Renaissance Technologies significantly increased its Meta [META] holdings in Q4 2023, purchasing over 2 million shares, making it a major investor in the company. This move reflects a broader bullish stance on the tech sector, with the firm also increasing stakes in Uber and Nvidia, while Meta pivots its focus towards AI and returns capital to shareholders. The article notes Meta's strong stock performance, driven by AI hype, and suggests ETFs for investors seeking exposure to Meta within the AI theme."
2024-03-12 16:35:05,The Apple Effect: Magic Leap Founder’s Previous Company Launches App on Vision Pro,Road to VR,0.0,0.0,0.150216,https://www.roadtovr.com/apple-effect-magic-leap-mako-vision-pro-app/,"Stryker's Mako, a robotic surgery group initially founded by Magic Leap's founder Rony Abovitz, has launched its myMako app on Apple Vision Pro. This move highlights ""The Apple Effect"" where Apple's market influence draws companies into specific product categories. The article compares Vision Pro's appeal to Magic Leap's earlier struggles and notes how Apple's stability and ecosystem are encouraging XR-adjacent companies to adopt its platform."
2024-03-06 16:19:15,Why Mega-Cap Tech Stocks’ Dominance Is a Risk,Morgan Stanley,0.0,0.0,-0.231717,https://www.morganstanley.com/ideas/magnificent-7-stocks-portfolio-risk,"The ""Magnificent 7"" tech stocks now comprise a significant 30% of the S&P 500 Index’s market capitalization, creating concentration risks for investors. This historical top-heaviness makes portfolios vulnerable to significant drops if these stocks, highly correlated and sensitive to interest rates, decline. The article suggests strategies like investing in U.S. bonds, non-U.S. equities, equal-weighted S&P 500 strategies, and alternative assets to mitigate this risk."
2024-05-01 00:00:00,Alphabet's First Dividend: What You Need to Know,Morningstar Canada,0.598593,-0.13001,0.196829,https://global.morningstar.com/en-ca/stocks/alphabet-s-first-dividend-what-you-need-to-know,"Alphabet announced its first-ever quarterly dividend of US$0.20 per share, following a similar move by Meta Platforms. This initial dividend will result in a modest yield of approximately 0.5% for Alphabet shares, significantly less than its historical buyback yield. While the new dividend rate represents only 12% of morningstar equity analyst's earnings per share forecast, leaving substantial room for future increases, share repurchases are expected to outweigh dividends in the near term."
2024-03-26 00:00:00,Top Performing Leveraged/Inverse ETFs: 03/24/2024,ETF Database,0.850501,0.371896,0.277993,https://etfdb.com/leveraged-inverse-channel/top-performing-leveraged-2024-03-24/,"This article highlights the top-performing leveraged and inverse ETFs for the week ending March 24, 2024, showcasing funds that gained significantly due to market movements in sectors like cannabis, housing, technology, and financials. It details the performance of the top 10 ETFs, providing context for their gains influenced by specific company news, economic indicators, and sector trends. Investors are cautioned about the inherent volatility of such leveraged products."
2024-03-11 13:09:00,Alphabet is the bargain stock among the ‘Magnificent Seven’,MarketWatch,0.0,0.0,0.258175,https://www.marketwatch.com/story/alphabet-is-the-bargain-stock-among-the-magnificent-seven-b10688ff?gaa_at=eafs&gaa_n=AWEtsqeUJDhkhXQjoAOmXEulgVQeVlmYCy2GQUFI1swUHfbRhHRQ_R4khWjP&gaa_ts=69075a43&gaa_sig=DZzOjvgN2pEElLHJO8pVjGbEjh84atBzzoDZTQThcenuZAcbIMpChLUr2b3d9o1gKvK0PmHktLQvrbTc5fapYw%3D%3D,"Alphabet, Google's holding company, is highlighted as a compelling investment opportunity among the ""Magnificent Seven"" tech stocks due to its valuation. Its stock trades at a lower price/earnings valuation than the S&P 500, positioning it as a bargain compared to its peers and the broader market. This situation is likened to the opportunity presented by Meta's stock after its 2022 decline."
2024-06-02 13:07:12,Facebook India Battles a Sea of Spam: Over 6.8 Million Content Removed In Just One Month,Dazeinfo,0.0,0.0,0.129148,https://dazeinfo.com/2024/06/02/facebook-india-battles-a-sea-of-spam-over-6-8-million-content-removed-in-just-one-month/,"Meta's platforms, Facebook and Instagram, removed over 11.7 million pieces of harmful content in India during April 2024, with spam accounting for the largest portion at 6.8 million removals from Facebook. The company's monthly report outlines its content moderation efforts, highlighting its ""Content Actioned"" and ""Proactive Rate"" metrics, as well as user grievance reports regarding issues like fake profiles and abusive content. Given India's status as a major market, Meta continues to prioritize combating harmful content to ensure safer user experiences."
2024-05-22 14:18:55,"New IBM Watsonx GenAI focuses on enterprises, governance",TechTarget,0.0,0.0,0.138884,https://www.techtarget.com/searchenterpriseai/news/366585946/New-IBM-Watsonx-GenAI-tech-focuses-on-enterprises-governance,"IBM is focusing its generative AI strategy on enterprise applications, offering smaller, customizable, open-source large language models and AI assistants through its Watsonx platform. The company emphasizes governance and aims to help businesses modernize code and automate operations. IBM is also collaborating with partners like Casper Labs to integrate blockchain-based AI governance solutions."
2024-05-13 14:16:59,Alternatives to LinkedIn Ads: Best Advertising Platforms,Taboola.com,0.0,0.0,0.291695,https://www.taboola.com/marketing-hub/linkedin-ads-alternative/,"This article explores alternatives to LinkedIn Ads for marketers, highlighting its pros (precise B2B targeting) and cons (high cost, lower engagement time). It details five alternative platforms: Google Ads, Microsoft Advertising, X (Twitter), Quora, and Taboola. The piece emphasizes diversifying advertising strategies across various platforms to maximize ROI and reach different audience segments."
2024-05-10 14:15:28,The Digital Markets Act Roundup: March 2024,Tech Policy Press,0.0,0.0,-0.055748,https://techpolicy.press/digital-markets-act-roundup-april-2024,"The Digital Markets Act (DMA) enforcement has continued actively, particularly with non-compliance investigations against major companies like Alphabet, Apple, and Meta. Key developments include discussions on competition law, AI integration in core platform services, and the role of national authorities in DMA enforcement. Additionally, Apple faced a significant fine for anticompetitive app store rules, small browsers have seen market share growth due to DMA-mandated choice screens, and Apple's iPadOS was designated as a gatekeeper under the DMA."
2024-04-02 00:00:00,Esports Investing: Opportunities & Strategies,MarketBeat,0.0,0.0,0.576659,https://www.marketbeat.com/learn/esports-investing-opportunities-and-strategies/,"Esports is a rapidly growing industry with significant investment opportunities despite its relative newness. Investors can gain exposure through companies involved in game development, streaming platforms, hardware/software manufacturing, or through dedicated esports ETFs. While growth prospects are strong, investors should be prepared for volatility and perform thorough due diligence."
2025-01-22 12:19:00,"Oracle surges, chip stocks rise as Trump unveils $500 bln AI plan",Reuters,0.828783,0.306145,0.30609,https://www.reuters.com/technology/oracle-shares-rise-9-after-trump-unveils-500-bln-ai-plan-2025-01-22/,"Oracle's shares jumped nearly 9% after former President Donald Trump announced a $500 billion AI infrastructure investment plan, ""Stargate,"" involving Oracle, OpenAI, and SoftBank to keep the U.S. competitive in the global AI race. Other technology partners and AI-related companies, including Nvidia, Microsoft, Arm, Vistra, Dell Technologies, Super Micro Computer, and Palantir Technologies, also saw their stock prices increase following the news. The plan includes an immediate $100 billion investment, with the remaining over the next four years, and construction of data centers already underway in Texas."
2025-01-22 06:18:42,Google Cloud Solution Provider SADA Confirms Layoffs,CRN,0.0,0.0,-0.183571,https://www.crn.com/news/ai/2025/google-cloud-solution-provider-sada-confirms-layoffs,"SADA, a Google Cloud solution provider, confirmed layoffs across various North American departments as part of resource alignment with strategic priorities. The company declined to disclose the percentage of employees affected but stated it has between 500 and 1,000 employees. SADA also mentioned providing support to employees impacted by Southern California wildfires, in addition to those affected by the layoffs."
2025-01-22 06:07:24,People are buying the wrong stock thinking it's part of OpenAI's Stargate Project,Quartz,0.623003,0.329306,0.204987,https://qz.com/stargate-mgx-stock-openai-softbank-trump-musk-oracle-1851744836,"A biotechnology company named Metagenomi (MGX) saw its stock price surge by as much as 33% due to investor confusion, as many believed it was involved in OpenAI and SoftBank's new ""Stargate Project."" The actual MGX involved is a technology fund from the UAE, not the biotech firm. The Stargate Project aims to invest $500 billion in AI infrastructure, with figures like Donald Trump, Sam Altman, and Masayoshi Son backing it, though some, like Elon Musk and Gavin Baker, have expressed skepticism about the funding claims."
2025-01-21 06:00:56,Oracle Named a Leader in the 2024 Gartner® Magic Quadrant™ for Cloud Database Management Systems,Oracle,0.0,0.0,0.185667,https://www.oracle.com/news/announcement/oracle-named-leader-in-gartner-magic-quadrant-for-cloud-database-management-systems-2025-01-21/,"Oracle has been recognized as a Leader in the 2024 Gartner® Magic Quadrant™ for Cloud Database Management Systems, highlighting its converged database architecture and continuous innovation. The company's database services, including Oracle Autonomous Database and Oracle Database 23ai, offer flexible intercloud and multicloud deployment choices, enabling customers to leverage various data and application development models for enterprise data and AI workloads. Oracle Database is lauded for its rapid pace of innovation and industry-leading multicloud capabilities, now available across AWS, Google Cloud, and Microsoft Azure."
2025-01-21 00:00:00,Microsoft and OpenAI evolve partnership to drive the next phase of AI,The Official Microsoft Blog,0.0,0.0,0.467185,https://blogs.microsoft.com/blog/2025/01/21/microsoft-and-openai-evolve-partnership-to-drive-the-next-phase-of-ai/,"Microsoft and OpenAI are continuing their strategic partnership, focusing on future AI developments and Stargate. The agreement, valid through 2030, maintains Microsoft's access to OpenAI's IP, revenue sharing, and exclusivity on OpenAI's APIs. Microsoft remains a major investor, while OpenAI has made a new, significant Azure commitment, and the exclusivity on new capacity has shifted to a right of first refusal for Microsoft."
2025-01-15 01:31:00,KULR Technology Rallies After Licensing Deal For Nuclear Technology: Retail Chatter Lights Up,Asianet Newsable,0.0,0.0,0.451992,https://newsable.asianetnews.com/markets/kulr-technology-rallies-after-licensing-deal-for-nuclear-technology-retail-chatter-lights-up-sq3gz8,"KULR Technology Group Inc. shares surged by about 10% after it secured a multi-million dollar licensing deal to provide advanced cathode fiber applications for nuclear reactors in Japan, enhancing reactor safety and integrity. The company's technology is expected to address the increasing power demand from AI data centers, with retail sentiment largely bullish on the stock's growth potential. This comes after KULR's earlier decision to allocate up to 90% of its surplus cash to Bitcoin."
2025-01-13 06:15:49,Markets Brief: Why Good News Can Be Bad News for Stock Investors,Morningstar,0.970168,-0.108938,-0.029838,https://www.morningstar.com/markets/markets-brief-why-good-news-can-be-bad-news-stock-investors,"US stock prices fell following stronger-than-expected employment numbers, highlighting investor concerns that positive economic news could lead to stickier inflation and fewer interest rate cuts in 2025. This downturn, particularly affecting high-growth technology companies whose valuations are sensitive to discount rates, suggests that value stocks may be better positioned. Upcoming inflation data and Taiwan Semiconductor earnings are expected to influence market volatility."
2025-01-10 21:53:00,"HPE secures $1 bln AI server deal for Elon Musk's X, Bloomberg News reports",Reuters,0.0,0.0,0.150746,https://www.reuters.com/markets/deals/hpe-secures-1-bln-ai-server-deal-elon-musks-x-bloomberg-news-reports-2025-01-10/,"Hewlett Packard Enterprise (HPE) has secured a deal exceeding $1 billion to supply AI-optimized servers to Elon Musk's social media platform X. The agreement, reported by Bloomberg News, was finalized late last year. HPE's competitors, Dell Technologies and Super Micro Computer, also reportedly bid for the contract, highlighting the strong demand for AI servers from companies like Musk's X, Tesla, and xAI."
2025-01-09 05:35:05,Blackstone Invests $300 Million In AI Data Firm That Powers Elon Musk's xAI Supercomputer,Yahoo Finance,0.0,0.0,0.272177,https://finance.yahoo.com/news/blackstone-invests-300-million-ai-223013641.html,"Blackstone has invested $300 million in DDN, an AI data storage and analysis firm, marking its first external funding and valuing the company at $5 billion. DDN, founded in 1998, provides essential computing equipment and software for AI model training and deployment and powers Elon Musk's xAI supercomputer, Colossus. This investment aligns with Blackstone's broader AI strategy and comes amidst significant capital influx into AI infrastructure by major tech companies."
2025-01-07 06:32:13,Getty announces plans to merge with Shutterstock in $3.7B deal,SiliconANGLE,0.0,0.0,0.254228,https://siliconangle.com/2025/01/07/getty-announces-plans-merge-shutterstock-3-7b-deal/,"Visual media behemoths Getty Images Holdings Inc. and Shutterstock Inc. have declared their intention to merge, forming a single visual content company valued at approximately $3.7 billion. The combined entity will operate under the Getty Images name, integrating the extensive portfolios of both firms, and its shares will continue to trade on the New York Stock Exchange as ""GETY"". This merger is strategically timed to capitalize on the increasing demand for compelling visual content and the burgeoning generative artificial intelligence market."
2025-01-07 05:32:33,This Chinese AI Stock Is Preparing for ‘Explosive Growth’ in 2025. Is It Too Late to Buy?,The Globe and Mail,0.698747,0.307153,0.34254,https://www.theglobeandmail.com/investing/markets/stocks/MSFT/pressreleases/30335569/this-chinese-ai-stock-is-preparing-for-explosive-growth-in-2025-is-it-too-late-to-buy/,"Baidu, often referred to as the ""Google of China,"" is rapidly transforming into an AI powerhouse, with its ERNIE Bot and Apollo autonomous driving platform gaining significant traction. Despite a challenging macroeconomic environment impacting its online marketing revenue, Baidu is heavily investing in AI, reporting strong growth in AI Cloud revenue and high user engagement with its generative AI content. Analysts project substantial sales and earnings growth, with the stock currently valued at an attractive multiple, suggesting significant upside potential."
2025-01-07 05:22:22,Ambiq and ThinkAR Disrupt the AR Glasses Industry with the AiLens,GlobeNewswire,0.0,0.0,0.36822,https://www.globenewswire.com/news-release/2025/01/07/3005541/0/en/Ambiq-and-ThinkAR-Disrupt-the-AR-Glasses-Industry-with-the-AiLens.html,"Ambiq and ThinkAR have partnered to launch AiLens, a lightweight pair of smart AR glasses designed for everyday wear. These glasses weigh only 37 grams, offer over 10 hours of battery life, and are powered by Ambiq's ultra-efficient Apollo4 System-on-Chip (SoC) and ThinkAR's advanced AI capabilities. AiLens aims to redefine the AR glasses market with features like an AI-powered personal assistant, real-time language translation, and seamless integration with various platforms."
2025-01-06 09:00:00,Intel Extends Leadership in AI PCs and Edge Computing at CES 2025,Investor Relations :: Intel Corporation (INTC),0.550253,0.222111,0.406863,https://www.intc.com/news-events/press-releases/detail/1722/intel-extends-leadership-in-ai-pcs-and-edge-computing-at?utm_source=chatgpt.com,"At CES 2025, Intel unveiled new Intel Core Ultra (Series 2) processors, including the 200V series with Intel vPro for businesses, and 200HX and H series for creators and gamers, all featuring cutting-edge AI enhancements and performance improvements. Intel also introduced a new suite of processors for edge computing, showcasing significant performance gains in AI workloads compared to previous generations and competitors. The availability of these new systems is set to begin in January and February 2025, with further releases planned for the first half of the year."
2025-01-06 06:19:10,NVIDIA Launches AI Foundation Models for RTX AI PCs,NVIDIA Investor Relations,1.0,0.471277,0.255739,https://investor.nvidia.com/news/press-release-details/2025/NVIDIA-Launches-AI-Foundation-Models-for-RTX-AI-PCs/default.aspx,"NVIDIA announced the launch of foundation models for RTX AI PCs, designed to power digital humans, content creation, productivity, and development. These models, offered as NVIDIA NIM microservices, are accelerated by new GeForce RTX 50 Series GPUs, featuring significant AI performance and supporting FP4 compute for enhanced inference. NVIDIA is collaborating with top PC manufacturers to integrate these NIM-ready RTX AI PCs, emphasizing the company's commitment to advancing AI accessibility for developers and enthusiasts."
2025-01-06 05:57:29,"HP Inc. Unleashes New AI PCs At CES 2025, Wins Three Innovation Awards",CRN,0.629491,0.315155,0.334348,https://www.crn.com/news/computing/2025/hp-incs-best-pcs-at-ces-2025,"HP Inc. unveiled a new lineup of AI-powered PCs at CES 2025, winning three innovation awards for devices like the Omnibook Ultra Flip and its embedded AI Companion. The company is targeting various user types, from entry-level workers to on-the-go executives, with new models such as the OmniStudio X Series, EliteBook Ultra, and EliteBook X, all featuring enhanced NPUs and AI capabilities. HP emphasizes its commitment to providing tools that boost productivity, creativity, and connectivity for every user."
2025-01-04 16:49:00,"Cybersecurity pioneer, tech CEO Amit Yoran dies 'unexpectedly' amid cancer battle",Fox Business,0.0,0.0,-0.026914,https://www.foxbusiness.com/technology/cybersecurity-pioneer-tech-ceo-amit-yoran-dies-unexpectedly-cancer-battle,"Amit Yoran, the CEO of Tenable Holdings and a prominent figure in cybersecurity, has died unexpectedly at 54 after a battle with cancer. Yoran was a visionary leader, having also founded the U.S. Computer Emergency Readiness Team (US-CERT) program at the Department of Homeland Security. His leadership transformed Tenable into a global leader in exposure management, and his contributions to the cybersecurity field are described as indelible."
2024-12-31 23:59:59,Morgan Stanley Moves Forward on Homegrown AI,The Wall Street Journal,0.0,0.0,0.188184,https://www.wsj.com/articles/morgan-stanley-moves-forward-on-homegrown-ai-120c59ab?gaa_at=eafs&gaa_n=AWEtsqdO8aZ5-f_cAfTHZBRTVSx_k8mVfp_ku8XHUn0S6r5OQebgvwzwutpx&gaa_ts=69075b5e&gaa_sig=6qeWs22xmqQ4w3eX1b71SqcW2UR22P5wJP8q-cU9ql1psDUxpa8Sx16dustjNAe8R5ZJUYg1s9YG2OLxtJYrcw%3D%3D,"Morgan Stanley has deployed its second generative AI application, ""AI @ Morgan Stanley Debrief,"" to its financial advisers. This new tool, developed in-house with OpenAI, summarizes video meetings and drafts follow-up emails, aligning with the company's preference for homegrown solutions over external tech provider tools. This follows the successful 2023 rollout of their AI knowledge assistant."
2024-12-31 23:59:59,Trimble Unveils Reality Capture Platform Service,For Construction Pros,0.0,0.0,0.384319,https://www.forconstructionpros.com/construction-technology/site-layout/product/22920084/trimble-construction-trimble-trimble-unveils-reality-capture-platform-service,"Trimble has launched its Reality Capture Platform Service, an extension of Trimble Connect, enabling secure sharing and collaboration on reality capture datasets from 3D laser scanning, mobile mapping, and UAV systems. This platform facilitates collaboration among various professionals across numerous industries, enhancing data accessibility and workflow efficiencies between the jobsite and office. The service leverages Microsoft Azure Data Lake Storage and Synapse Analytics for efficient data processing, aiming to transform scanning workflows and accelerate the realization of digital twins and AI applications."
2024-12-31 23:59:59,"ServiceNow Introduces Workflow Data Fabric, Forging a New Generation of AI-fueled Productivity for the Enterprise",Business Wire,0.0,0.0,0.252215,https://www.businesswire.com/news/home/20241023742891/en/ServiceNow-Introduces-Workflow-Data-Fabric-Forging-a-New-Generation-of-AI-fueled-Productivity-for-the-Enterprise,"ServiceNow has launched Workflow Data Fabric, an enhanced integrated data layer designed to unify business and technology data across enterprises, powering workflows and AI agents with real-time, secure access to data. This new offering, supported by Zero Copy connectors and the RaptorDB Pro database, aims to improve operational efficiency and customer experience by acting as a powerful system of action. ServiceNow has also partnered with Cognizant to bring Workflow Data Fabric to market, enabling customers to connect and act on data from various sources without moving or duplicating it."
2024-12-31 23:59:59,Veritone Announces AI Services Now Available on AWS Marketplace,Business Wire,0.0,0.0,0.622407,https://www.businesswire.com/news/home/20241205973695/en/Veritone-Announces-AI-Services-Now-Available-on-AWS-Marketplace,"Veritone announced that its Artificial Intelligence Solutions Group’s (AISG) offerings are now available on the AWS Marketplace, expanding its reach in delivering enterprise AI solutions. This availability allows organizations to seamlessly access, purchase, and deploy Veritone’s AI solutions directly within the AWS cloud environment. The offerings include AI/Data Enablement Workshops, AI Solution Development, Generative AI/Retrieval-Augmented Generation, Data Modernization, Data Analytics & Visualization, Database Migration & Optimization, and Database Governance."
2024-12-31 23:59:59,Yext to acquire Hearsay Systems,Business Wire,0.0,0.0,0.307337,https://www.businesswire.com/news/home/20240610921409/en/Yext-to-acquire-Hearsay-Systems,"Yext, Inc. (NYSE: YEXT) announced its definitive agreement to acquire Hearsay Systems for $125 million, with a potential additional $95 million based on performance targets. This acquisition aims to combine Yext's digital presence platform with Hearsay's compliant engagement solutions, creating a single digital marketing platform for multi-location brands, especially in financial services. The transaction is expected to close in the second half of Yext's fiscal year 2025."
2024-12-31 23:59:59,Nvidia dethroned as world's most valuable company after just a few days on top,Fortune,1.0,-0.251964,-0.155014,https://fortune.com/2024/06/21/nvidia-market-cap-world-most-valuable-company-nvda-stock-selloff/,"Nvidia's reign as the world's most valuable company was short-lived, with a two-day selloff erasing over $220 billion from its market capitalization and pushing it to third place behind Apple and Microsoft. Despite a 6.7% drop, analysts see no fundamental issues and expect any volatility to be temporary, reiterating ""buy"" ratings and raising price targets due to confidence in its AI leadership. The decline also coincided with broader market turbulence from a ""triple-witching"" options expiration."
2024-12-31 23:59:59,DULUX Paints by PPG launches Dulux PRO app digital platform for professional painters,Business Wire,0.0,0.0,0.361534,https://www.businesswire.com/news/home/20240522348113/en/DULUX-Paints-by-PPG-launches-Dulux-PRO-app-digital-platform-for-professional-painters,"DULUX Paints by PPG has launched the Dulux PRO app, a new digital platform designed for professional painters in Canada. This app allows professionals to browse the Dulux product catalog, access job details, and place orders conveniently from their mobile devices or through the website. The launch is part of PPG's commitment to providing innovative products and services to their professional customers, building on previous app launches in the U.S. and Puerto Rico."
2024-12-31 23:59:59,"Intelisys Introduces Channel Exchange, a Cloud Software and Platform Division",Business Wire,0.0,0.0,0.309758,https://www.businesswire.com/news/home/20241119602594/en/Intelisys-Introduces-Channel-Exchange-a-Cloud-Software-and-Platform-Division,"Intelisys, a ScanSource company, is launching Channel Exchange, a new cloud software and platform division formerly known as intY US. This platform aims to provide partners with a streamlined sales process and a comprehensive catalog of SaaS technology solutions, complete with specialist support and advanced features like automated quoting and subscription management. Channel Exchange is designed to help partners diversify their offerings, accelerate procurement, and meet evolving customer needs."
2024-12-31 23:59:59,Microsoft Ignite 2024,Microsoft Source,0.0,0.0,0.348573,https://news.microsoft.com/ignite-2024/,"Microsoft Ignite 2024 highlights the company's latest advancements, particularly focusing on AI agents and Copilot across its product ecosystem. The event showcases new AI innovations, security breakthroughs, and partnerships aimed at accelerating enterprise AI adoption and digital transformation. Keynotes from Satya Nadella and other executives reveal how Microsoft is integrating AI into Microsoft 365, Azure, Windows, and Power Platform."
2024-12-31 23:59:59,Chemical Manufacturer Improves Critical Asset Availability with Enterprise AI,C3 AI,0.0,0.0,0.546936,https://c3.ai/customers/chemical-manufacturer-improves-critical-asset-availability-with-enterprise-ai/,"A chemical manufacturer partnered with C3 AI to improve the availability of critical assets, specifically steam cracking furnaces, using Enterprise AI. By deploying C3 AI Reliability, the company achieved predictive monitoring capabilities, extended furnace run lengths, and expects over $45 million in annual economic benefit by scaling the solution. The project involved unifying data from multiple systems, developing machine learning models for failure prediction and coking rate forecasting, and training personnel to utilize the new application."
2024-12-31 23:59:59,Morgan Stanley Moves Forward on Homegrown AI,The Wall Street Journal,0.0,0.0,0.172061,https://www.wsj.com/articles/morgan-stanley-moves-forward-on-homegrown-ai-120c59ab?gaa_at=eafs&gaa_n=AWEtsqckkghBS6BfTWjEYfRXyZfINqtHTOwkK15vv9-YGz2dT9lXMNd970jg&gaa_ts=69075b5b&gaa_sig=BAg7IdkfdJFjVP6im1__-1qSSgEN-qoCdQTGE0SSgeARQLX3I0y3FI_HYjZ-31HVGNnF4EDubJ6bV4Pe4vKXDg%3D%3D,"Morgan Stanley has deployed its second homegrown generative AI application, ""AI @ Morgan Stanley Debrief,"" to its financial advisers. This new tool summarizes video meetings and drafts follow-up emails, building on a previous AI knowledge assistant rolled out in September 2023. The financial services company developed both tools in collaboration with OpenAI, opting for internal solutions over external tech provider offerings."
2024-12-31 23:59:59,Insight Buys ServiceNow All-Star Partner Infocenter; Bill McDermott Weighs In,CRN Magazine,0.0,0.0,0.20162,https://www.crn.com/news/channel-news/insight-buys-servicenow-all-star-partner-infocenter-bill-mcdermott-weighs-in,"Insight Enterprises has acquired Infocenter, a top ServiceNow partner, to enhance its ServiceNow consulting and managed services capabilities and boost its automation portfolio. The acquisition aims to deliver AI-fueled intelligent workflow automation solutions and leverage Infocenter's expertise in various industries. ServiceNow CEO Bill McDermott endorsed the acquisition, highlighting its strategic importance for accelerating business transformation."
2024-12-31 23:59:59,"SoundHound AI Reports Record Third Quarter Revenue, Up 89%, Exceeding $25 Million; Raises Outlook",Business Wire,0.601062,0.318653,0.345158,https://www.businesswire.com/news/home/20241112739401/en/SoundHound-AI-Reports-Record-Third-Quarter-Revenue-Up-89-Exceeding-%2425-Million-Raises-Outlook,"SoundHound AI reported record third-quarter revenue of $25.1 million, an 89% increase year-over-year, and exceeded expectations. The company also announced an increased revenue outlook for both 2024 and 2025, driven by significant diversification in customer base and expansion into new verticals like financial services, healthcare, and insurance. Keyvan Mohajer, CEO of SoundHound AI, highlighted the company's strong position in conversational AI, attributing success to strong technology, vertical integrations, and proprietary software."
2024-12-31 23:59:59,The Growth of Tech and 25 Years of Nasdaq Futures,CME Group,0.0,0.0,0.397767,https://www.cmegroup.com/openmarkets/equity-index/2024/The-Growth-of-Tech-and-25-Years-of-Nasdaq-Futures.html,"This article discusses the quarter-century growth of technology stocks and the Nasdaq-100 index, highlighting the importance of E-mini Nasdaq-100 futures for risk management. It details the evolution of this futures contract since its 1999 launch, its significant trading volume, and its role as a global benchmark for the technology-driven economy. The piece also contrasts current tech valuations with the dot-com era, emphasizing the increased precision and accessibility of risk management tools for investors."
2024-12-31 23:59:59,Perion Network Announces Preliminary Q1 2024 Financial Results,Business Wire,0.0,0.0,-0.085262,https://www.businesswire.com/news/home/20240408611223/en/Perion-Network-Announces-Preliminary-Q1-2024-Financial-Results,"Perion Network (NASDAQ & TASE: PERI) announced preliminary Q1 2024 financial results, expecting $157 million in revenue and $20 million in adjusted EBITDA, primarily due to a decline in Search Advertising activity caused by changes implemented by Microsoft Bing. The company also updated its full-year 2024 guidance to $590-$610 million in revenue and $78-$82 million in adjusted EBITDA, a decrease mainly attributed to Search Advertising. Despite the challenges, Perion raised its share buyback program from $50 million to $75 million, emphasizing the strength of its display advertising segment and confidence in its long-term strategy."
2024-12-31 23:59:59,ServiceNow Releases Its Most Comprehensive Set of New AI Innovations With the Now Platform Xanadu Release,Business Wire,0.0,0.0,0.312284,https://www.businesswire.com/news/home/20240910730948/en/ServiceNow-Releases-Its-Most-Comprehensive-Set-of-New-AI-Innovations-With-the-Now-Platform-Xanadu-Release,"ServiceNow has launched its Now Platform Xanadu release, introducing hundreds of new AI capabilities to enhance productivity, customer agility, and employee experiences. The release expands the Now Assist GenAI portfolio to critical enterprise functions like Security Operations and Sourcing & Procurement Operations and integrates with Microsoft Copilot for Microsoft 365. These innovations aim to help businesses streamline operations and maximize efficiency, as highlighted by customer testimonials from Eaton, Boomi, and Olam Global Agri."
2024-12-31 23:59:59,VSee Health Announces Partnership with Tele911 to Create First Virtual Emergency Department,Business Wire,0.0,0.0,0.387035,https://www.businesswire.com/news/home/20241216885724/en/VSee-Health-Announces-Partnership-with-Tele911-to-Create-First-Virtual-Emergency-Department,"VSee Health has partnered with Tele911 to create a virtual emergency department aimed at addressing ER overcrowding and EMS staffing challenges. This collaboration leverages VSee Health's telehealth platform to expand Tele911's successful model of diverting low-acuity 911 calls to telemedicine consultations, which has already saved millions in healthcare costs. The partnership intends to reach over 10 million lives by the end of 2025, providing a scalable and secure solution for emergency care."
2024-12-31 23:59:59,"ServiceNow CEO McDermott: 'Taking On The World's Biggest Challenges’ With AI, New Nvidia Pact, More",CRN Magazine,0.85942,0.344028,0.310818,https://www.crn.com/news/channel-news/2024/servicenow-ceo-mcdermott-taking-on-the-world-s-biggest-challenges-with-ai-new-nvidia-pact-more,"ServiceNow CEO Bill McDermott announced new AI technologies and expanded partnerships with Nvidia and Cognizant, leveraging their Q3 earnings to position themselves as a leading AI company. He emphasized that AI, particularly their Now Assist generative AI platform, is driving significant productivity gains and economic growth. The company also introduced Workflow Data Fabric to unify enterprise data and enhance workflow automation, aligning with their financial success which saw beats on revenue and earnings projections for Q3 2024."
2024-12-31 23:59:59,Amazon’s AI spending plans keep stock from joining tech rebound,The Detroit News,0.62584,0.140624,0.022971,https://www.detroitnews.com/story/business/2024/08/20/amazons-ai-spending-plans-keep-stock-from-joining-tech-rebound/74869951007/,"Amazon's shares are lagging behind its megacap peers due to its substantial spending on artificial intelligence computing, which is impacting its profits. Investors are concerned that increased capital spending will negatively affect cash flows, especially as the company has historically performed better when focused on profitability. This shift to investment mode, coupled with Amazon's lack of a dividend and less aggressive share buyback program compared to competitors, is causing investors to pause on the stock."
2024-12-31 23:59:59,"When $2B facility opens, Amkor will become Peoria's largest private employer",ABC15 Arizona,0.0,0.0,0.305265,https://www.abc15.com/news/business/when-2b-facility-opens-amkor-will-become-peorias-largest-private-employer,"Amkor Technology Inc.'s planned $2 billion semiconductor packaging and testing plant in Peoria, recently greenlit by the City Council, is poised to become the city's largest private employer. This mega-project will bring 2,000 new jobs to the Phoenix metro area and significantly bolster the U.S. semiconductor supply chain, with the facility packaging and testing chips for major companies like TSMC and Apple. Amkor, a leading provider in outsourced semiconductor services, had $6.5 billion in annual sales in 2023 and employs 30,000 worldwide."
2024-12-31 23:59:59,Coursera Announces Four New Entry-Level Certificates from Microsoft to Help Learners Pursue High-demand Jobs,Business Wire,0.0,0.0,0.399563,https://www.businesswire.com/news/home/20240520977028/en/Coursera-Announces-Four-New-Entry-Level-Certificates-from-Microsoft-to-Help-Learners-Pursue-High-demand-Jobs,"Coursera, in partnership with Microsoft, announced four new entry-level Professional Certificates designed to prepare learners for high-demand jobs in IT, cloud support, business analysis, and project management. These programs aim to equip individuals with essential skills in just a few months, without requiring a college degree or prior work experience, and include generative AI-specific lessons. Additionally, a Universal Access to Microsoft Skills Scholarship, in collaboration with Women in Cloud, will award 5,000 scholarships by 2025 to increase access to these digital skilling opportunities."
2024-12-31 23:59:59,Domo CEO Joshua James is back at the helm. What’s changed for the Utah tech firm?,The Salt Lake Tribune,0.0,0.0,0.212353,https://www.sltrib.com/news/business/2024/03/28/domo-founder-talks-ai-future-not/,"Domo CEO Joshua James has returned to lead the Utah tech firm, and the company reports stabilization after years of turbulence, including improved financial performance and increased employee numbers. James, speaking at Domopalooza, emphasized strategic initiatives like artificial intelligence and a consumption-based licensing model, which has led to customer growth. His return follows a period of executive instability and scrutiny over his prior sudden departure and the company's dual-class stock structure, but financial disclosures show signs of optimism despite declining stock value."
2024-12-31 23:59:59,A billionaire called for Harris to fire the FTC's chair. His company is reportedly being investigated by the FTC,Quartz,0.0,0.0,-0.085786,https://qz.com/billionaire-fire-ftc-khan-investigation-vp-harris-iac-1851608967,"Barry Diller, chairman of IAC Inc., a major Democratic donor, called for FTC Chair Lina Khan's removal despite his company reportedly being under FTC investigation. Diller initially called Khan a ""dope"" but later retracted the insult, maintaining she overreaches in disrupting business combinations. This controversy highlights increasing tension between progressive antitrust enforcement and some prominent business figures and donors."
2024-12-31 23:59:59,The 10 Biggest Nvidia News Stories Of 2024 (So Far),CRN Magazine,1.0,0.824424,0.287846,https://www.crn.com/news/components-peripherals/2024/the-10-biggest-nvidia-news-stories-of-2024-so-far,"This article covers the 10 biggest Nvidia news stories of 2024 to date, highlighting the company's rapid expansion and continued dominance in AI computing. Key developments include strategic software startup acquisitions, plans for new GPU and CPU architectures, and significant financial achievements like surpassing Intel in annual revenue and briefly becoming the world's most valuable company. Nvidia's focus on a ""full-stack"" computing approach, encompassing hardware, software, and services, underpins its success amidst growing competition."
2024-12-31 23:59:59,"Inseego Announces Industry’s First FIPS 140-2 Certified 5G Mobile Hotspot, MiFi® X PRO",Business Wire,0.0,0.0,0.305472,https://www.businesswire.com/news/home/20240521057430/en/Inseego-Announces-Industrys-First-FIPS-140-2-Certified-5G-Mobile-Hotspot-MiFi-X-PRO,"Inseego announced that its MiFi® X PRO 5G mobile hotspot is the industry's first FIPS 140-2 certified 5G mobile hotspot, providing enhanced security for government agencies and businesses. This certification means the device meets federal standards for cryptographic software, crucial for protecting sensitive data for entities like the DoD, financial institutions, and healthcare providers. Existing MiFi X PRO 5G customers will receive the FIPS 140-2 certification automatically via an over-the-air software update."
2024-12-31 23:59:59,"Ault Alliance Announces that Sentinum, its Wholly Owned Subsidiary, has Mined 552 Bitcoin in 2024 and 2,894 Bitcoin Since Inception",Business Wire,0.0,0.0,0.118454,https://www.businesswire.com/news/home/20240812930604/en/Ault-Alliance-Announces-that-Sentinum-its-Wholly-Owned-Subsidiary-has-Mined-552-Bitcoin-in-2024-and-2894-Bitcoin-Since-Inception,"Ault Alliance announced that its subsidiary Sentinum has mined 552 Bitcoin in 2024 and 2,894 Bitcoin since its inception. The company plans to expand its data center operations, including transforming its Michigan facility into a hyperscale center and exploring additional power in Montana. Ault Alliance also intends to change its name to Hyperscale Data, Inc. and spin off unrelated subsidiaries to focus on AI data-center businesses."
2024-12-31 23:59:59,"Cirrus Logic, Intel, and Microsoft Announce Latest Reference Design to Enable “Cool, Quiet, and High Performance” PCs",Business Wire,0.0,0.0,0.540389,https://www.businesswire.com/news/home/20240205416873/en/Cirrus-Logic-Intel-and-Microsoft-Announce-Latest-Reference-Design-to-Enable-Cool-Quiet-and-High-Performance-PCs,"Cirrus Logic, in collaboration with Intel and Microsoft, has announced a new PC reference design aimed at creating ""cool, quiet, and high performance"" laptops. This design incorporates Cirrus Logic's high-efficiency power converter, low-power audio codec, and smart amplifiers to reduce heat, extend battery life, enable thinner designs and provide immersive audio. The new platform expands Cirrus Logic's expertise beyond audio components to include power conversion solutions, offering significant benefits for both OEMs and consumers."
2024-12-31 23:59:59,Goldman Sachs says to buy the dip in AI,Fortune,0.836099,0.330744,0.342191,https://fortune.com/2024/09/16/goldman-sachs-buy-ai-dip-interest-rates/,"Goldman Sachs's trading desk suggests buying the dip in AI-related stocks, despite recent declines, due to anticipated lower interest rates and strong fundamentals. The bank expects significant net income growth for AI companies and increased power generation tied to the technology, identifying a buying opportunity amidst what it perceives as excessive AI pessimism."
2024-12-31 23:59:59,Elastic Announces AI Ecosystem to Accelerate GenAI Application Development,Business Wire,0.0,0.0,0.359744,https://www.businesswire.com/news/home/20241114869794/en/Elastic-Announces-AI-Ecosystem-to-Accelerate-GenAI-Application-Development,Elastic (NYSE: ESTC) has launched its AI Ecosystem to expedite the development and deployment of Retrieval Augmented Generation (RAG) applications for enterprises. This ecosystem integrates the Elasticsearch vector database with a curated selection of industry-leading AI technologies and tools. It aims to streamline the development process and improve the accuracy of GenAI applications by offering developers pre-built integrations for various critical components.
2024-12-31 23:59:59,Iron Mountain Transforms the Information Experience With New Digital Experience Platform,Business Wire,0.0,0.0,0.270063,https://www.businesswire.com/news/home/20240805626589/en/Iron-Mountain-Transforms-the-Information-Experience-With-New-Digital-Experience-Platform,"Iron Mountain announced the launch of its InSight Digital Experience Platform (DXP), a secure SaaS platform designed to manage and monetize physical and digital information. This AI-powered platform helps customers automate workflows, ensure compliance, and turn unstructured data into actionable insights for AI initiatives. The DXP includes generative AI-powered chat and low-code tools, enabling businesses to enhance employee experiences and accelerate data-driven decisions."
2024-12-31 23:59:59,COMPUTEX 2024 News,NVIDIA Newsroom,1.0,0.878888,0.439079,https://nvidianews.nvidia.com/online-press-kit/computex-2024-news,"NVIDIA's COMPUTEX 2024 news features CEO Jensen Huang's ""Accelerate Everything"" message and a series of announcements focusing on AI, including digital human microservices, NIM for model deployment, and supercharged Ethernet networking. The company is collaborating with the computer industry to build AI factories and data centers, and bringing AI assistants to GeForce RTX AI PCs, highlighting its pervasive role in advancing AI across various industries like robotics, healthcare, and industrial digitalization."
2024-12-31 03:53:28,Intermedia Unite Review,PCMag,0.0,0.0,0.289516,https://www.pcmag.com/reviews/intermedia-unite,"Intermedia Unite offers comprehensive voice administration features, chat, file syncing, and video calls, making it a strong unified communications platform. Despite a slightly less straightforward contact import process and a Chrome-only web app, its competitive pricing, AI Assistant, and excellent call routing earned it an Editors' Choice award. The service performs reliably, providing crisp phone calls, clear video, and an intuitive interface across desktop, web, and mobile platforms."
2024-12-31 00:00:00,Corsair Gaming Reports Fourth Quarter and Full Year 2024 Financial Results,Business Wire,0.623568,0.206589,0.249564,https://www.businesswire.com/news/home/20250212687649/en/Corsair-Gaming-Reports-Fourth-Quarter-and-Full-Year-2024-Financial-Results,"Corsair Gaming announced its financial results for Q4 and full year 2024, reporting solid Q4 revenue and adjusted EBITDA driven by strong growth in the Gamer and Creator Peripherals segment. The company provided its 2025 outlook, anticipating revenue between $1.4 billion and $1.6 billion and adjusted EBITDA of $80 million to $100 million, expecting growth due to new high-performance GPU cards and strategic acquisitions like Fanatec."
2024-12-29 07:00:00,"Jim Cramer on Apple Inc. (AAPL): ‘It Was The Dumb Money That Was Getting Out, Because Warren Buffett Or One Of His Assistants Made Us Nervous’",Yahoo Finance,0.0,0.0,0.223409,https://finance.yahoo.com/news/jim-cramer-apple-inc-aapl-053136089.html,"Jim Cramer discussed Apple Inc. (NASDAQ:AAPL) within the context of AI stocks and overall market performance in 2024. He highlighted that ""dumb money"" sold off Apple shares due to investor nervousness, potentially influenced by Warren Buffett, despite strong underlying sales. Cramer also offered trading advice for 2025, emphasizing the importance of not getting intoxicated by gains, having the fortitude to hold stocks during tough times, and carefully staging buy orders."
2025-03-06 03:43:00,Malaysia-Arm Deal To Drive Semiconductor Growth,BERNAMA - Malaysian National News Agency,0.577836,0.33889,0.343021,https://bernama.com/en/news.php?id=2399611,"Malaysia's partnership with United Kingdom-based Arm Holdings Plc (ARM) involves a US$250 million investment to develop proprietary intellectual property (IP) for integrated circuit (IC) design, aiming to elevate Malaysia into a high-value economy and foster local semiconductor firm growth. This collaboration, believed to be the world's first between a nation and a technology giant for IP development, is expected to accelerate the formation of front-end semiconductor firms and help achieve a semiconductor export target of RM1.2 trillion by 2030. Industry analysts have offered mixed outlooks, with some maintaining 'neutral' stances due to current market conditions but acknowledging long-term positive spillover effects for the technology sector."
2025-03-06 00:09:52,"Himax Technologies, Tata Electronics, and PSMC Sign MoU Boosting India’s Ultralow Power AI Sensing Market",Elets CIO,0.627946,0.301147,0.374242,https://cio.eletsonline.com/news/himax-technologies-tata-electronics-and-psmc-sign-mou-boosting-indias-ultralow-power-ai-sensing-market/74201/,"Himax Technologies, Tata Electronics, and PSMC have signed a Memorandum of Understanding (MoU) to significantly boost India's ultralow power AI sensing and display semiconductor market. This collaboration, announced at the IESA Vision Summit 2025, aims to strengthen India's position in semiconductor manufacturing, aligning with the ""Made in India"" initiative. The partnership will involve Tata Electronics establishing a manufacturing unit, Himax contributing its WiseEye™ AI sensing technology, and PSMC providing fabrication expertise, fostering innovation, job creation, and economic growth in the sector."
2025-03-05 11:58:00,Malaysia to pay Arm Holdings $250 million for chip design blueprints,Reuters,0.634703,0.302135,0.358197,https://www.reuters.com/markets/asia/malaysia-minister-says-pay-arm-holdings-250-million-chips-design-blueprints-2025-03-05/,"Malaysia will pay Arm Holdings $250 million over 10 years for chip design blueprints to enable local manufacturers to produce their own chips within the next decade, driven by the AI boom. Arm will also establish its first Southeast Asian office in Kuala Lumpur, and the deal includes training 10,000 engineers in Malaysia. This initiative aims to build a complete supply chain in advanced industries like AI data servers, autonomous vehicles, and robotics, and to foster 10 local chip companies with significant yearly revenue."
2025-03-04 12:30:00,Anthropic Stake for the Masses Is Latest ETF Industry Gambit,Bloomberg.com,0.646613,0.200705,0.281163,https://www.bloomberg.com/news/articles/2025-03-04/anthropic-stake-for-the-masses-is-latest-etf-industry-gambit,"KraneShares has acquired a direct stake in Anthropic, a privately held AI company and competitor to OpenAI, through one of its exchange-traded funds. This move combines the surging interest in artificial intelligence with the growing trend of offering private assets to a broader investment audience. Anthropic recently secured funding at a valuation exceeding $60 billion."
2025-03-04 03:46:08,"Sify’s AI- Ready Data Centers: Scalable, Smarter, Greener, and More Resilient",www.varindia.com,0.613509,0.301779,0.170549,https://www.varindia.com/news/sifys-ai-ready-data-centers,"Sify's data centers are designed to be AI-ready, focusing on enabling enterprises to host dense AI workloads with scalable infrastructure, robust power, and advanced cooling, including liquid immersion technology. They also incorporate AI into their own operations for enhanced automation, efficiency, and sustainability. With a $5 billion commitment, Sify is expanding its data center footprint, integrating AIOps, and acquiring GPUs, offering NVIDIA-certified colocation services and launching AI inferencing facilities in Tier-II cities, all while committing to 231 MW of renewable energy."
2025-03-04 03:04:29,"JFrog advances AI security with Hugging Face partnership, Nvidia NIM and new MLOps platform",SiliconANGLE,0.84314,0.330102,0.403504,https://siliconangle.com/2025/03/04/jfrog-advances-ai-security-hugging-face-partnership-nvidia-nim-new-mlops-platform/,"JFrog has announced new initiatives to enhance AI security and deployment, including a partnership with Hugging Face for advanced security scanning of machine learning models. The company is also integrating its platform with Nvidia Inference Microservices (NIM) for secure deployment of GPU-optimized models and launching JFrog ML, an MLOps solution to unify ML development with DevSecOps practices. These efforts aim to bring greater trust, transparency, and security to the AI supply chain, addressing concerns about malicious models and simplifying generative AI application delivery at scale."
2025-03-03 16:51:36,"Trump, Taiwanese chipmaker announce new $100 billion plan to build five new US factories",VOA - Voice of America English News,0.602498,0.337274,0.367237,https://www.voanews.com/a/trump-taiwanese-chipmaker-announce-new-100-billion-plan-to-build-five-new-us-factories-/7995845.html,"Taiwan Semiconductor Manufacturing Co. (TSMC) announced a new $100 billion investment to build five additional chip factories in the United States, bringing their total U.S. investment to $165 billion. This move, announced by CEO C.C. Wei alongside President Donald Trump, aims to bolster domestic chip production and reduce U.S. reliance on Asian-made semiconductors, aligning with Trump's strategy to create jobs and strengthen national security. The plan includes the production of advanced 2-nanometer and A16 technology chips in Arizona, building on previous agreements and government subsidies."
2025-03-03 15:38:00,Taiwanese chipmaker TSMC announces new $100B investment in US,Politico,0.64857,0.293771,0.313875,https://www.politico.com/news/2025/03/03/taiwanese-chipmaker-tsmc-announces-new-100b-investment-in-us-00208847,"Taiwanese chip giant TSMC announced a new $100 billion investment in the U.S. for three additional advanced semiconductor manufacturing plants, bringing their total commitment to $165 billion. CEO C.C. Wei credited President Donald Trump's vision for these investments, which will include an R&D center in Arizona. This expansion follows TSMC's existing $65 billion commitment under the CHIPS and Science Act and comes amidst discussions about avoiding potential U.S. tariffs on foreign-made chips."
2025-03-01 02:32:25,Astera Labs CFO Michael Truett sells $10.38m in common stock,Investing.com South Africa,0.605632,-0.305048,-0.284938,https://za.investing.com/news/insider-trading-news/astera-labs-cfo-michael-truett-sells-1038m-in-common-stock-93CH-3583114,"Astera Labs (NASDAQ: ALAB) CFO Michael Truett sold 125,800 shares of common stock for approximately $10.38 million on February 26, 2025, through a charitable remainder unitrust. This transaction follows a 13% stock decline in the past week, though the company still boasts a 73% gain over six months. Despite strong Q4 2024 revenue growth and optimistic Q1 2025 guidance, investor concerns about future growth have caused recent stock dips, though analysts maintain ""Buy"" ratings with high price targets."
2025-02-28 00:00:00,What’s Happening With Palantir Stock?,Morningstar Canada,0.62541,0.18993,0.25348,https://global.morningstar.com/en-gb/stocks/whats-happening-with-palantir-stock,"Palantir Technologies (PLTR) experienced a significant rally followed by a sharp decline, raising questions about its current valuation. Morningstar equity analyst Mark Giarelli views Palantir as having strong growth potential, especially given its leadership in AI technologies, and currently sees the stock as fairly valued despite its high volatility. Investors are cautioned to consider the stock's wide swings, the impact of potential government spending cutbacks, and the large but uncertain total addressable market for its analytical software."
2025-02-27 10:56:00,Tencent fires up AI race with model it says outdoes DeepSeek,Fortune,0.804595,-0.421955,-0.218056,https://fortune.com/asia/2025/02/27/tencent-new-ai-model-claims-outdoes-deepseek/,"Tencent Holdings Ltd. has launched its new AI model, Hunyuan Turbo S, which it claims outperforms DeepSeek, intensifying the AI race particularly in convergence economies. The model is designed for instant responses and will be integrated into Tencent's consumer chatbot, Yuanbao, and made available to developers. This move follows a series of AI model rollouts from tech giants like Alibaba and Baidu, all aiming to compete with the influential DeepSeek."
2025-02-27 04:44:00,F5 AppWorld: Redefining the Application Delivery Controller to 3.0,Techzine Global,0.60066,0.339723,0.397379,https://www.techzine.eu/blogs/security/128946/f5-appworld-redefining-the-application-delivery-controller-to-3-0/,"F5 AppWorld 2025 showcased the company's redefinition of the Application Delivery Controller (ADC) to version 3.0, aligning it with the AI-empowered era. The new F5 Application Delivery and Security Platform converges high-performance load balancing and security, specifically designed for modern and AI-driven applications across hybrid multi-cloud environments. This evolution addresses increased complexity, data traffic, and new attack vectors associated with AI, with F5 partnering with companies like Nvidia and Intel to support AI initiatives."
2025-02-27 04:27:37,FDVV vs. SCHD: Which Dividend ETF is the Smartest Buy in 2025?,TradingNEWS,0.641338,0.304268,0.207364,https://www.tradingnews.com/news/fdvv-schd-which-dividend-etf-wins-on-growth-yield-and-value-in-2025,"This article compares two dividend ETFs, FDVV and SCHD, to determine which is a smarter buy in 2025 based on growth, yield, and value. SCHD offers a higher dividend yield and stronger historical dividend growth, with a defensive sector allocation, making it suitable for income stability. FDVV, while having a lower yield and slower dividend growth, benefits from significant exposure to high-growth technology stocks, appealing to investors seeking dividend exposure with tech upside and willing to accept higher volatility."
2025-02-27 00:00:00,AI Hinges on Rapid Electrification,Global X ETFs,0.6817,0.268809,0.325202,https://www.globalxetfs.com/articles/ai-hinges-on-rapid-electrification/,"The article discusses how the rapid growth of AI is leading to unprecedented demand for electricity and infrastructure, similar to how energy-efficient lightbulbs ultimately increased overall energy consumption. It highlights the significant power costs associated with training AI models, using AI applications, and manufacturing AI chips, putting immense pressure on the U.S. power grid. The author suggests that investments in grid modernization, power generation, and innovative energy solutions like small modular nuclear reactors (SMRs) are crucial to meet this surging demand."
2025-02-26 11:12:00,"Earnings call transcript: EXLS Q4 2024 beats estimates, stock rises 4.6%",Investing.com,0.645777,0.525748,0.629704,https://www.investing.com/news/transcripts/earnings-call-transcript-exls-q4-2024-beats-estimates-stock-rises-46-93CH-3893481,"ExlService Holdings Inc. (EXLS) exceeded Q4 2024 earnings and revenue estimates, leading to a 4.6% stock increase post-announcement. The company reported adjusted EPS of $0.44 and revenue of $481.4 million, driven by strong growth in AI and data modernization services. EXLS projects continued revenue growth and increased adjusted EPS for 2025, emphasizing its strategic focus on data and AI and a new operating model for enhanced client engagement and accelerated innovation."
2025-02-26 11:03:00,싹 다 팔고 3배 인버스…美 기술주 매도하는 고수들,한국경제,0.710976,-0.41889,-0.227751,https://www.hankyung.com/article/202502260058i,"국내 투자수익률 상위 1%의 초고수들이 엔비디아, 테슬라 등 미국 기술주를 대거 매도하고 나스닥100지수 3배 인버스 ETF를 주요 매수 대상으로 삼고 있습니다. 이는 미국 증시 하락세에 대한 추가 하락 베팅으로 해석됩니다. 특히 '매그니피센트7' 주식들이 큰 폭으로 하락했으며, 테슬라는 시가총액 1조 달러 선이 무너지고 유럽 시장 판매 급감 소식이 겹쳐 주가 하락을 주도했습니다."
2025-02-26 09:17:00,Super Micro Computer shares surge 12% after company files delayed financials by deadline,CNBC,0.623128,0.330571,0.364969,https://www.cnbc.com/2025/02/26/super-micro-computer-surges-20percent-after-filing-delayed-financials.html,"Super Micro Computer shares surged 12.2% after the AI server company filed its delayed financial results by the Nasdaq's deadline, regaining compliance with filing requirements. The company reported more than doubled sales to $14.99 billion and a net income of $1.15 billion for the fiscal year, despite identifying material weaknesses in internal controls. Super Micro plans to hire more accounting and audit employees and upgrade IT systems to address these issues."
2025-02-26 04:50:03,"Nvidia sales grow 78% on AI demand, company gives strong guidance",CNBC,1.0,0.837662,0.802604,https://www.cnbc.com/2025/02/26/nvidia-nvda-earnings-report-q4-2025.html,"Nvidia reported strong fiscal fourth-quarter earnings, beating Wall Street expectations, with revenue up 78% year-over-year due to high demand for its AI-accelerating GPUs. The company also issued robust guidance for the first quarter, projecting $43 billion in revenue, driven by the anticipated ""significant ramp"" of its next-generation Blackwell AI chips. While growth rates are moderating as Nvidia scales, its data center business, now 91% of total sales, continues to surge, with CEO Jensen Huang noting ""amazing"" demand for Blackwell."
2025-02-26 04:33:00,ZoomInfo CEO says he is buying more stock as shares explode more than 20% higher,Yahoo Finance,0.641623,0.124212,0.09484,https://finance.yahoo.com/news/zoominfo-ceo-says-he-is-buying-more-stock-as-shares-explode-more-than-20-higher-170158722.html,"ZoomInfo's CEO, Henry Schuck, is buying more company stock after an earnings report caused shares to surge over 20%. Schuck believes the stock is undervalued and plans to continue aggressive share repurchases, with ZoomInfo having already repurchased 12% of outstanding shares last year. The company is investing in AI, notably with its new CoPilot tool, and sees positive traction in customer spending despite cautious 2025 guidance."
2025-02-26 00:00:00,NVIDIA Announces Financial Results for Fourth Quarter and Fiscal 2025,NVIDIA Newsroom,1.0,0.91816,0.637958,http://nvidianews.nvidia.com/news/nvidia-announces-financial-results-for-fourth-quarter-and-fiscal-2025,"NVIDIA reported record financial results for the fourth quarter and fiscal year 2025, driven by strong demand for its Data Center products, particularly for Blackwell AI supercomputers. The company announced record quarterly revenue of $39.3 billion and full-year revenue of $130.5 billion, with significant growth in Data Center revenue. NVIDIA also provided an optimistic outlook for the first quarter of fiscal 2026, highlighting continued advancements and partnerships across various sectors including AI, Gaming, Professional Visualization, Automotive, and Robotics."
2025-02-25 05:08:23,"Super Micro files financials just ahead of Nasdaq deadline and says it's 'regained compliance,' stock pops 22%",CNBC,0.646886,0.265798,0.449741,https://www.cnbc.com/2025/02/25/super-micro-files-financials-ahead-of-nasdaq-deadline-stock-pops-.html,"Super Micro Computer successfully filed its delayed financial results just before the Nasdaq deadline, leading to a 22% surge in its stock during extended trading. The company announced it has regained compliance with Nasdaq's filing requirements after resolving issues stemming from its previous auditor's resignation and internal control weaknesses. Super Micro addressed these internal control issues and confirmed its fiscal 2024 sales more than doubled to $14.99 billion, primarily due to high demand for AI-related components."
2025-02-25 05:03:26,Exploring AI's impact beyond the tech giants,Invesco,0.748831,0.421684,0.440312,https://www.invesco.com/qqq-etf/en/etf-insights/how-artificial-intelligence-is-transforming-big-tech-within-the-nasdaq-100.html,"This article highlights how Artificial Intelligence is influencing companies beyond major tech firms, focusing on diverse applications within the Nasdaq-100 Index. It showcases how companies like Fortinet, Intuitive Surgical, Palantir Technologies, AppLovin Corporation, and Broadcom are using AI to innovate in cybersecurity, healthcare, data analytics, mobile advertising, and hardware infrastructure. The Invesco QQQ ETF is presented as a way for investors to gain exposure to these forward-thinking companies."
2025-02-25 04:26:55,EXL Reports 2024 Fourth Quarter and Year-End Results; Issues 2025 Guidance,TradingView,0.643941,0.522444,0.585274,https://www.tradingview.com/news/tradingview:3852bfd33b419:0-exl-reports-2024-fourth-quarter-and-year-end-results-issues-2025-guidance/,"EXL (EXLS) announced its financial results for the fourth quarter and full year 2024, reporting significant revenue and earnings growth. The company revealed a Q4 2024 revenue of $481.4 million, up 16.3% year-over-year, and full-year revenue of $1.84 billion, a 12.7% increase from 2023. EXL also provided positive guidance for 2025, projecting revenue between $2.025 billion and $2.060 billion and adjusted diluted EPS in the range of $1.83 to $1.89, driven by strategic AI initiatives and operational enhancements."
2025-02-25 04:21:07,Cisco Expands Partnership with NVIDIA to Accelerate AI Adoption in the Enterprise,Cisco Newsroom,0.993289,0.444788,0.395571,https://newsroom.cisco.com/c/r/newsroom/en/us/a/y2025/m02/cisco-expands-partnership-with-nvidia-to-accelerate-ai-adoption-in-the-enterprise.html,"Cisco and NVIDIA announced an expanded partnership to accelerate AI adoption in enterprises by creating a cross-portfolio unified architecture for AI-ready data center networks. This collaboration will integrate Cisco Silicon One with NVIDIA Spectrum-X, making Cisco the only partner silicon included in NVIDIA Spectrum-X. The aim is to provide enterprises with flexibility and choice in AI infrastructure, simplifying deployment and optimizing performance for AI workloads."
2025-02-25 00:00:00,Foresight integrates NVIDIA Jetson Orin into its perception technologies,The Robot Report,0.875632,0.337376,0.270637,https://www.therobotreport.com/foresight-integrates-nvidia-jetson-orin-perception-technologies/,"Foresight Autonomous Holdings Ltd. has integrated NVIDIA Jetson Orin computing platforms into its 3D perception technologies, expanding its focus from autonomous vehicles to uncrewed aerial vehicles (UAVs). This collaboration utilizes both Jetson Orin Nano and Jetson AGX Orin to enhance performance, energy efficiency, and real-time data processing for diverse applications. The integration allows Foresight's systems to deliver advanced AI and GPU capabilities for improved environmental perception in challenging conditions."
2025-02-24 05:07:42,Sify opens AI-Hub data centre in Lucknow,Techcircle,0.711074,0.301143,0.389962,https://www.techcircle.in/2025/02/24/sify-opens-ai-hub-data-centre-in-lucknow/,"Sify Infinit Space launched its AI-Hub Data Centre in Lucknow to bolster northern India's data infrastructure. Located within HCL IT City, the facility will be developed in four phases, with the first phase operational by June 2025. This initiative supports Uttar Pradesh's goal of becoming a data center hub and aligns with Sify's investment strategy and their recent certification as Nvidia's co-location partner."
2025-02-24 04:50:03,NVIDIA Earth-2 Features First Gen AI to Power Weather Super-Resolution for Continental US,NVIDIA Blog,1.0,0.443037,0.401987,https://blogs.nvidia.com/blog/earth-2-ai-high-resolution-forecasts/,"NVIDIA's Earth-2 platform introduces CorrDiff, a generative AI weather model that significantly enhances forecast precision for the continental U.S., down to a kilometer scale. This model, optimized to be 10,000 times more energy-efficient than traditional methods, aims to improve disaster preparedness and save lives by providing high-resolution predictions of extreme weather events. It is already being adopted by various agencies and companies globally, demonstrating its potential for applications in regional forecasting, renewable energy, and disaster management."
2025-02-24 04:20:52,Salesforce Earnings Preview: Google Deal in Focus as Stock Slides,tastylive,0.552986,0.046023,0.097992,https://www.tastylive.com/news-insights/salesforce-earnings-preview-google-deal-focus-stock-slides,"Salesforce (CRM) is set to report quarterly earnings, with analysts expecting an EPS of $2.61 on $10.04 billion in revenue. A recent expanded partnership with Google (GOOGL) will integrate Google's Gemini AI chatbot into Salesforce's Agentforce platform, aiming to enhance AI capabilities. Despite the strategic partnership, the stock has fallen from its all-time high, and high implied volatility in options suggests significant market anticipation for the earnings report."
2025-02-24 03:58:51,C3.ai Earnings Preview: Can the AI Stock Reverse its Pre-Report Slide?,tastylive,0.629976,-0.128314,-0.246726,https://www.tastylive.com/news-insights/c3-ai-earnings-preview-ai-stock-reverse-pre-report-slide,"C3.ai (AI) is scheduled to report its Q3 earnings, with analysts expecting an EPS loss of -$0.25 and revenue of $98.13 million. The stock has experienced a significant slide, shedding 20% of its value due to broader tech market downturns and analyst concerns regarding AI investment sustainability. Despite C3.ai's history of beating expectations, elevated volatility and technical support/resistance levels suggest a potentially volatile post-earnings price movement."
2025-02-21 05:13:40,Should You Pick Unity Stock At $28?,Trefis,0.622181,0.146885,0.119226,https://www.trefis.com/stock/u/articles/562678/should-you-pick-unity-stock-at-28/2025-02-21,"Unity Software (NYSE: U) released Q4 results showing a loss of $0.30 per share on $457 million in sales, beating analyst estimates. Despite a 25% year-over-year revenue decline, driven by drops in its Create Solutions and Grow Solutions segments, Unity stock jumped 30% to $28 after the company announced its new AI-powered advertising network, Vector. The article suggests that while the stock appears fully priced at 6x price-to-sales and faces near-term headwinds, the new AI platform offers future growth potential."
2025-02-21 04:27:54,F5 unveils ADC 3.0 to enhance AI application security | SC Media,SC Media,0.739613,0.309938,0.359101,https://www.scworld.com/brief/f5-unveils-adc-3-0-to-enhance-ai-application-security,"F5 has launched ADC 3.0, a new framework designed to improve application delivery and security for AI-powered, hybrid, and multicloud environments. This initiative addresses the security gaps in AI adoption among enterprises, with ADC 3.0 integrating high-performance load balancing and advanced security to tackle AI-related risks like model theft and data poisoning. F5 has also partnered with Nvidia, Intel, and NetApp to enhance AI application delivery."
2025-02-21 04:18:19,Chip design software maker Cadence revenue skyrockets with AI demand,Manufacturing Dive,0.875077,0.324952,0.298366,https://www.manufacturingdive.com/news/cadence-q4-2024-earnings-grow-chipmakers-adopt-ai-software-intel-nvidia/740577/,"Cadence Design Systems reported strong Q4 2024 revenues, up 27% to $1.36 billion, driven by surging demand for AI-driven chip design software and expanded partnerships with major chipmakers like Nvidia and Intel. Despite robust growth and a 2024 fiscal year revenue of $4.6 billion, the company's 2025 financial outlook fell below Wall Street expectations due to uncertainties in its China business amid evolving trade restrictions. Cadence expects flat growth in China for 2025 and plans to be prudent with its guidance given the market's unpredictability."
2025-02-19 05:12:26,Roundhill Launches 5 Leveraged Weekly Income ETFs,ETF Database,0.643644,0.320975,0.243203,https://etfdb.com/news/2025/02/19/5-leveraged-weekly-income-etfs-roundhill/,"Roundhill Investments has launched five new WeeklyPay ETFs (NVW, TSW, AAPW, COIW, PLTW) on the Cboe Exchange, offering weekly distributions and leveraged exposure to specific single stocks like Nvidia, Tesla, and Apple. These actively managed funds aim to generate 1.2 times the weekly returns of their underlying companies, providing income-focused investors with amplified returns and potential tax advantages through return of capital distributions. This innovation expands Roundhill's portfolio of weekly income strategies, with plans for additional leveraged WeeklyPay ETFs covering other major companies."
2025-02-19 05:08:31,Data Center Demand Is Exploding Thanks to AI: 1 Stock and 2 ETFs to Profit From It,The Globe and Mail,0.62263,0.341965,0.300895,https://www.theglobeandmail.com/investing/markets/markets-news/Motley%20Fool/30998470/data-center-demand-is-exploding-thanks-to-ai-1-stock-and-2-etfs-to-profit-from-it/,"The rapid advancement of artificial intelligence (AI) is causing an explosive growth in data center demand due to the massive computing power required. Investors looking to capitalize on this trend can consider Vistra (NYSE: VST) for its role in providing power, especially nuclear energy, to hyperscalers. Additionally, two ETFs, the Global X Data Center & Digital Infrastructure ETF (NASDAQ: DTCR) and the Global X MLP & Energy Infrastructure ETF (NYSEMKT: MLPX), offer diversified exposure to data center operators, digital infrastructure, and the energy sources powering them."
2025-02-19 04:50:03,"Going Into Earnings, Is Nvidia Stock a Buy, a Sell, or Fairly Valued?",Morningstar,1.0,0.291662,0.121958,https://www.morningstar.com/stocks/going-into-earnings-is-nvidia-stock-buy-sell-or-fairly-valued-5,"Morningstar assesses Nvidia (NVDA) stock ahead of its Q4 earnings report, maintaining a ""fairly valued"" rating with a long-term fair value estimate of $130 per share. The analysis highlights the critical role of Nvidia's data center business, its wide economic moat due to GPU technology and CUDA software, and the ""Very High"" uncertainty rating given competitive pressures and market dynamics. Despite potential slowdown concerns and competition, Morningstar projects robust growth for Nvidia's data center revenue in the near-to-medium term."
2025-02-18 21:57:00,"Chip design software maker Cadence forecasts annual profit below estimate, shares down",Reuters,0.600712,-0.10131,-0.21411,https://www.reuters.com/technology/chip-design-software-maker-cadence-forecasts-annual-profit-below-estimate-shares-2025-02-18/,"Cadence Design Systems forecast its annual profit and revenue below analysts' estimates for fiscal year 2025, leading to a 5% drop in shares during extended trading. The company cites soft demand for its chip design software due to clients tightening spending in a challenging economic environment, particularly in the automotive market, and potential U.S. government restrictions on sales to Chinese entities. Additionally, rival Synopsys' proposed acquisition of Ansys poses a threat to Cadence's market share in the concentrated industry."
2025-02-18 04:01:32,"Taiwan's ASE opens fifth plant in Penang, will hire additional 1,500 staff",The Edge Malaysia,0.572463,0.347674,0.262059,https://theedgemalaysia.com/node/744814,"Taiwanese semiconductor firm ASE Technology Holding Co Ltd has opened its fifth plant in Penang, significantly expanding its operations in Malaysia. The new facility, focusing on chip packaging and testing, will triple its floor space to 3.4 million square feet and create 1,500 new jobs. This expansion strengthens Penang's role in the global semiconductor industry, dubbed the ""Silicon Valley of the East,"" and highlights the strong partnership between Malaysia and Taiwan."
2025-02-18 01:52:31,"NVDW ETF Analysis: Dividends, Returns CBOE:NVDW",TradingView,0.949381,0.149451,0.061821,https://www.tradingview.com/symbols/CBOE-NVDW/analysis/,"This article provides an in-depth analysis of the Roundhill NVDA WeeklyPay ETF (NVDW), highlighting its objective to deliver weekly income and 1.2x leveraged exposure to NVIDIA (NVDA) stock performance. It details the fund's structure, inclusion of total return swap agreements, and investments in short-term US Treasurys for collateral. The analysis also covers key statistics such as AUM, dividend yield, expense ratio, and mentions the inherent risks due to leverage and lack of diversification."
2025-02-17 04:37:57,2 High-Powered ETFs That Have Doubled in 5 Years. Here's Why It's Not Too Late to Invest.,The Globe and Mail,0.710006,0.406831,0.423683,https://www.theglobeandmail.com/investing/markets/markets-news/Motley%20Fool/30963180/2-high-powered-etfs-that-have-doubled-in-5-years-heres-why-its-not-too-late-to-invest/,"This article highlights two growth-focused ETFs, the iShares Russell 1000 Growth ETF (IWF) and the Schwab U.S. Large-Cap Growth ETF (SCHG), both of which have doubled in value over the past five years. It explains why these ETFs, concentrating on large and mid-cap growth stocks, particularly in tech and consumer discretionary sectors, remain attractive investments. The article suggests that despite past gains, continued growth in areas like AI and strong underlying companies make them suitable for long-term investors."
2025-02-15 04:05:12,"LI's Broadridge, Verint testing new Chinese chatbot DeepSeek for automation, efficiency",Newsday,0.644041,-0.14641,-0.081592,https://www.newsday.com/business/deepseek-broadridge-financial-solutions-verint-systems-n4c5lmf3,"Long Island-based technology companies Broadridge Financial Solutions and Verint Systems are testing DeepSeek, a Chinese artificial intelligence app, to improve efficiency and automate processes. Despite potential security risks and bans on government devices, both companies are evaluating DeepSeek in closed systems, seeing it as a cost-effective alternative to other AI tools like ChatGPT. Experts note DeepSeek's ability to train on smaller datasets as an advantage."
2025-02-14 12:25:00,Arm plans to sell its own chips in an effort to ramp up revenues,Euronews.com,0.635636,-0.117192,0.039711,https://www.euronews.com/business/2025/02/14/arm-takes-manufacturing-into-its-own-hands-as-it-plans-to-sell-chips,"Chip designer Arm is reportedly shifting its strategy to manufacture and sell its own chips, aiming to increase revenues and compete with its existing clients like Qualcomm. This move signifies a departure from its traditional business model of licensing intellectual property and could significantly disrupt the semiconductor industry, particularly in the data center and AI sectors. Arm, owned by SoftBank Group, is expected to reveal its first chip by summer 2025."
2025-02-14 11:00:00,SMH Vs. SOXX: Both Are Attractive But I Prefer SMH (NASDAQ:SMH),Seeking Alpha,0.602297,0.305096,0.286884,https://seekingalpha.com/article/4758446-smh-vs-soxx-both-are-attractive-but-i-prefer-smh,"This article compares the VanEck Semiconductor ETF (SMH) and the iShares Semiconductor ETF (SOXX), finding both attractive due to the foundational role of their underlying companies in technology and current valuation discounts. The author believes the market misinterpreted impacts from DeepSeek, creating a buying opportunity. The author ultimately prefers SMH due to a personal preference for concentration and a stronger bullish view on its top holdings, NVIDIA (NVDA) and Taiwan Semiconductor Manufacturing Company (TSM)."
2025-02-14 08:37:00,"SoundHound AI, Serve, Nano-X in focus as Nvidia exits stakes; cuts Arm investment (NVDA:NASDAQ)",Seeking Alpha,1.0,-0.518092,-0.606124,https://seekingalpha.com/news/4408523-soundhound-ai-serve-nano-x-in-focus-as-nvidia-exits-stakes-cuts-arm-investment,"Nvidia has reportedly exited its stakes in SoundHound AI, Serve Robotics, and Nano-X, causing shares of these companies to fall sharply in premarket trading. The Jensen Huang-led chipmaker also reduced its investment in Arm, according to its latest 13-F filing. This move indicates a shift in Nvidia's investment portfolio."
2025-02-14 04:01:32,ASE expects revenue to at least double,Taipei Times,0.625088,0.441638,0.548574,https://www.taipeitimes.com/News/biz/archives/2025/02/14/2003831834,"ASE Technology Holding Co (日月光投控), the world’s biggest chip assembly and testing manufacturing (ATM) service provider, yesterday said revenue from its leading-edge packaging and testing services would more than double to US$1.6 billion this year. This growth is attributed to the accelerating adoption of artificial intelligence (AI) technology spreading to edge devices and increased demand from Chinese customers due to US restrictions. The company plans to spend US$2 billion on new manufacturing equipment and facilities this year to cope with growing demand and expects an improved gross margin for its ATM business."
2025-02-14 03:59:42,"After Earnings, Is Advanced Micro Devices Stock a Buy, a Sell, or Fairly Valued?",Morningstar,0.863414,0.135269,0.094832,https://www.morningstar.com/stocks/after-earnings-is-advanced-micro-devices-stock-buy-sell-or-fairly-valued,"Advanced Micro Devices (AMD) reported strong fourth-quarter results with growth in client and data center revenue, though its AI GPU growth forecast was disappointing compared to competitor Nvidia. Morningstar has cut its fair value estimate for AMD to $140 per share from $160 due to less optimism about AI GPU growth, but still considers the stock undervalued. The company holds a narrow economic moat based on intangible assets in chip design and expects significant long-term growth, particularly in the data center segment for AI applications."
2025-02-14 03:18:00,"Applied Digital Jumps On $375M SMBC Deal, Hood Stake – Retail Sentiment Improves",Stocktwits,0.648149,0.324861,0.391261,https://stocktwits.com/news-articles/markets/equity/applied-digital-robinhood-stake-smbc-loan-ai-expansion/ch5i2T6RHt/amp,"Applied Digital (APLD) surged over 12% following a $375 million financing deal with Sumitomo Mitsui Banking Corporation (SMBC) for its Ellendale HPC campus. The stock also benefited from filings showing Hood River Capital Management acquired a 7.17% stake and Nvidia maintained its investment. This news significantly boosted retail sentiment on Stocktwits, moving it from bearish to neutral."
2025-02-13 04:01:11,"Report: Arm to build its own chips, and Meta is first in line to buy them",SiliconANGLE,0.605455,-0.103536,0.097238,https://siliconangle.com/2025/02/13/report-arm-build-own-chips-meta-first-line-buy/,"Arm Holdings Plc. reportedly plans to design and build its own server CPUs, with Meta Platforms Inc. lined up as a first customer, marking a significant shift from its traditional licensing model. This move, driven by the lucrative AI chip market, could put Arm in direct competition with its existing licensees, potentially alienating customers but offering substantial new revenue streams. Analysts highlight both the immense opportunity in AI and the risks of disrupting established customer relationships."
2025-02-12 05:22:27,Direxion Launches 2 Leveraged AMD ETFs Amid AI Chip Race,Yahoo Finance,0.737339,0.247138,0.345761,https://finance.yahoo.com/news/direxion-launches-2-leveraged-amd-003114053.html,"Direxion has launched two new leveraged ETFs, Direxion Daily AMD Bull 2X Shares (AMUU) and Direxion Daily AMD Bear 1X Shares (AMDD), offering traders concentrated exposure to Advanced Micro Devices (AMD) stock. This move comes as AMD expands its presence in the artificial intelligence and data center markets, aiming to challenge Nvidia's dominance. The ETFs are designed for short-term trading due to their high-risk nature."
2025-02-12 04:32:21,"DeepSeek Shows There Is No Longer One “AI Trade,” but Many",Morningstar,0.732873,-0.105162,0.113369,https://www.morningstar.com/funds/deepseek-shows-there-is-no-longer-one-ai-trade-many,"Recent developments from Chinese company DeepSeek, particularly its R1 model which uses fewer expensive chips, are signaling a new phase in AI investing. Fund managers now anticipate greater divergence among AI players, with potential benefits for companies like Broadcom and Marvell due to a shift towards more efficient chips. While efficiency gains could impact demand for some hardware, the overall growth in AI applications is expected to compensate, benefiting key players like Nvidia and Taiwan Semiconductor."
2025-02-12 04:20:56,Solid Earnings Reflect Cirrus Logic's (NASDAQ:CRUS) Strength As A Business,Simply Wall St,0.570514,0.103181,0.312894,https://simplywall.st/stocks/us/semiconductors/nasdaq-crus/cirrus-logic/news/solid-earnings-reflect-cirrus-logics-nasdaqcrus-strength-as,"Cirrus Logic's recent strong earnings are supported by its impressive free cash flow. The company's accrual ratio of -0.11 indicates that its free cash flow of US$457m significantly exceeded its statutory profit of US$305.1m for the year ending December 2024. Additionally, its earnings per share have grown by 28% annually over the past three years, suggesting strong underlying business performance."
2025-05-07 22:58:00,"Google's parent company Alphabet shares plunge over 8% amid AI search competition, malware threats",The Times of India,0.0,0.0,-0.105011,https://timesofindia.indiatimes.com/business/international-business/googles-parent-company-alphabet-shares-plunge-over-5-amid-ai-search-competition-malware-threats/articleshow/120970730.cms,"Alphabet Inc. shares dropped over 8% following revelations from an antitrust trial, citing increased AI search competition and new malware threats. Apple executive Eddy Cue testified about declining Google search traffic due to AI alternatives and announced future AI choices in Safari. Google also disclosed a new malware strain, LOSTKEYS, linked to a Russian hacking group, and partnered with Elementl Power to build nuclear plants to power AI data centers, addressing the anticipated surge in electricity usage."
2025-05-07 17:40:42,Vanguard Information Technology Index Fund ETF Shares (VGT) Stock Price Quote Today & Current Price Chart,Capital.com,0.0,0.0,0.106318,https://capital.com/en-int/markets/shares/vanguard-information-technology-index-fund-etf-shares-share-price,"This article provides the current stock price and chart for the Vanguard Information Technology Index Fund ETF Shares (VGT), which tracks the performance of the MSCI US Investable Market Information Technology Index. It details trading conditions for CFDs on VGT, including spread, margin, and overnight funding adjustments. The fund invests in large, mid-size, and small U.S. companies within the information technology sector."
2025-05-07 00:30:54,ServiceNow Enhances Its Workflow Data Fabric With New Ecosystem to Power AI agents and Workflows With Real-Time Intelligence,Business Wire,0.0,0.0,0.379977,https://www.businesswire.com/news/home/20250507149031/en/ServiceNow-Enhances-Its-Workflow-Data-Fabric-With-New-Ecosystem-to-Power-AI-agents-and-Workflows-With-Real-Time-Intelligence,"ServiceNow announced new Workflow Data Fabric capabilities, including the Workflow Data Network, a broad ecosystem connecting data platforms, applications, and tools on the ServiceNow AI Platform. This initiative aims to address siloed data challenges in AI adoption by enabling AI agents and workflows to access real-time intelligence from any source through enhanced partnerships and over 100 integrations. ServiceNow also declared its intent to acquire data.world to bolster its data catalog and governance solutions, further strengthening its AI platform."
2025-05-06 23:49:11,"How Citizens Bank is building GenAI with a five-year vision, not just quick fixes",Tearsheet,0.0,0.0,0.227284,https://tearsheet.co/artificial-intelligence/how-citizens-bank-is-building-genai-with-a-five-year-vision-not-just-quick-fixes/,"Citizens Bank's Chief Data and Analytics Officer, Krish Swamy, discusses the bank's long-term vision for GenAI implementation, emphasizing a five-year outlook rather than quick fixes. The strategy is built on a strong data infrastructure to enhance decision-making, optimize customer experiences, and improve areas like fraud detection and call center efficiency. Swamy explains their methodical approach to GenAI, focusing on strategic partnerships and cultural management to drive innovation within the banking sector."
2025-05-06 22:20:00,"Arista Networks beats expectations in its latest results, but stock moves lower",SiliconANGLE,0.0,0.0,0.039489,https://siliconangle.com/2025/05/06/arista-networks-beats-expectations-latest-results/,"Arista Networks reported strong first-quarter earnings and revenue, surpassing analyst expectations. Despite beating targets and seeing increased AI spending from key customers, the company's stock fell almost 4% after it warned of a sequential decline in gross and operating margins for the current quarter, disappointing investors. The company's board also approved an additional $1.5 billion in share repurchases."
2025-05-06 00:16:11,2025 CEO Study: 5 mindshifts to supercharge business growth,IBM,0.0,0.0,0.327782,https://www.ibm.com/thought-leadership/institute-business-value/en-us/report/2025-ceo,"The 2025 IBM CEO study identifies five crucial mindshifts for business growth amidst rapid technological change, particularly with agentic AI. These shifts include prioritizing courage, embracing creative destruction through AI, building strong data environments, focusing on ROI over FOMO, and leveraging external talent. The study emphasizes that top-performing CEOs are proactive in using AI to forecast the future, drive strategic risk-taking, and redefine business models for sustainable success."
2025-05-04 07:02:00,"This low-profile CEO is the highest-paid in America with a $101 million paycheck that beat out Starbucks, Microsoft, and Apple chiefs",Fortune,0.0,0.0,0.121681,https://fortune.com/2025/05/04/highest-paid-ceo-america-compensation-stock-awards-coherent/,"Jim Anderson, the CEO of Coherent, has emerged as America's highest-paid CEO with a 2024 compensation package totaling over $101 million, largely due to stock awards. This figure surpassed the earnings of well-known executives like those from Starbucks, Microsoft, and Apple. Anderson's low-profile company, Coherent, specializes in network and laser equipment, and his compensation highlights a rising trend in CEO pay driven by significant stock payouts."
2025-05-03 11:44:00,3 Reasons Every Investor Should Own Fidelity’s FTEC ETF,24/7 Wall St.,0.0,0.0,0.35067,https://247wallst.com/investing/2025/05/03/3-reasons-every-investor-should-own-fidelitys-ftec-etf/,"The article advocates for investors to own Fidelity's FTEC ETF due to its diversified exposure to the information technology sector, significant growth potential, and stability derived from its broad diversification. FTEC offers immediate access to major tech firms, boasts 143% returns over five years, and maintains a moderate expense ratio and volatility compared to the S&P 500. Its portfolio of 283 stocks helps mitigate risks associated with individual company performance."
2025-05-01 21:10:25,Microsoft Earnings Rise on Double-Digit Growth Across Key Units,Moomoo,0.0,0.0,0.209672,https://www.moomoo.com/news/post/52406076/microsoft-earnings-rise-on-double-digit-growth-across-key-units,"The article ""Microsoft Earnings Rise on Double-Digit Growth Across Key Units"" reports on Microsoft's strong financial performance. It highlights double-digit growth seen across several of the company's key business units. This positive trend indicates a robust and diversified revenue stream for Microsoft."
2025-04-30 04:18:00,"Sify and partners to invest Rs 10,000 crores in Chennai DC over next five years: MP Vijaykumar",W.Media,0.0,0.0,0.418179,https://w.media/sify-and-partners-to-invest-rs-10000-crores-in-chennai-dc-over-next-five-years-mp-vijaykumar/,"Sify Infinit Spaces and its partners are set to invest ₹10,000 crore over the next five years in their new AI-ready data center campus in Chennai, with an eventual capacity of 130 MW. The facility is designed to support high-density AI workloads, utilizing liquid cooling and aiming for significant reliance on renewable energy. This investment is part of Sify's larger strategy to expand its digital infrastructure across India, particularly in cities with submarine cable landing capabilities."
2025-04-30 03:51:00,These 3 Funds Offer Sky-High Yields of 15% or More and Trade at a Discount,The Globe and Mail,0.0,0.0,0.290395,https://www.theglobeandmail.com/investing/markets/markets-news/Motley%20Fool/32126231/these-3-funds-offer-sky-high-yields-of-15-or-more-and-trade-at-a-discount/,"This article identifies three closed-end funds (CEFs) that offer exceptionally high distribution yields of 15% or more and trade at a discount to their net asset value. These funds are abrdn Life Sciences Investors, BlackRock Capital Allocation Term Trust, and BlackRock Science and Technology Term Trust. While attractive for their high yields, the article cautions that these funds' returns often do not fully cover their large distributions, potentially leading to a decline in net asset value over time."
2025-04-30 02:25:07,Borderlands 4 Unveils Action-Packed Gameplay Deep Dive,Business Wire,0.0,0.0,0.385813,https://www.businesswire.com/news/home/20250430134220/en/Borderlands-4-Unveils-Action-Packed-Gameplay-Deep-Dive,"2K and Gearbox Software revealed extensive gameplay footage of Borderlands 4 during a PlayStation State of Play event, showcasing two new Vault Hunters, Vex the Siren and Rafa the Exo-Soldier. The game, set to launch on September 12, 2025, across multiple platforms, introduces an advanced skill tree system and an updated gear system with new weapon manufacturers and enhancements. Players will explore the planet Kairos, battling the oppressive Timekeeper and his forces in a co-op friendly environment with instanced loot and dynamic scaling."
2025-04-30 01:51:29,S&P 500 on a Winning Streak Since November: VOO vs. SPY ETF,TradingView,0.0,0.0,0.240952,https://www.tradingview.com/news/zacks:1eaaeb8a7094b:0-s-p-500-on-a-winning-streak-since-november-voo-vs-spy-etf/,"The S&P 500 has been on a winning streak since November, largely due to easing trade tensions and strong corporate earnings. This article compares two popular S&P 500 ETFs, VOO and SPY, highlighting their key differences in expense ratio, asset growth, structure, and tax efficiency. While VOO is recommended for long-term investors due to lower fees and better tax structure, SPY remains popular with traders for its high liquidity."
2025-04-30 01:02:20,"This Buy-Rated Tech Stock Could Be an Underrated Tariff Winner, According to Analysts",The Globe and Mail,0.0,0.0,0.355551,https://www.theglobeandmail.com/investing/markets/stocks/ANET/pressreleases/32146032/this-buy-rated-tech-stock-could-be-an-underrated-tariff-winner-according-to-analysts/,"Rosenblatt Securities upgraded Arista Networks (ANET) from ""Sell"" to ""Neutral,"" citing the company's strong market position due to rising tariffs making competitor ""White Box"" switching options less attractive. Arista is projected to secure significant AI factory data center contracts from major tech companies like Microsoft, Oracle, and Alphabet, reinforcing its competitive edge and $750 million AI revenue goal for 2025. Despite a slight dip after Q4 earnings, analysts maintain a ""Moderate Buy"" rating, expecting substantial EPS growth and a potential upside of 36.4% to 76.2%."
2025-04-29 00:00:00,"PayPal Brings Together Developers, AI Leaders to Power Agentic Commerce at Dev Days",PayPal Newsroom,0.0,0.0,0.368293,"https://newsroom.paypal-corp.com/2025-04-29-PayPal-Brings-Together-Developers,-AI-Leaders-to-Power-Agentic-Commerce-at-Dev-Days","PayPal is leading the agentic commerce revolution, providing developers and merchants with innovative AI tools to create next-generation shopping experiences. The company is hosting Dev Days, collaborating with AI leaders like Amazon Web Services, Anthropic, Google Cloud, and Microsoft, to demonstrate the power of agentic experiences. PayPal's goal is to enable AI agents to transact on behalf of customers and businesses, providing secure and efficient commerce operations."
2025-04-28 01:51:13,IBM named a Leader in the 2025 Gartner® Magic Quadrant™ for process mining,IBM,0.0,0.0,0.342043,https://www.ibm.com/new/announcements/ibm-named-a-leader-in-the-2025-gartner-magic-quadrant-for-process-mining,"IBM has been recognized as a Leader in the 2025 Gartner Magic Quadrant for Process Mining Platforms, a testament to its complete process visibility, AI-powered insights, and seamless integration with automation. The platform provides a clear, end-to-end view of operations, offers proactive recommendations, and turns insights into automated workflows for efficiency gains. This recognition highlights IBM's commitment to continuous innovation, democratizing process insights, and driving significant business outcomes for its clients."
2025-04-28 00:00:00,How cloud technology and storage are helping power AI,Invesco,0.0,0.0,0.269728,https://www.invesco.com/qqq-etf/en/innovation/how-cloud-technology-and-storage-are-helping-power-ai.html,"This article explains how cloud computing and data storage are fundamental to the advancement of artificial intelligence (AI), providing the necessary scalability and data processing capabilities. It highlights key companies within the Invesco QQQ ETF, such as Microsoft, Amazon, Alphabet, and Micron Technology, that are leading innovations in cloud and storage solutions for AI. The piece concludes by emphasizing the deepening relationship between AI and cloud technology, and their increasing demand for greater infrastructure and storage capacity in the future."
2025-04-26 02:28:29,I think this $300 neural wristband made me lose some neurons,Cybernews,0.0,0.0,-0.057383,https://cybernews.com/gadgets/mudra-link-hand-gesturing-wristband-review/,"The author reviews the Mudra Link, a neural input wristband designed for controlling devices via hand gestures. While initially hopeful it could assist with cooking and learning, the device proved frustrating due to issues with sensitivity, precision, and the inability to put it in an inactive mode. Ultimately, the author concluded that traditional buttons and swiping remain more reliable for device interaction."
2025-04-25 18:52:09,"CXAI Stock Price, News & Analysis",Stock Titan,0.0,0.0,0.372941,https://www.stocktitan.net/overview/CXAI/,"CXApp Inc. (NASDAQ: CXAI) specializes in AI-powered workplace and employee experience platforms, leveraging Agentic AI and spatial intelligence to optimize hybrid work environments for large enterprises. The company offers a SaaS platform with recurring revenue, focusing on tools for booking, navigation, communication, and operational coordination across physical and digital spaces. CXAI partners with major cloud providers and aims to integrate advanced AI capabilities to enhance productivity and engagement in the modern workplace."
2025-04-25 10:07:00,IGN and Eurogamer owner Ziff Davis is suing OpenAI for content theft,Video Games Chronicle,0.0,0.0,-0.521332,https://www.videogameschronicle.com/news/ign-and-eurogamer-owner-ziff-davis-is-suing-openai-for-content-theft/,"Digital publisher Ziff Davis, owner of prominent gaming brands like IGN and Eurogamer, is suing OpenAI for alleged widespread copyright infringement. The lawsuit, filed in Delaware, claims OpenAI ""intentionally and relentlessly reproduced exact copies and created derivatives of Ziff Davis works"" to train its ChatGPT AI models. Ziff Davis is seeking ""at least hundreds of millions of dollars"" in damages, while OpenAI maintains its use of copyrighted material is protected under fair use."
2025-04-25 04:51:57,"ORKT Stock Price, News & Analysis",Stock Titan,0.0,0.0,0.059208,https://www.stocktitan.net/overview/ORKT/,"Orangekloud Technology Inc. (ORKT) is a Singapore-based company specializing in no-code and AI-driven application development, particularly through its eMOBIQ® platform, targeting SMEs and corporations. The company focuses on digitalizing business operations across various sectors like manufacturing and retail, utilizing AI to streamline app development and integration. Orangekloud has strategic partnerships and has addressed Nasdaq listing compliance, indicating its active presence in both technological innovation and capital markets."
2025-04-25 02:30:20,Ziff Davis files copyright lawsuit against OpenAI in US federal court,Verdict,0.0,0.0,-0.14329,https://www.verdict.co.uk/ziff-copyright-lawsuit-openai/,"Ziff Davis, a digital media publisher, has filed a copyright infringement lawsuit against OpenAI in Delaware federal court, alleging that OpenAI unlawfully used its publications to train and operate its large language models like ChatGPT. The lawsuit claims that OpenAI ""intentionally and relentlessly"" reproduced Ziff Davis's content, which includes nearly two million articles annually, without authorization. OpenAI, in response, stated that its AI models are trained on publicly available data and are grounded in fair use."
2025-04-25 02:24:16,Tencent Music close to $2.4 billion deal to acquire podcast firm Ximalaya – with a potential payday for Sony Music,Music Business Worldwide,0.0,0.0,-0.05651,https://www.musicbusinessworldwide.com/tencent-music-close-to-2-4-billion-deal-to-acquire-podcast-firm-ximalaya-with-a-potential-payday-for-sony-music/,"Tencent Music Entertainment (TME) is reportedly nearing a $2.4 billion acquisition of Chinese podcast company Ximalaya, which would significantly expand TME's audio content beyond music. This deal could result in a substantial payday for Sony Music Entertainment, an existing shareholder in Ximalaya. The acquisition aligns with TME's strategy to diversify and compete with global streaming giants like Spotify, which has also been aggressively expanding into podcasts and audiobooks."
2025-04-24 02:01:09,Sam Altman steps down as Oklo board chair,American Nuclear Society -- ANS,0.0,0.0,0.219191,https://www.ans.org/news/2025-04-24/article-6979/sam-altman-steps-down-as-oklo-board-chair/,"Sam Altman has stepped down as board chair of advanced nuclear company Oklo Inc., a position he held since 2015. This move aims to facilitate new partnership opportunities between Oklo and OpenAI, where Altman serves as CEO, and other AI companies. Oklo's CEO and cofounder, Jacob DeWitte, will take over as chair, focusing on deploying scalable, clean energy to support AI development."
2025-04-24 00:57:37,"AVPT Stock Price, News & Analysis | Avepoint",Stock Titan,0.0,0.0,0.315591,https://www.stocktitan.net/overview/AVPT/,"AvePoint, Inc. (AVPT) specializes in data security, governance, and resilience for organizations utilizing SaaS and cloud collaboration platforms, offering its ""Confidence Platform"" to manage and protect critical data across various environments like Microsoft, Google, and Salesforce. The company is particularly focused on AI governance, including agentic AI systems, with solutions like the AgentPulse Command Center to track and manage AI agents. AvePoint emphasizes its multi-SaaS and multi-cloud data protection capabilities and operates a global channel partner program, with its shares dual-listed on Nasdaq and the Singapore Exchange."
2025-04-23 02:24:16,Tencent Music lets musicians generate AI tracks and send them directly to streaming app QQ Music,Music Business Worldwide,0.0,0.0,0.188417,https://www.musicbusinessworldwide.com/tencent-music-lets-musicians-generate-ai-tracks-and-send-them-directly-to-streaming-app-qq-music/,"Tencent Music Entertainment (TME) is expanding its AI capabilities, allowing musicians to generate AI tracks with lyrics and vocals using DeepSeekR1 and AI songwriting tools, then publish them directly to QQ Music. The company's ESG report details these advancements, which include features like AI Tone Magician and Music Separation, alongside a significant increase in independent artists on its platform. However, the report also acknowledges risks associated with evolving AI regulations, potential copyright infringement, and the need for clear ownership and attribution of AI-generated content."
2025-04-23 02:16:19,NASDAQ:QQQI Hits $20.43 with Huge 16.23% Yield—Top ETF to Buy Now?,TradingNEWS,0.742403,0.309986,0.336567,https://www.tradingnews.com/news/nasdaq-qqi-etf-at-20-usd-your-ticket-to-a-16-percent-dividend-yield,"The NEOS NASDAQ-100 High Income ETF (NASDAQ:QQQI) is trading at $20.43 with a significant 16.23% dividend yield, employing a dual-option strategy that has led to a 7.43% total return since its January 2024 inception, outperforming the Nasdaq-100. Despite its strong income generation and tax benefits from Section 1256 contracts and high return of capital, investors must consider the ETF's limited capital appreciation potential and risks to NAV stability during market downturns. The article maintains a bullish rating for QQQI, recommending it as a supplemental holding for income-focused investors while cautioning about its suitability as a core portfolio element due to its capped upside and vulnerability to volatility."
2025-04-22 01:59:52,Insight Introduces RADIUS AI to Accelerate ROI-Focused AI Adoption,AiThority,0.0,0.0,0.332197,https://aithority.com/machine-learning/insight-introduces-radius-ai-to-accelerate-roi-focused-ai-adoption/,"Insight Enterprises has launched RADIUS AI, a new solution designed to help organizations achieve a faster Return on Investment (ROI) from their artificial intelligence initiatives. This solution offers structured assessments, workshops, and tailored roadmaps to identify high-impact AI integration opportunities, including generative AI, machine learning, and computer vision. RADIUS AI aims to improve efficiency, foster innovation, and boost revenue by aligning AI implementation with specific business outcomes."
2025-04-21 10:23:00,IBM's Q1 Earnings on the Horizon: How to Play the Stock Now?,Finviz - Stock Screener,0.647887,0.313238,-0.026531,https://finviz.com/news/27693/ibms-q1-earnings-on-the-horizon-how-to-play-the-stock-now,"IBM is scheduled to report its first-quarter 2025 earnings on April 23, with sales and earnings estimates at $14.45 billion and $1.42 per share, respectively. Despite strategic collaborations with Walmart GoLocal and NVIDIA, and the acquisition of HashiCorp, IBM's earnings surprise model does not predict a beat, showing a negative Earnings ESP of -1.68%. The article suggests investors might want to wait for a better entry point due to premium valuation, declining earnings estimates, and stiff competition in the cloud and AI sectors, although long-term growth is expected from hybrid cloud and AI demand."
2025-04-21 01:55:23,Lumen’s love affair with cloud hyperscalers could reshape the internet,Fierce Network,0.0,0.0,0.33724,https://www.fierce-network.com/cloud/lumens-love-affair-cloud-hyperscalers-could-reshape-internet,"Lumen Technologies is partnering with Google Cloud to rebuild the internet's U.S. national architecture, creating new 400G cloud on-ramps. This initiative aims to replace outdated infrastructure, provide multi-cloud access through a single Lumen port, and support the growing demands of AI applications. Lumen's CTO Dave Ward emphasizes the ""co-opetition"" strategy, where Lumen offers its access network to hyperscalers who lack it, while gaining a global-scale partner in return."
2025-04-18 01:51:33,IONQ Stock: Analysts Predict 60% Jump for this Russell 2000 Quantum Computing Pick,The Globe and Mail,0.0,0.0,0.277875,https://www.theglobeandmail.com/investing/markets/stocks/AMZN/pressreleases/31949562/ionq-stock-analysts-predict-60-jump-for-this-russell-2000-quantum-computing-pick/,"IonQ (IONQ), a quantum computing company in the Russell 2000 index, is attracting significant attention with analysts forecasting a nearly 60% upside despite its 38% year-to-date decline. The company is strengthening its position through partnerships with Amazon and Microsoft, involvement with DARPA, and global access to its Forte Enterprise quantum computer. Analysts maintain a ""Strong Buy"" consensus, anticipating future growth driven by strategic initiatives despite some concerns about broader economic conditions."
2025-04-17 00:59:47,"AI Moves Faster than Security, CISOs Say Resilience is Way Forward",Absolute Security,0.0,0.0,0.324725,https://www.absolute.com/blog/ai-moves-faster-than-security-cisos-say-resilience-is-way-forward,"A recent survey by Absolute Security of 500 U.S.-based CISOs found that AI is outpacing cybersecurity measures, creating new risks. While CISOs largely support AI deregulation, they acknowledge it makes their jobs harder, especially with concerns about foreign platforms like DeepSeek and ""Shadow AI."" This has led 83% of CISOs to prioritize cyber resilience over traditional security, with 90% having implemented a resilience strategy to ensure business continuity against inevitable threats."
2025-04-16 07:31:00,2 Penny Stocks With $10 Potential,Finviz,0.0,0.0,0.350304,https://finviz.com/news/32215/2-penny-stocks-with-10-potential,"This article highlights two penny stocks, KORE Group Holdings (KORE) and Banzai International (BNZI), that are positioned for significant growth due to their involvement in the AI service industry and IoT sector, respectively. KORE is an IoT services provider seeing a resurgence in growth and institutional interest, while Banzai International, specializing in web-based event platforms, is considered a ripe takeover target. Both companies are expected to achieve substantial growth, with analysts projecting significant upside for BNZI."
2025-04-16 01:52:57,Kyndryl wants to help enterprises leverage their most sensitive data in AI workloads,SiliconANGLE,0.801655,0.287226,0.256434,https://siliconangle.com/2025/04/16/kyndryl-wants-help-enterprises-leverage-sensitive-data-ai-workloads/,"Kyndryl Holdings Inc. has launched new AI Private Cloud services to help enterprises securely deploy AI applications using sensitive data. These services are designed for regulated industries like financial services and healthcare, addressing concerns about data privacy and regulatory compliance. Kyndryl leverages its expertise and partnerships, including with Nvidia, to provide comprehensive consulting, design, and deployment assistance for private cloud AI environments."
2025-04-15 21:31:45,知乎最新股权曝光：周源持股14%有43.8%投票权 腾讯与快手是股东,新浪财经,0.0,0.0,0.027452,https://finance.sina.com.cn/tech/csj/2025-04-15/doc-inethkct5236897.shtml,知乎发布了2024年年报，披露截至2025年3月31日的最新股权结构，创始人兼CEO周源持股14%并拥有43.8%的投票权，腾讯和快手分列主要股东。年报同时显示，知乎2024年营收同比下降14%至36亿元，但净亏损大幅收窄80%至1.69亿元。公司管理层也进行了调整，王晗被任命为新CFO。
2025-04-11 14:02:00,ABSI Stock Soars Amid Strategic Moves: Buy or Wait?,StocksToTrade,0.0,0.0,0.225926,https://stockstotrade.com/news/absci-corporation-absi-news-2025_04_11/,"Absci Corporation (ABSI) stock has risen by 14.66% following a strong quarterly performance, despite missing revenue projections. ARK Investment, led by Cathie Wood, has significantly increased its stake in Absci, signaling confidence in the company's AI drug development advancements, particularly with programs like ABS-201 for hair loss and ABS-101 nearing clinical trials. While Absci shows strong growth potential as it transitions into a clinical-stage biotech firm, investors are advised to balance the inherent risks with the promising opportunities in the biotech arena."
2025-04-11 14:02:00,Balkrishan Kalra,Analytics Insight,0.0,0.0,0.257213,https://www.analyticsinsight.net/biography/balkrishan-kalra,"Balkrishan Kalra is the President and CEO of Genpact, a global professional services and digital transformation provider, having been appointed in 2024. He is recognized for his leadership in AI-powered transformation, having overseen initiatives like the Cora platform and numerous generative AI solutions. With an estimated net worth over $15 million, primarily from Genpact shareholdings, Kalra's career highlights include significant achievements in technology deployment and driving sustainable growth for the company, despite Genpact's various controversies regarding executive conduct, workplace ethics, and tax practices."
2025-04-09 01:58:08,"N-able Launches Vulnerability Management, Microsoft 365 Breach Prevention Features",CRN,0.0,0.0,0.384892,https://www.crn.com/news/channel-news/2025/n-able-launches-vulnerability-management-microsoft-365-breach-prevention-features,"N-able has introduced significant updates to its product suite, including built-in vulnerability management for its unified endpoint management solutions (N-central and N-sight) and the integration of Adlumin breach prevention for Microsoft 365 into its Ecoverse platform. These enhancements aim to provide MSPs with unified tools to identify and remediate vulnerabilities across operating systems and to proactively prevent identity-based breaches in Microsoft 365 environments. The company emphasizes that robust security is now a critical and mandatory service for MSPs managing corporate tech infrastructures."
2025-04-09 01:55:23,"Lumen Technologies, Google Cloud Partner To Connect And Power Enterprise Networks In The AI Era",CRN,0.0,0.0,0.344477,https://www.crn.com/news/networking/2025/lumen-technologies-google-cloud-partner-to-connect-and-power-enterprise-networks-in-the-ai-era,"Lumen Technologies and Google Cloud have partnered to offer new cloud and network connectivity services to enterprises, addressing the growing demands of AI workloads. The collaboration combines Lumen's secure connectivity services, including Network as a Service and managed SD-WAN, with Google's Cloud WAN, Distributed Cloud, and global cloud regions. This partnership aims to provide scalable, elastic, and reliable networks, with dedicated fiber access and high-performance connectivity, to meet the increasing data transmission needs of the AI era."
2025-04-09 00:00:00,Microsoft announces quarterly earnings release date,Microsoft Source,0.0,0.0,0.00471,https://news.microsoft.com/source/2025/04/09/microsoft-announces-quarterly-earnings-release-date-63/,"Microsoft Corporation has announced that it will release its fiscal year 2025 third-quarter financial results after the market closes on Wednesday, April 30, 2025. The results will be available on the Microsoft Investor Relations website, with a live webcast of the earnings conference call scheduled for 2:30 p.m. Pacific Time. The company, known for its AI-powered platforms and tools, reiterated its mission to empower individuals and organizations globally."
2025-04-08 01:58:08,"N-able Ecoverse Platform Strengthens Cyber Resiliency for the Microsoft Cloud, Adding Adlumin Breach Prevention for Microsoft 365",Business Wire,0.0,0.0,0.41357,https://www.businesswire.com/news/home/20250407790975/en/N-able-Ecoverse-Platform-Strengthens-Cyber-Resiliency-for-the-Microsoft-Cloud-Adding-Adlumin-Breach-Prevention-for-Microsoft-365,"N-able has enhanced its Ecoverse platform by integrating Adlumin Breach Prevention for Microsoft 365, aiming to bolster cyber resiliency for businesses using Microsoft Cloud services. This new addition helps protect against identity-based attacks, account takeovers, and unauthorized access by using machine-learning to detect and respond to anomalous user behavior within Microsoft 365 environments. The solution contributes to N-able's broader strategy of providing end-to-end Microsoft 365 management, security, and recovery tools."
2025-04-06 20:38:55,TCAF ETF Holdings List — AMEX:TCAF,TradingView,0.617851,0.143078,0.144832,https://www.tradingview.com/symbols/AMEX-TCAF/holdings/,"This article provides a detailed list of the top holdings for the T. Rowe Price Capital Appreciation Equity ETF (TCAF) as of April 8, 2026. It includes the symbol, weight percentage, number of shares, and market value for each company. Microsoft, Amazon, Apple, NVIDIA, and Alphabet are among the largest holdings."
2025-04-06 01:56:23,Mark Zuckerberg says Meta’s latest Llama models put open-source AI in the driving seat,SiliconANGLE,0.844145,0.220844,0.210281,https://siliconangle.com/2025/04/06/mark-zuckerberg-says-metas-latest-llama-models-put-open-source-ai-driving-seat/,"Meta Platforms Inc. has unveiled new additions to its Llama family of large language models, including Llama 4 Scout and Llama 4 Maverick, which Zuckerberg claims will put open-source AI in the driving seat. These models are available through Meta AI assistant and are designed for enhanced reasoning skills and various tasks. Meta is also working on a larger model, Llama 4 Behemoth, intended to be the ""highest performing base model in the world."""
2025-04-04 10:40:00,MSCI World verliert an Wert: So reagieren ETF-Anleger richtig,Finanztrends,0.744839,-0.215591,-0.230816,https://www.finanztrends.de/msci-world-verliert-an-wert-so-reagieren-etf-anleger-richtig/,"The MSCI World ETF is currently experiencing significant losses due to a tech correction in the US market, a weak dollar, and political uncertainties like new tariffs. With over 70% invested in US tech giants, the index is highly susceptible to these fluctuations. The article advises long-term investors to remain invested, consider diversifying into emerging markets or Europe, and assess their risk profile to potentially balance their portfolio with bonds or commodities."
2025-04-04 02:28:07,We Energies says electric rates for data centers should cover infrastructure costs in Wisconsin,WPR,0.0,0.0,0.183477,https://www.wpr.org/news/we-energies-electric-rates-data-centers-infrastructure-costs-wisconsin,"We Energies has proposed special electricity rates for data centers in Wisconsin, requiring these energy-intensive customers to pay for the infrastructure built to support their operations. This proposal aims to prevent residential and business customers from subsidizing the massive energy demands of new data centers like those from Microsoft and Cloverleaf Infrastructure. The utility is asking state regulators to approve these rates to ensure large customers cover the full cost of their energy consumption and the associated infrastructure."
2025-04-03 20:09:40,MSFU ETF Holdings List — NASDAQ:MSFU,TradingView,0.0,0.0,0.377509,https://www.tradingview.com/symbols/NASDAQ-MSFU/holdings/,"This article provides the holdings list for the Direxion Daily MSFT Bull 2X ETF (MSFU) as of March 18, 2026. The fund's primary holdings are U.S. Dollar at 87.80% and Microsoft Corporation (MSFT) at 12.20%."
2025-04-03 11:52:21,YMAG vs YMAX: Which YieldMax ETF Offers the Best Yield and Risk Profile?,TradingNEWS,0.611982,0.224719,0.220141,https://www.tradingnews.com/news/ymag-vs-ymax-a-deep-dive-into-two-high-yielding-etfs,"This article compares two high-yielding ETFs, YMAG (YieldMax Magnificent 7 Fund) and YMAX (YieldMax Universe Fund), detailing their strategies, performance, and risk profiles. YMAG focuses on the ""Magnificent 7"" tech stocks with a covered call strategy, offering a 27% yield but limited upside. YMAX, a fund-of-funds, diversifies across 29 YieldMax ETFs for broader exposure and a significantly higher 47.25% yield, though with increased risk of Net Asset Value erosion."
2025-04-03 02:00:28,NVIDIA Corporation (NVDA): Our Calculation of Intrinsic Value,The Acquirer's Multiple,1.0,-0.421896,-0.008096,https://acquirersmultiple.com/2025/04/nvidia-corporation-nvda-our-calculation-of-intrinsic-value/,"This article presents a discounted cash flow (DCF) analysis for NVIDIA Corporation (NVDA), concluding that the stock is overvalued. Based on conservative assumptions, the intrinsic value is estimated at $36.07 per share, significantly below the current market price of $110.42, indicating a -67.34% margin of safety. The author acknowledges criticism regarding the conservative growth rate assumptions and provides clarification on the methodology."
2025-04-02 22:39:54,SPUS ETF Holdings List — AMEX:SPUS,TradingView,0.964099,0.113328,0.121055,https://www.tradingview.com/symbols/AMEX-SPUS/holdings/,"This article provides a list of the top holdings for the SPUS ETF (SP Funds S&P 500 Sharia Industry Exclusions ETF) as of March 16, 2026. Key holdings include NVIDIA, Apple, Microsoft, and Alphabet Inc., with their respective weight percentages, share counts, and market values. The ETF focuses on sharia-compliant investments."
2025-04-02 17:22:00,3 High-Volatility Robinhood Penny Stocks to Watch in April 2025,StocksToTrade,0.0,0.0,0.255819,https://stockstotrade.com/news/robinhood-penny-stocks-2025_04_02/,"This article identifies three high-volatility penny stocks—MicroAlgo Inc. (MLGO), American Rebel Holdings (AREB), and CoreWeave Inc. (CRWV)—that Robinhood traders should watch in April 2025. It highlights the potential for short squeezes, media-driven breakouts, and AI-related growth as key drivers for these stocks. The piece emphasizes the importance of managing risk, following volume, and having a trading plan in a volatile market."
2025-11-14 22:21:49,"Banco Bradesco streamlines customer service with Azure AI Foundry, apps, and databases",Microsoft,0.0,0.0,0.359403,https://www.microsoft.com/en/customers/story/25660-banco-bradesco-sa-azure-ai-foundry,"Banco Bradesco has leveraged Microsoft Azure AI Foundry, apps, and databases to build ""Bridge,"" a multi-agent generative AI platform. This platform has significantly streamlined customer service and internal processes, leading to an 83% resolution rate in digital customer service and an 80% resolution rate for employee queries. Bradesco has also achieved over a 30% reduction in technology costs and up to 10x faster product launches, demonstrating substantial ROI and enhanced operational efficiency."
2025-11-14 20:21:48,In the Rear View: How Did Our 2025 Themes Pan Out?,J.P. Morgan,0.628468,0.496166,0.360801,https://www.jpmorgan.com/insights/markets-and-economy/top-market-takeaways/tmt-in-the-rear-view-how-did-our-2025-themes-pan-out,"J.P. Morgan reviews its 2025 mid-year market outlook, assessing how predictions for the economy, inflation, dollar trends, AI, and dealmaking played out. The article concludes that the economy showed resilience despite tariffs, AI was a significant earnings driver, dealmaking rebounded, and inflation remains a persistent risk. It emphasizes staying invested and diversified, preparing for their upcoming 2026 outlook."
2025-11-14 16:34:44,"Google (GOOGL) Stock Today: What to Know Before the US Market Opens on November 14, 2025",ts2.tech,0.0,0.0,-0.086066,https://ts2.tech/en/google-googl-stock-today-what-to-know-before-the-us-market-opens-on-november-14-2025/,"Google's stock (GOOGL) is under pressure before the US market opens on November 14, 2025, due to Federal Reserve jitters, fresh antitrust scrutiny in Europe, and a new privacy lawsuit concerning its Gemini AI assistant. Despite these headwinds and a pre-market dip, the company reported strong Q3 2025 results, with significant revenue growth and increased capital expenditure in AI, maintaining a largely positive outlook from Wall Street analysts. Key areas for investors to watch include the market's reaction to regulatory developments, the adoption of new AI shopping tools, and broader tech sentiment."
2025-11-14 16:34:44,"Google Stock Today, November 13, 2025: Alphabet Slides as EU Antitrust Probe and Tech Selloff Hit GOOGL",ts2.tech,0.0,0.0,-0.128755,https://ts2.tech/en/google-stock-today-november-13-2025-alphabet-slides-as-eu-antitrust-probe-and-tech-selloff-hit-googl/,"Alphabet's stock (GOOGL, GOOG) fell approximately 3% on November 13, 2025, due to a new EU antitrust investigation into Google's ""site reputation abuse"" policy and a broader selloff in tech stocks. Despite this drop, Alphabet's stock remains significantly up year-to-date and its fundamentals remain strong, with record Q3 2025 revenues. The EU probe introduces regulatory uncertainty and potential multibillion-dollar fines, adding pressure amid wider market jitters and profit-taking in the tech sector."
2025-11-14 15:09:11,"Virgin Galactic (SPCE) Narrows Q3 Loss, Reaffirms 2026 Space Tourism Launch as Stock Trades Near Lows",ts2.tech,0.0,0.0,-0.186816,https://ts2.tech/en/virgin-galactic-spce-narrows-q3-loss-reaffirms-2026-space-tourism-launch-as-stock-trades-near-lows/,"Virgin Galactic (SPCE) reported a narrowed Q3 2025 loss of $64 million, down from $75 million in Q3 2024, despite minimal revenue of $0.4 million. The company reaffirmed its target for flight testing of Delta-class spacecraft in Q3 2026 and commercial spaceflight in Q4 2026, with private astronaut flights following 6-8 weeks later. SPCE stock, trading around $3.31, is down over 40% year-to-date, reflecting market caution as the company continues to burn significant cash ($108 million in Q3)."
2025-11-14 06:09:21,Observability in AI: How Dynatrace adapts to agents,SiliconANGLE,0.0,0.0,0.3188,https://siliconangle.com/2025/11/14/agentic-ai-dynatrace-enterprise-observability-kubeconna/,"Dynatrace, a company known for providing observability and security for traditional workloads, is now adapting its mission to include support for AI-powered observability. This shift is driven by the rapid adoption of AI models, particularly agentic AI, which introduces new complexities in observability that Dynatrace aims to address by focusing on tracking against goals rather than traditional monitoring. Alois Reitbauer, Dynatrace's chief technology strategist, emphasized the company's focus on bringing observability to agentic operations as AI applications become more dynamic and task-oriented."
2025-11-14 00:00:00,"Microsoft, Oracle Shares Finish Higher After Early Declines",The Wall Street Journal,0.629724,0.387084,0.410991,https://www.wsj.com/livecoverage/stock-market-today-dow-sp-500-nasdaq-11-14-2025/card/microsoft-oracle-shares-pare-early-declines-E2VOdryOnSeYCAipUJVZ?gaa_at=eafs&gaa_n=AWEtsqe9bH8I_6KiwE25P7slYc7_ntPBw20srWplK2-G63zfl1O3IhnkArjS&gaa_ts=6919f7f2&gaa_sig=y3-27L8_x7i9nFNFNSyp_lJKu8aL9ZAHv6W8xPNs9Spec4oARGlwLctSB5o09peHynnGNq2m45Q64kuGyhpPzw%3D%3D,"Shares of Microsoft and Oracle finished higher after early declines on Friday, as dip-buyers stepped in for big tech stocks. Microsoft and Nvidia were both up over 1% by the close, while Oracle gained 2.4%. Major indexes reversed course to finish the week mixed."
2025-11-14 00:00:00,"Microsoft, Oracle Shares Finish Higher After Early Declines",The Wall Street Journal,0.632242,0.33495,0.344577,https://www.wsj.com/livecoverage/stock-market-today-dow-sp-500-nasdaq-11-14-2025/card/microsoft-oracle-shares-pare-early-declines-E2VOdryOnSeYCAipUJVZ?gaa_at=eafs&gaa_n=AWEtsqfHJQsTfUStO3wZTza-CnwRoZdTCLTgj-A1ITSpT2Eppdxcg3_SXGid&gaa_ts=691a0ac3&gaa_sig=xKt1iUu8h-kLwac7fICLiY-imAuIiNLzF27wOLhfJlWnZW6a9ur7-GcH8h2jxBfCN2hVe3AqtLGGzGrTFaIeKw%3D%3D,"Shares of Microsoft and Oracle, along with other mega-cap tech stocks, finished higher on Friday after early declines due to ""dip-buyers"" stepping in. This reversal helped lift the Nasdaq Composite into positive territory for the day and marked a mixed end to a volatile week for major indexes. Nvidia also saw gains, with Microsoft and Nvidia up over 1% and Oracle up 2.4%."
2025-11-14 00:00:00,"Microsoft, Oracle Shares Finish Higher After Early Declines",The Wall Street Journal,0.645366,0.419088,0.433022,https://www.wsj.com/livecoverage/stock-market-today-dow-sp-500-nasdaq-11-14-2025/card/microsoft-oracle-shares-pare-early-declines-E2VOdryOnSeYCAipUJVZ?gaa_at=eafs&gaa_n=AWEtsqfJjwecNlNv3ZTI0t2zbdHXHEZQ8ZhqVUZNP3DhHerwfcvsp9S2RhRz&gaa_ts=6919f59b&gaa_sig=zS_o3nih5xfW_JJkQcmvYLzIbikpmWrp0wPnMCVVd3NMgOyqK5ZVf0c8OTPMC0AujMQ2HkMAtLmFgyL3ORApOw%3D%3D,"Dip-buyers intervened to support big tech stocks on Friday, leading to a recovery for major companies like Microsoft, Nvidia, and Oracle after early declines. This turnaround helped lift the Nasdaq composite into positive territory for the day and allowed major indexes to finish the volatile week mixed."
2025-11-14 00:00:00,"Microsoft, Oracle Shares Finish Higher After Early Declines",The Wall Street Journal,0.613876,0.416416,0.436292,https://www.wsj.com/livecoverage/stock-market-today-dow-sp-500-nasdaq-11-14-2025/card/microsoft-oracle-shares-pare-early-declines-E2VOdryOnSeYCAipUJVZ?gaa_at=eafs&gaa_n=AWEtsqezRoQOxaKPz8ra_08ou8q-ykVncOY_LlWMAavG7mBFc1yO6AzX5FZd&gaa_ts=6919fb83&gaa_sig=jQU3gSh9g9kBm0z3joVzYtog9T5ue5ssGviVbeHpA6S1LTr6f3hi0sdWe5zQWYRcQ3v1pnlawxLsI0j9y52JLQ%3D%3D,"Shares of Microsoft and Oracle finished higher after early declines on Friday, as ""dip-buyers"" moved into big tech stocks. Microsoft and Nvidia both rose over 1%, and Oracle was up 2.4%, helping to lift the Nasdaq composite into positive territory for the day and leading major indexes to a mixed finish for the week."
2025-11-13 15:51:47,Mercurity Fintech Rebrands as Chaince Digital Holdings,The Globe and Mail,0.0,0.0,-0.067576,https://www.theglobeandmail.com/investing/markets/markets-news/Tipranks/33563932/mercurity-fintech-rebrands-as-chaince-digital-holdings/,"Mercurity Fintech Holding Inc. has officially rebranded as Chaince Digital Holdings Inc., adopting the new ticker symbol 'CD'. This strategic rebranding signifies the company's focus on tokenization and on-chain innovation within the digital finance sector. Despite the strategic shift, an AI analyst from TipRanks, Spark, rates the stock as ""Neutral"" due to poor financial performance, a bearish technical trend, and unattractive valuation metrics."
2025-11-13 15:11:00,La Rosa Holdings Corp. Secures $1.25 Billion in Financing for Strategic AI Data Center Development,Quiver Quantitative,0.0,0.0,0.393752,https://www.quiverquant.com/news/La+Rosa+Holdings+Corp.+Secures+%241.25+Billion+in+Financing+for+Strategic+AI+Data+Center+Development,"La Rosa Holdings Corp. has secured $1.25 billion in financing, comprising a $1 billion equity purchase facility and a $250 million convertible note facility, to pivot towards developing AI data center infrastructure. The funding will support strategic acquisitions and joint ventures in the technology sector, leveraging their real estate expertise to repurpose properties for advanced AI computing. CEO Joe La Rosa emphasized this move will position the company at the forefront of the AI ecosystem and deliver long-term value for stockholders."
2025-11-13 06:27:37,Newsmax Announces Third Quarter 2025 Financial Results,Newsmax,0.0,0.0,0.153912,https://ir.newsmax.com/news/news-details/2025/Newsmax-Announces-Third-Quarter-2025-Financial-Results/default.aspx,"Newsmax Inc. (NYSE:NMAX) announced its financial results for the third quarter ended September 30, 2025, reporting a 4.0% year-over-year revenue increase to $45.3 million, driven by growth in broadcasting and affiliate revenues. Despite a slight decrease in advertising revenue due to a non-election year comparison, the company emphasized its expanded distribution reach and strategic investments for long-term growth. Newsmax reiterated its full-year 2025 revenue guidance of $180 million to $190 million, highlighting its strong balance sheet and ongoing efforts to enhance shareholder value."
2025-11-12 20:09:35,These 2 AI ETFs Are Ready to Crush the S&P 500 Over the Next 10 Years,The Globe and Mail,0.737177,0.339735,0.341812,https://www.theglobeandmail.com/investing/markets/stocks/TER/pressreleases/35862385/these-2-ai-etfs-are-ready-to-crush-the-sp-500-over-the-next-10-years/,"This article discusses two AI-focused ETFs that could outperform the S&P 500 in the next decade: the Invesco QQQ ETF and the Ark Autonomous Technology and Robotics ETF. The Invesco QQQ offers broad exposure to large-cap AI stocks with low fees, while the Ark ETF provides a more actively managed and specialized approach to AI and robotics, including investments in smaller, less-known companies. The choice between them depends on an investor's goals and risk tolerance."
2025-11-12 16:14:49,Litmus Secures Additional Investment Led by Insight Partners to Accelerate Industrial AI,Newswire,0.0,0.0,0.205898,https://www.newswire.com/news/litmus-secures-additional-investment-led-by-insight-partners-to-22673991,"Litmus, a leading Industrial Edge Data Platform, has received additional strategic funding from Insight Partners and Munich Re Ventures to accelerate its mission of making industrial data instantly accessible and AI-ready for global manufacturing enterprises. This investment will enhance Litmus' capabilities in AI at the edge, in deployment, and in user experience, building on its strong partnerships with major cloud and technology providers. The company aims to further bridge OT and IT data, centralize management, and scale industrial AI solutions across multiple factories."
2025-11-12 13:10:14,POET Technologies slumps after reporting larger-than-expected Q3 loss,Sherwood News,0.0,0.0,-0.340489,https://sherwood.news/markets/poet-technologies-q3-earings-optical-communications-ai-data-center-meme/,"POET Technologies reported a larger-than-expected Q3 loss of $0.11 per share, causing its shares to drop significantly. Despite limited revenues under $300,000 for the quarter, the company anticipates a revenue ramp in the second half of next year with expectations of steady growth throughout 2026 due to initial production orders. The CEO emphasized the company's focus on ensuring manufacturability at scale, amid a broader sell-off in speculative tech stocks."
2025-11-12 06:09:19,WISeKey’s WISeSat.Space To Go Public Via $250M SPAC Deal,Quantum Zeitgeist,0.0,0.0,0.328635,https://quantumzeitgeist.com/wisekey-spac-deal/,"WISeKey International Holding AG is spinning off its WISeSat.Space subsidiary through a $250 million SPAC merger with Columbus Acquisition Corp., creating WISeSat.Space Holdings Corp. The new publicly traded entity will focus on secure, cost-effective IoT connectivity from space, utilizing post-quantum cryptography and Hedera technology. WISeKey will retain majority ownership and receive $250 million in equity to expand its Low Earth Orbit (LEO) satellite constellation to 100 satellites by 2030, with a focus on quantum-resilient communications."
2025-11-11 22:46:31,Oracle Rises 44.5% YTD on Cloud Strength: Buy the Stock Now or Hold?,TradingView,0.0,0.0,0.094885,https://www.tradingview.com/news/zacks:b32984466094b:0-oracle-rises-44-5-ytd-on-cloud-strength-buy-the-stock-now-or-hold/,"Oracle's shares have surged 44.5% year-to-date in 2025, driven by significant growth in its cloud infrastructure business, with first-quarter fiscal 2026 results showing remarkable potential. The company projects aggressive cloud infrastructure revenue growth through fiscal 2030, supported by new contracts and AI strategies, despite operating in a highly competitive cloud market. While existing investors might hold, the article suggests new investors should await a better entry point due to Oracle's premium valuation and execution risks."
2025-11-11 21:59:00,"Google share price: Alphabet stocks fall, Google announces $6.41 billion investment in Germany, create 9,0",The Economic Times,0.627911,-0.414552,-0.320615,https://m.economictimes.com/news/international/us/google-share-price-alphabet-stocks-fall-google-announces-6-41-billion-investment-in-germany-create-9000-jobs/amp_articleshow/125253633.cms,"Google announced a significant $6.41 billion investment in Germany, focusing on cloud infrastructure and data center capacity, which is expected to create 9,000 jobs. This news comes as Alphabet Inc. Class C stock experienced a slight fall, amidst broader market movements where some tech stocks, including Google's parent Alphabet and Microsoft, saw declines. The investment plans include a new data center near Frankfurt, reinforcing Google's commitment to expanding its presence in Europe's largest economy."
2025-11-11 21:40:00,Why Nebius Is 'Learning To Say No To Customers',Sahm,0.624598,0.234328,0.226529,https://www.sahmcapital.com/news/content/why-nebius-is-learning-to-say-no-to-customers-2025-11-11,"Nebius Group NV (NASDAQ: NBIS) is experiencing a high demand for its data center capacity, leading to the unusual situation where the company is ""learning to say no to customers."" Despite missing topline estimates, revenue surged 355% year-over-year to $146.1 million, with all data centers fully booked even before launch. The company attributes this to a ""capacity bottleneck"" rather than weak demand, and plans to scale to 2.5 gigawatts of contracted power by 2026, raising its 2026 ARR outlook to $7 billion–9 billion."
2025-11-11 17:23:00,Apple shares hit new all-time closing high,MacDailyNews,0.843753,0.325762,0.30465,https://macdailynews.com/2025/11/11/apple-shares-hit-new-all-time-closing-high-29/,"Apple Inc. (AAPL) shares reached a new all-time closing high of $275.25 on Tuesday, November 11, 2025, representing a 2.16% increase. The company's market value stands at $4.067 trillion, making it the world's second-most valuable publicly-traded company. This article details Apple's stock performance and lists market valuations of other major tech companies."
2025-11-11 14:06:00,Panic grips Wall Street as tech's 'Warren Buffett' quietly offloads ALL stock in world's biggest company,Daily Mail,1.0,-0.410644,-0.228048,https://www.dailymail.co.uk/yourmoney/article-15281037/masayoshi-son-softbank-nvidia-shares-sale.html,"Masayoshi Son, SoftBank founder and dubbed the 'Warren Buffett of tech,' sold all his Nvidia shares and most of his T-Mobile stake for $15 billion, sparking panic on Wall Street amidst concerns about an overheated AI market. SoftBank states the move is to fund a $34.7 billion investment in OpenAI and a $500 billion network of US data centers, despite warnings from other investors about the AI boom's lack of immediate returns."
2025-11-11 09:46:17,Can ServiceNow’s New AI Partnerships Shift Its Long-Term Competitive Edge? (NOW),Simply Wall Street,0.626552,0.319329,0.206718,https://simplywall.st/stocks/us/software/nyse-now/servicenow/news/can-servicenows-new-ai-partnerships-shift-its-long-term-comp,"ServiceNow has announced expanded AI partnerships with companies like NVIDIA, Figma, and FedEx Dataworks to scale AI-powered workflows and enhance enterprise automation. These collaborations are expected to boost workflow automation and AI capabilities, despite execution risks in competitive markets and reliance on government contracts. The company's narrative projects $20.3 billion in revenue and $3.3 billion in earnings by 2028, with a fair value estimate of $1157 per share."
2025-11-11 08:03:00,AlphaTON Capital Accelerates Global Growth with Strategic Appointment of William De’Ath as Chief Partnership Officer,markets.businessinsider.com,0.0,0.0,0.20776,https://markets.businessinsider.com/news/stocks/alphaton-capital-accelerates-global-growth-with-strategic-appointment-of-william-de-ath-as-chief-partnership-officer-1035541442,"AlphaTON Capital has appointed William De’Ath as Chief Partnership Officer to lead global partnerships, ecosystem expansion, and high-growth verticals. De'Ath's extensive experience in commercial strategy and digital innovation will be crucial for the company's international growth, including the TON Mastercard program. He will focus on scalable, real-world adoption within the TON/Telegram ecosystem, driving strategic partnerships, and evaluating revenue-generating companies for acquisition and investment."
2025-11-11 07:49:00,Microsoft set to invest $10B in Portugal data center: report (MSFT:NASDAQ),Seeking Alpha,0.0,0.0,0.444874,https://seekingalpha.com/news/4519927-microsoft-set-to-invest-10b-in-portugal-data-center-report,Microsoft is reportedly planning to invest $10 billion in a new data center in Portugal. This investment is aimed at bolstering the company's artificial intelligence capabilities as it continues to significantly spend in this area. The data center is expected to be located approximately 93 miles from a key city.
2025-11-11 07:47:00,Baron Technology Fund Reestablished a Position in Arista Networks (ANET) in Q3,Insider Monkey,0.686362,0.349493,0.293049,https://www.insidermonkey.com/blog/baron-technology-fund-reestablished-a-position-in-arista-networks-anet-in-q3-1643293/,"Baron Technology Fund reestablished a position in Arista Networks (ANET) in the third quarter of 2025, according to its investor letter. The fund highlighted Arista Networks' strong position in high-performance networking solutions for data centers and cloud providers, particularly benefiting from the buildout of AI infrastructure. Despite the fund's underperformance relative to benchmarks, it sees Arista Networks as a leading networking company with best-in-class Ethernet solutions and poised to capture a significant share of the data center networking stack for AI."
2025-11-10 21:46:10,Does Hewlett Packard Enterprise’s AI Expansion Signal an Opportunity After Recent Price Pullback?,Simply Wall Street,0.0,0.0,0.258536,https://simplywall.st/stocks/us/tech/nyse-hpe/hewlett-packard-enterprise/news/does-hewlett-packard-enterprises-ai-expansion-signal-an-oppo,"This article analyzes Hewlett Packard Enterprise's valuation following a recent price pullback, highlighting its AI expansion and cloud partnerships. The analysis uses Discounted Cash Flow (DCF) and Price-to-Earnings (PE) ratios, concluding that HPE appears undervalued based on both metrics. It also introduces ""Narratives"" as a personalized valuation tool for investors."
2025-11-10 20:58:00,"BNP Paribas Spots Major Upside in Analog Devices, Inc. (ADI) Ahead of Earnings",Insider Monkey,0.579825,0.062183,0.181031,https://www.insidermonkey.com/blog/bnp-paribas-spots-major-upside-in-analog-devices-inc-adi-ahead-of-earnings-1643202/?amp=1,"BNP Paribas analyst David O’Connor initiated coverage on Analog Devices, Inc. (ADI) with an ‘Outperform’ rating and a $200 price target, suggesting a 33% upside ahead of the company's fiscal fourth-quarter results. The analyst praised ADI's highly differentiated products and strong gross margin, despite industry headwinds. The stock has gained 9% year-to-date but trails the NASDAQ's 21% rise."
2025-11-10 18:13:00,"Bernstein Remains Bullish on Dollar General (DG), Maintains Buy Call",Insider Monkey,0.0,0.0,0.260214,https://www.insidermonkey.com/blog/bernstein-remains-bullish-on-dollar-general-dg-maintains-buy-call-1642852/?amp=1,Bernstein analyst Zhihan Ma reiterated a Buy rating on Dollar General (NYSE:DG) with a $134 price target. The company also announced the hiring of Travis Nixon as Senior Vice President of AI Optimisation to improve operational efficiency and optimize merchandising and supply chains. This new role highlights Dollar General's commitment to leveraging AI for innovation and enhancing employee and customer experiences.
2025-11-10 17:46:28,Microsoft expands Racine County data center holdings. It just spent $38 million on 135 acres,Milwaukee Journal Sentinel,0.0,0.0,0.427406,https://www.jsonline.com/story/money/real-estate/commercial/2025/11/10/microsoft-adds-to-data-center-land-holdings-in-southeastern-wisconsin/87195787007/,"Microsoft has acquired an additional 135 acres of land in Mount Pleasant, Racine County, for approximately $38 million, further expanding its data center campus. These purchases contribute to Microsoft's growing presence in Southeast Wisconsin, which the company states is becoming a hub for AI innovation. Microsoft now owns over 2,000 acres in the area, with plans to invest billions more in data center development."
2025-11-10 16:46:42,Aprimo Recognized as a Leader Again in the 2025 Gartner® Magic Quadrant™ for Digital Asset Management,PA Media,0.0,0.0,0.234417,https://pressreleasehub.pa.media/article/aprimo-recognized-as-a-leader-again-in-the-2025-gartner-magic-quadrant-for-digital-asset-management-59408.html,"Aprimo has been recognized as a Leader in the 2025 Gartner® Magic Quadrant™ for Digital Asset Management (DAM) Platforms. This marks another instance of Aprimo's leadership in the DAM space, building on previous recognitions for marketing work management and content operations innovation. The article invites readers to discover the significance of this achievement and what lies ahead for Aprimo."
2025-11-10 16:38:44,How JPMorgan is Embedding AI into Employee Performance,AI Magazine,0.0,0.0,0.337955,https://aimagazine.com/news/how-jpmorgan-is-embedding-ai-into-employee-performance,"JPMorgan Chase is integrating AI into its employee performance review process using a proprietary large language model, aiming to boost efficiency and productivity. The company is investing significantly in AI technology and training its 200,000 employees globally to effectively leverage AI in their roles. This initiative is part of a broader trend across the financial sector, with firms like Citigroup and Goldman Sachs also heavily investing in AI integration and employee upskilling."
2025-11-10 16:30:00,Western Digital Corp. stock outperforms competitors on strong trading day,MarketWatch,0.0,0.0,0.33593,https://www.marketwatch.com/data-news/western-digital-corp-stock-outperforms-competitors-on-strong-trading-day-9217d4f0-9baf34570f08?gaa_at=eafs&gaa_n=AWEtsqdZ4GVZtyim4mi0elZqQY_oGBIoScl275FhdPOnEZXd5wLZ1zKoctCe&gaa_ts=69134f4e&gaa_sig=chcijbc_qC8Fbrie5hZp7-4DjxUWU6iVGLNSvwZEM4OVkaPYjcXqOH1nDr4IQt7PMmixZpckjjvv_RTCjSj3BA%3D%3D,"Western Digital Corp. stock (WDC) rose 6.91% to $174.22 on Monday, outperforming its competitors and the broader stock market. The company also reached a new 52-week high, surpassing its previous peak set just days earlier. This strong performance occurred during a favorable trading session where both the S&P 500 and Dow Jones Industrial Average also saw gains."
2025-11-10 15:57:00,"Salesforce, Inc. Experiences Revision in Its Stock Evaluation Amid Mixed Market Metrics",Markets Mojo,0.0,0.0,-0.050009,https://www.marketsmojo.com/news/stocks-in-action/salesforce-changes-valuation-grade-from-very-attractive-to-attractive-amid-competitive-metrics-3686261,"Salesforce, Inc. has seen a revision in its stock evaluation, with its P/E ratio at 38 and a price-to-book value of 4.33, indicating solid profitability. Its valuation metrics are mixed compared to peers like Microsoft and Adobe, while Oracle and Shopify show higher P/E ratios. Year-to-date, Salesforce's stock has underperformed the S&P 500, highlighting challenges within the competitive software sector."
2025-11-10 14:46:41,"Intel (INTC) News Today — Nov. 10, 2025: Ex‑Engineer “Top Secret” Data Lawsuit; INTC Rises as Shutdown Deal Lifts Tech",ts2.tech,0.0,0.0,0.152905,https://ts2.tech/en/intel-intc-news-today-nov-10-2025-ex%E2%80%91engineer-top-secret-data-lawsuit-intc-rises-as-shutdown-deal-lifts-tech/,"Intel is suing a former software engineer for allegedly downloading 18,000 confidential files, some marked ""Intel Top Secret,"" seeking $250,000 in damages. Concurrently, INTC shares rose roughly 2.4% on news of a potential U.S. government shutdown deal, which boosted the tech sector. The article also notes incremental institutional buying and provides context on Intel's product roadmap, recent earnings, and upcoming events including the lawsuit timeline and 18A manufacturing ramp."
2025-11-10 12:45:57,"For the 11th Time in a Row, SAP Named a Leader in Gartner® Magic Quadrant™ for Digital Commerce",SAP News Center,0.0,0.0,0.581389,https://news.sap.com/2025/11/sap-a-leader-gartner-magic-quadrant-digital-commerce/,"SAP has been recognized as a Leader in the Gartner® 2025 Magic Quadrant™ for Digital Commerce for the 11th consecutive time, making it the only vendor to consistently hold this position since 2014. The article highlights how SAP Commerce Cloud, with its AI-enhanced features and integrations like the SAP B2B Self-Service Portal, helps businesses achieve profitable growth and improve customer experiences. It also features testimonials from global leaders like ARAUCO, Cintas, Nokia, and Universal Destinations & Experiences, showcasing the real-world impact of SAP's solutions."
2025-11-10 12:45:55,Gartner Survey Finds AI Will Touch All IT Work by 2030,Gartner,0.0,0.0,0.362454,https://www.gartner.com/en/newsroom/press-releases/2025-11-10-gartner-survey-finds-artificial-intelligence-will-touch-all-information-technology-work-by-2030,"A Gartner survey predicts that by 2030, 100% of IT work will involve AI, with 25% done by AI alone and 75% augmented by humans. The report emphasizes balancing AI readiness with human readiness to sustain value, focusing on workforce transformation rather than job loss, and addressing costs, technical capabilities, and vendor selection for AI implementation. Organizations are urged to transform their workforces and evaluate AI readiness through costs, technical capabilities, and vendors to find and sustain AI value."
2025-11-10 08:46:35,This Partnership Could End the Hand-Off Era,AIM Media House,0.0,0.0,0.196033,https://aimmediahouse.com/market-industry/figma-servicenow-ai-toolchain-enterprise,"Figma and ServiceNow have partnered to introduce a Model Context Protocol (MCP) integration, enabling design files to be directly converted into deployable enterprise applications using AI. This collaboration is expected to significantly reduce time from design to production and addresses the critical need for governance and control in enterprise AI systems. The initiative aligns with the growing low-code application platform market and ServiceNow's strategy to position AI as a systems problem requiring integrated workflow platforms."
2025-11-09 20:08:49,Xcel Energy: Driving towards net zero with the power of digital,McKinsey & Company,0.0,0.0,0.455185,https://www.mckinsey.com/capabilities/tech-and-ai/how-we-help-clients/rewired-in-action/xcel-energy-driving-towards-net-zero-with-the-power-of-digital,"Xcel Energy is leveraging digital technology, data, and AI to achieve its net-zero goals, beginning with its nuclear power operations. The company transformed its approach from ""black boxes"" to a platform-centric architecture, establishing a secure cloud platform on AWS GovCloud. This initiative has led to significant operational efficiencies, cost savings, and improved user experience, with plans to expand the platform to other business units."
2025-11-09 08:38:47,Alpha Financial Partners LLC Purchases 539 Shares of Microsoft Corporation $MSFT,MarketBeat,0.0,0.0,0.491555,https://www.marketbeat.com/instant-alerts/filing-alpha-financial-partners-llc-purchases-539-shares-of-microsoft-corporation-msft-2025-11-09/,"Alpha Financial Partners LLC increased its stake in Microsoft Corporation (MSFT) by 22.7% during the second quarter, adding 539 shares to own a total of 2,909 shares valued at $1,447,000. Microsoft recently reported strong quarterly earnings, beating analyst estimates with $4.13 EPS and $77.67 billion in revenue, and increased its quarterly dividend to $0.91 per share. Despite insider sales from CEO Satya Nadella and other executives, analysts maintain a ""Buy"" rating with an average target price around $634.47."
2025-11-08 21:09:55,These 2 AI ETFs Are Ready to Crush the S&P 500 Over the Next 10 Years,Finviz,0.61142,0.290397,0.331014,https://finviz.com/news/214942/these-2-ai-etfs-are-ready-to-crush-the-sp-500-over-the-next-10-years,"This article highlights two ETFs, the Invesco QQQ ETF and the Ark Autonomous Technology & Robotics ETF, as strong investment options for artificial intelligence over the next decade. While QQQ offers broad exposure to large-cap AI stocks with a low expense ratio, ARKQ is an actively managed fund seeking unique AI and robotics opportunities beyond the mega-caps, offering a different approach for investors. Both are presented as compelling choices depending on individual investment goals and risk tolerance."
2025-11-08 15:10:00,iShares MSCI World ETF: Konzentrationsrisiko!,Börse Express,0.898868,-0.294984,-0.224771,https://www.boerse-express.com/news/articles/ishares-msci-world-etf-konzentrationsrisiko-839516,"The iShares MSCI World ETF (URTH) faces significant concentration risk due to its heavy reliance on a few US technology stocks like NVIDIA, Microsoft, and Apple, making it vulnerable to market fluctuations. The ETF's performance is closely tied to these mega-caps, raising concerns about its stability if the tech boom ends or during quarterly rebalancing. An analysis from December 8th suggests urgent action for investors."
2025-11-08 09:30:00,Better Artificial Intelligence ETF: iShares Semiconductor vs. the Fidelity MSCI Information Technology Index,The Motley Fool,0.72553,0.304625,0.321288,https://www.fool.com/coverage/etfs/2025/11/08/better-artificial-intelligence-etf-ishares-semiconductor-vs-the-fidelity-msci-information-technology-index/,"This article compares two ETFs, the iShares Semiconductor ETF (SOXX) and the Fidelity MSCI Information Technology Index ETF (FTEC), for investors seeking exposure to the artificial intelligence sector. While SOXX offers concentrated exposure to semiconductor stocks crucial for AI, FTEC provides broader diversification across the technology sector with lower fees. The author concludes that FTEC is the better choice due to its diversified tech exposure and lower costs."
2025-11-08 08:26:00,Docebo Inc. (NASDAQ:DCBO) Q3 2025 Earnings Call Transcript,Insider Monkey,0.0,0.0,0.350415,https://www.insidermonkey.com/blog/docebo-inc-nasdaqdcbo-q3-2025-earnings-call-transcript-1642588/,"Docebo Inc. (NASDAQ:DCBO) Q3 2025 earnings call transcript details the company's strong performance, exceeding earnings expectations with EPS of $0.3436 against forecasts of $0.34. The company highlighted 14% year-over-year ARR growth excluding the Dayforce business, significant wins with federal customers after FedRAMP listing, and continued success in the mid-market and enterprise segments. Discussions also covered the planned wind-down of the Dayforce OEM contract, with projections for its diminishing contribution to revenue, and Docebo's strategy for AI monetization, emphasizing a credit-based system for new modules like AI Virtual Coach."
2025-11-08 08:19:00,"AvePoint, Inc. (NASDAQ:AVPT) Q3 2025 Earnings Call Transcript",Insider Monkey,0.0,0.0,0.334054,https://www.insidermonkey.com/blog/avepoint-inc-nasdaqavpt-q3-2025-earnings-call-transcript-1642433/,"AvePoint, Inc. (NASDAQ:AVPT) reported strong Q3 2025 earnings, surpassing revenue and non-GAAP operating income guidance. The company highlighted its focus on governing agentic AI, emphasizing visibility, unified protection, and responsible AI practices to mitigate risks and enhance operational efficiency for customers. Despite uncertainties in the public sector, AvePoint maintained its full-year ARR guidance while raising revenue and operating income expectations, demonstrating confidence in its profitable growth strategy and long-term targets."
2025-11-08 05:21:03,Infotainment systems integrating AI-powered chat bots,WardsAuto,0.0,0.0,0.443191,https://www.wardsauto.com/news/ai-infotainment-cerence-user-experience-navigation-voice-assistant/803956/,"Cerence is supplying its AI-powered conversational voice assistant technology to over 80 automakers and Tier 1 suppliers, with integration into Microsoft 365 Copilot enabling full mobile office functionality in vehicles. Demonstrations at IAA Mobility 2025 showcased the assistant's intuitive interaction, aiming to reduce driver distraction by allowing hands-free task completion. The company is actively working to update existing voice assistants with over-the-air updates to full LLM capabilities to meet consumer demand for advanced in-cabin experiences."
2025-11-08 05:03:30,Schwab U.S. Large-Cap Growth ETF (NYSEARCA:SCHG) Hits $32.75 on AI Boom and Record Tech Earnings,TradingNEWS,0.860156,0.794062,0.72086,https://www.tradingnews.com/news/schg-etf-nyse-arca-schg-climbs-to-32-usd,"The Schwab U.S. Large-Cap Growth ETF (SCHG) has reached a new high of $32.75, driven by significant investments in AI infrastructure and strong earnings from major technology companies. With $51.4 billion in assets, SCHG is positioned as a leading growth ETF due to its low expense ratio and heavy allocation to AI-benefiting stocks like Nvidia, Apple, and Microsoft. The article rates SCHG as a ""BUY"" due to its consistent outperformance and strong fundamentals in the burgeoning AI market."
2025-11-08 04:52:43,ETFs to Buy as Microsoft's Shares Slide Despite Q1 Earnings Beat,TradingView,0.0,0.0,0.398967,https://www.tradingview.com/news/zacks:49fbb27c7094b:0-etfs-to-buy-as-microsoft-s-shares-slide-despite-q1-earnings-beat/,"Microsoft's shares slid 2.9% despite comfortably surpassing Q1 fiscal 2026 earnings and revenue expectations, likely due to a higher capital expenditure outlook. This presents an opportunity for ETF investors to consider funds heavily exposed to Microsoft, as elevated capital spending reflects its commitment to innovation and long-term growth. Funds like iShares Dow Jones US Technology ETF (IYW), iShares Top 20 U.S. Stocks ETF (TOPT), and Select Sector SPDR Technology ETF (XLK) offer diversified exposure to Microsoft's growth potential."
2025-11-08 04:42:24,"QDVO ETF (NYSEARCA:QDVO) Targets $35 in 2025 and $42 in 2026 — 9.3% Yield, 28.6% Total Return",TradingNEWS,0.627866,0.401824,0.483627,https://www.tradingnews.com/news/qdvo-etf-nysearcaqdvo-aims-for-35-usd-in-2025,"The Amplify CWP Growth & Income ETF (NYSEARCA:QDVO) is positioned for significant growth in 2025 and 2026, targeting $35 and $42 respectively, driven by its exposure to AI-centric megacaps and a high 9.3% yield. Its active management allows for tactical covered-call execution, outperforming peers in total return while benefiting from falling interest rates and strong AI capital expenditures. The ETF offers a compelling blend of income and growth, making it a ""BUY"" recommendation for investors seeking yield without sacrificing growth."
2025-11-08 04:33:54,"SPYG ETF S&P 500 Growth ETF (NYSEARCA:SPYG) Rises to $107.92, 26.8% Annual Surge",TradingNEWS,0.860602,0.447172,0.434225,https://www.tradingnews.com/news/spyg-etf-nyse-arca-hits-107-usd-with-ai-momentum-and-fed-cut,"The SPDR Portfolio S&P 500 Growth ETF (SPYG) has surged to a new 52-week high of $107.92, marking a 26.84% increase over the past year. This growth is largely attributed to its heavy allocation in AI-driven mega-cap stocks like Nvidia, Microsoft, and Apple, alongside investor optimism surrounding expected Fed rate cuts. Despite concentration risks, SPYG is considered a strategically positioned growth ETF due to its liquidity, cost efficiency, and exposure to the ongoing AI transformation."
