Date,Close,High,Low,Open,Volume
2021-03-29,12.915698051452637,13.029661010785414,12.668072141761849,12.788019583374783,273520000
2021-03-30,12.839387893676758,12.942628040628211,12.673057179994926,12.809712820109102,200204000
2021-03-31,13.314692497253418,13.436634761447108,12.949861691430945,12.982778720855652,314776000
2021-04-01,13.777026176452637,13.835129204542868,13.477280798414757,13.538128259715098,308276000
2021-04-05,13.952333450317383,13.97876657407877,13.698472914587166,13.832635263043771,255672000
2021-04-06,13.82664966583252,14.018915037379223,13.738871566976432,13.964552432362328,191744000
2021-04-07,14.107941627502441,14.207689643014694,13.677027574965955,13.845851593018876,251284000
2021-04-08,14.281005859375,14.43511743681889,14.213176027468212,14.21691739862396,244416000
2021-04-09,14.36379623413086,14.371776494039445,14.139362482793082,14.178263990565366,195172000
2021-04-12,15.170762062072754,15.313901610057965,14.103701731984685,14.253823650541044,869324000
2021-04-13,15.640081405639648,15.660530051339101,15.08772349362151,15.193207722114034,676212000
2021-04-14,15.238594055175781,15.680978662596893,15.189218033930018,15.585718757163326,385500000
2021-04-15,16.096681594848633,16.173487680774556,15.592202403913975,15.623124606404787,598480000
2021-04-16,15.8724946975708,16.125108122447834,15.82536274319291,16.0126405831472,335208000
2021-04-19,15.323127746582031,15.767757295505456,15.194701596936312,15.497438724293298,404420000
2021-04-20,15.13310718536377,15.458037592088138,14.92538071636659,15.284724505863194,334132000
2021-04-21,15.321882247924805,15.323877075097695,15.064281282601483,15.080739320235335,216776000
2021-04-22,14.812914848327637,15.399686073698188,14.746332141113498,15.336345317338932,277788000
2021-04-23,15.226872444152832,15.296446921011565,14.862790304524419,14.896704270923427,227500000
2021-04-26,15.439087867736816,15.44008575706988,15.086975624680411,15.146825202745054,197796000
2021-04-27,15.343079566955566,15.63110332965213,15.31589778572029,15.539334614946952,164572000
2021-04-28,15.238343238830566,15.493201692864114,15.177247490188085,15.325873065531082,209416000
2021-04-29,15.28622055053711,15.3976892392755,15.033607148432132,15.361281030191163,173196000
2021-04-30,14.971765518188477,15.326372008336463,14.959297133568592,15.13635161976732,201912000
2021-05-03,14.799448013305664,15.208417054015928,14.7503221859339,15.08697327520045,203912000
2021-05-04,14.315166473388672,14.600696871673508,13.975024242433602,14.600447637230136,405324000
2021-05-05,14.422148704528809,14.776256666947063,14.351327112045158,14.672018629638556,292024000
2021-05-06,14.48648738861084,14.53461628081526,14.182254838103722,14.45880713985873,193380000
2021-05-07,14.775008201599121,14.93310940887283,14.634861387469078,14.771018547850868,229328000
2021-05-10,14.229884147644043,14.768775720170076,14.21417381349999,14.750072669633822,268904000
2021-05-11,14.270282745361328,14.318660873982997,13.715431575761658,13.790242830465013,285584000
2021-05-12,13.723908424377441,14.224396914953214,13.674782598990006,13.974276811259632,303408000
2021-05-13,13.630892753601074,14.04534874580516,13.425161115583645,13.998466030075901,285404000
2021-05-14,14.207192420959473,14.291978764788404,13.713935458707894,13.855080192512533,258616000
2021-05-17,14.129884719848633,14.13362513937637,13.818669829056002,14.121405991656692,216980000
2021-05-18,13.980512619018555,14.36803609551161,13.968791939261795,14.231131212096818,186256000
2021-05-19,14.030386924743652,14.04410243148695,13.509200522328285,13.532391695784717,344000000
2021-05-20,14.575763702392578,14.646834538609415,14.234623498296415,14.266542637893258,321592000
2021-05-21,14.954059600830078,15.183731096129877,14.832117340430838,15.125627113969413,672992000
2021-05-24,15.572749137878418,15.705414174003659,15.137844497008365,15.174252706728867,554816000
2021-05-25,15.60841178894043,15.778732192206977,15.443577398975853,15.726364404401615,435408000
2021-05-26,15.660529136657715,15.754043443944218,15.547065605147322,15.69469328900032,370440000
2021-05-27,15.449060440063477,15.71040181104527,15.421130958607247,15.660278094852826,581476000
2021-05-28,16.203659057617188,16.236577036281336,15.46202947906416,15.46202947906416,644536000
2021-06-01,16.223608016967773,16.347047573880385,15.863266335432474,16.229094980518518,472804000
2021-06-02,16.736064910888672,16.87621267756659,16.194680117402555,16.211388338449286,594168000
2021-06-03,16.92708396911621,17.215608058599543,16.54130706968029,16.658761189100893,580008000
2021-06-04,17.534055709838867,17.616596077162153,17.052519499034798,17.06947505300827,617120000
2021-06-07,17.57469940185547,17.76771339539244,17.149522583386645,17.527070892104806,575756000
2021-06-08,17.413114547729492,17.577200286108283,17.20763114477439,17.48318750071493,323848000
2021-06-09,17.318574905395508,17.53483058843353,17.216310173340066,17.475716134562592,381656000
2021-06-10,17.38517189025879,17.452020091808027,17.13674237056941,17.3103444553602,287772000
2021-06-11,17.78451156616211,17.898251342387297,17.403883229039902,17.439550960234815,416308000
2021-06-14,17.977567672729492,17.998270294606797,17.622382309836595,17.865076259269316,321376000
2021-06-15,17.74785041809082,17.975080751295195,17.687489476614108,17.874062427345837,243032000
2021-06-16,17.769546508789062,17.913717005111053,17.5443124591101,17.75009224553801,307124000
2021-06-17,18.614606857299805,18.79195023048878,17.715667091470888,17.733874892512524,809656000
2021-06-18,18.596153259277344,19.330720564613056,18.541527942897947,18.74107162605108,968856000
2021-06-21,18.3851375579834,18.494138905663043,17.78201922276795,18.393118696833035,672384000
2021-06-22,18.843585968017578,18.920411562226604,18.34398078046078,18.429286096445225,580144000
2021-06-23,19.013696670532227,19.10897936391846,18.864538436254087,18.96431028230056,332356000
2021-06-24,19.161609649658203,19.37561988275195,19.04462715758127,19.18380992868427,320924000
2021-06-25,18.987503051757812,19.301285040207212,18.851315628683007,19.236433070795265,278364000
2021-06-28,19.939319610595703,20.032855320198088,19.27484156420649,19.316994670965165,495436000
2021-06-29,19.980979919433594,20.052813964606784,19.612073999620787,19.837058731492426,367632000
2021-06-30,19.956783294677734,20.116417450244846,19.818350342257432,19.95354060100911,326568000
2021-07-01,20.16580581665039,20.40924764246024,19.973246122217304,20.079004759784198,480136000
2021-07-02,20.440176010131836,20.458385715167392,20.241382131269432,20.39353374130317,342764000
2021-07-06,20.65118980407715,20.79436118669734,20.303736350858006,20.690100221574788,446708000
2021-07-07,20.32518768310547,20.827287563769445,20.285529389265694,20.805837070095645,418428000
2021-07-08,19.857261657714844,20.086984820406965,19.65572366995776,19.811117972492724,503300000
2021-07-09,20.004423141479492,20.03435525988892,19.709100137865747,19.916874216592717,296624000
2021-07-12,20.465621948242188,20.48582408605355,20.141613226484793,20.193743724149126,321984000
2021-07-13,20.203720092773438,20.41448760068872,20.068031230618036,20.353875481303678,290708000
2021-07-14,19.79615592956543,20.371089112577874,19.707609813917827,20.311226762267825,380100000
2021-07-15,18.922903060913086,19.801640805909646,18.815399378990502,19.766471657258307,550564000
2021-07-16,18.119491577148438,19.113215466883993,18.03169335944509,18.9870054099986,688224000
2021-07-19,18.736831665039062,18.99848131527796,17.82466976343855,17.874307343819012,749060000
2021-07-20,18.5694580078125,18.79494127146192,18.12248204844716,18.68718832530134,434687000
2021-07-21,19.36564064025879,19.48237382941793,18.699168004217075,18.838847442192375,371017000
2021-07-22,19.549222946166992,19.84155264123149,19.23194885961394,19.59711358975876,323826000
2021-07-23,19.5133056640625,19.65498135662067,19.206008957458167,19.611081283394373,195672000
2021-07-26,19.249900817871094,19.397561350560697,18.870768308556585,19.266862159313245,203943000
2021-07-27,19.164094924926758,19.5771481706099,18.69816142497146,19.22096384383669,248863000
2021-07-28,19.458425521850586,19.601098340577916,18.951587150781002,19.274846044574673,202191000
2021-07-29,19.6170654296875,19.807628906073607,19.283827210408294,19.4743906867944,190781000
2021-07-30,19.45443344116211,19.585132640892724,19.218972784196303,19.373617296753032,183497000
2021-08-02,19.70486068725586,19.915378880901837,19.316749821197465,19.654975725192713,217444000
2021-08-03,19.769712448120117,20.175781820042896,19.176071129798512,19.6948831028393,301811000
2021-08-04,20.2276611328125,20.27156118889958,19.782679477126937,19.94430985832058,231309000
2021-08-05,20.589832305908203,20.68561356328151,20.29550646605199,20.45314629356312,211435000
2021-08-06,20.3194522857666,20.522986511252395,20.163808690158564,20.47709211719844,178497000
2021-08-09,20.248619079589844,20.46113164731858,20.096966025159155,20.399273064432922,146443000
2021-08-10,19.890439987182617,20.383310504258183,19.78966907249903,20.275557520496264,179238000
2021-08-11,19.65397834777832,20.003178821250415,19.385594031751758,19.99719201633086,185925000
2021-08-12,19.85951042175293,19.98322568110956,19.57516190406229,19.82459056189546,151652000
2021-08-13,20.141862869262695,20.16780442422177,19.8056331423008,19.859510585376018,183063000
2021-08-16,19.90440559387207,20.240635283225057,19.408539829296206,20.08898224870646,210876000
2021-08-17,19.41352653503418,19.72481369476368,19.222963104205142,19.64000698314387,204585000
2021-08-18,18.99648666381836,19.589128991914862,18.956577166874165,19.455434460739273,285913000
2021-08-19,19.75275421142578,20.44816179796092,18.71912067132583,19.449448117020804,766555000
2021-08-20,20.7684268951416,20.817314696928367,19.887445490471492,19.945311597000565,675741000
2021-08-23,21.907812118530273,21.946722537110478,20.902116621288442,20.9230685315231,575807000
2021-08-24,21.743192672729492,21.90881365504365,21.48578289478911,21.70328507988881,297299000
2021-08-25,22.1622371673584,22.418649828588887,21.672359999754697,21.68732511210212,347701000
2021-08-26,22.017560958862305,22.288938621319648,21.74019649272145,22.149259221965,237940000
2021-08-27,22.584266662597656,22.670070557019205,22.11633866678472,22.133300012367442,304722000
2021-08-30,22.636146545410156,22.990334740001824,22.499460525203325,22.777822203844707,262580000
2021-08-31,22.337778091430664,22.64712359993544,22.073337729589888,22.64712359993544,259850000
2021-09-01,22.39366340637207,22.64912392300393,22.309840959662484,22.437571217978416,201767000
2021-09-02,22.348752975463867,22.545337883825013,22.247966214051775,22.470495343605453,187834000
2021-09-03,22.794809341430664,22.93750730917341,22.153166206014838,22.27790249793311,280532000
2021-09-07,22.614194869995117,22.850694428150952,22.47448890756114,22.784833671238882,198107000
2021-09-08,22.291879653930664,22.562307925362596,21.93064182704281,22.465512411701877,254434000
2021-09-09,22.13021469116211,22.490453174173346,22.08431220635336,22.264930118963175,196856000
2021-09-10,22.430583953857422,22.578270564497437,22.223022541074023,22.30085711920523,248376000
2021-09-13,22.105268478393555,22.91555575401909,21.811888077680894,22.63614575794394,297500000
2021-09-14,22.195077896118164,22.362722745195637,22.039406863407024,22.228007318619177,199755000
2021-09-15,22.29387092590332,22.31981705301157,21.919661994088578,22.261938841506673,166538000
2021-09-16,22.195077896118164,22.23000390634264,21.8807419007731,22.136202349836225,156033000
2021-09-17,21.85379981994629,22.273911214791905,21.78394779506993,22.252955607329,294503000
2021-09-20,21.068462371826172,21.38778701785786,20.61841355645307,21.10139179807724,349440000
2021-09-21,21.20117950439453,21.379800833477784,20.905804421130274,21.37181828897263,204688000
2021-09-22,21.89471435546875,21.91367337565563,21.151285132509745,21.32092658519888,268726000
2021-09-23,22.434572219848633,22.48745990832766,21.843820146489403,22.093292745342225,248555000
2021-09-24,22.034420013427734,22.102277360773,21.814884783571202,22.02344353743368,217655000
2021-09-27,21.614303588867188,21.753010278654127,21.280011254389187,21.664197342175203,245215000
2021-09-28,20.65533447265625,21.373816837113832,20.607435394582403,21.169249364639114,343069000
2021-09-29,20.473716735839844,20.97266191637048,20.423821075791892,20.89582469355393,218394000
2021-09-30,20.672298431396484,21.02156047404019,20.64435762025099,20.72418878114169,221009000
2021-10-01,20.698246002197266,20.814997869776846,20.16038154346578,20.706228547845832,240978000
2021-10-04,19.69037628173828,20.498667077843145,19.51374961230619,20.460747131129327,345635000
2021-10-05,20.407861709594727,20.604446668323913,19.812120875182806,19.907919046676803,279282000
2021-10-06,20.65633201599121,20.676288377439814,20.0376391312872,20.077555660834182,297202000
2021-10-07,21.030542373657227,21.277021060391967,20.927759015939795,21.047504806233384,256919000
2021-10-08,20.78705596923828,21.16126489932197,20.73117434597139,21.056486855696548,151258000
2021-10-11,20.651342391967773,21.0185661050647,20.46773053541931,20.53159660479376,163388000
2021-10-12,20.62739372253418,21.01257912959574,20.484695733535407,20.78406211740241,162134000
2021-10-13,20.894826889038086,20.94571989479939,20.669303819377614,20.873871281370185,180652000
2021-10-14,21.70012855529785,21.70910844363068,21.07744429344667,21.24309449297666,243589000
2021-10-15,21.815881729125977,21.884736417584175,21.616304770157008,21.763991377195527,226994000
2021-10-18,22.17511749267578,22.24397216428214,21.59833590187193,21.703115825760744,189494000
2021-10-19,22.242977142333984,22.3317881818893,21.99051062121753,22.229004834810024,161473000
2021-10-20,22.056373596191406,22.38567737363948,21.935628560572944,22.257947135216437,146276000
2021-10-21,22.64413070678711,22.66309163127974,22.036416137205087,22.05038654332594,187590000
2021-10-22,22.67806053161621,23.081207644908968,22.51340958016107,22.7748560370343,249384000
2021-10-25,23.117130279541016,23.30573075031013,22.72196575698433,22.9245366329956,230235000
2021-10-26,24.664857864379883,25.20571622107296,23.873531450575534,23.93839486421811,485898000
2021-10-27,24.399417877197266,25.037069768657314,24.23077377880667,24.422370071571084,245990000
2021-10-28,24.888389587402344,24.897371379412476,24.471272044998354,24.825522753307272,234204000
2021-10-29,25.513059616088867,25.654760230410623,24.947256404225126,24.948253746323807,292503000
2021-11-01,25.772518157958984,25.83937625950011,25.173783464529546,25.59489414765004,265740000
2021-11-02,26.34531021118164,26.62172634851403,25.745578095990183,25.76753295417269,294112000
2021-11-03,26.541887283325195,26.727495711922842,26.179654119222267,26.613735891491203,239910000
2021-11-04,29.738136291503906,31.298836258876868,27.060795434946982,27.171561344732318,1153631000
2021-11-05,29.689239501953125,31.333761888130987,29.3479599854821,30.12332134440191,851260000
2021-11-08,30.73902130126953,31.034396431529643,29.843912215673015,30.08540230696262,503101000
2021-11-09,30.592327117919922,32.241841813464795,29.900790147535126,32.2139010026745,646746000
2021-11-10,29.396854400634766,30.784920762665642,28.717291247821386,29.29407294809422,636206000
2021-11-11,30.325889587402344,30.52546843492164,29.714183788640867,30.40372606119835,332172000
2021-11-12,30.325889587402344,30.615278725972825,29.567492631483955,29.946692061105622,413054000
2021-11-15,29.96166229248047,30.57935600274197,29.185303594652737,30.487551019532958,384909000
2021-11-16,30.139286041259766,30.325891839785264,29.643334719095915,29.696224316711493,264484000
2021-11-17,29.19927215576172,30.444640534447622,28.739244216455628,30.353830996008032,428508000
2021-11-18,31.608179092407227,32.690889311922675,31.25492578342417,32.2987206204707,781711000
2021-11-19,32.91541290283203,33.018196245585706,31.83769143046511,32.174977704788965,533867000
2021-11-22,31.888582229614258,34.57390504765396,31.832700615691362,33.446287927689205,754335000
2021-11-23,31.679027557373047,32.29173255622799,30.814853381586094,31.468472250509617,532163000
2021-11-24,32.605072021484375,32.78568994748824,30.862755024040684,31.39463157257882,435162000
2021-11-26,31.43654441833496,32.64099706934784,31.2838672949203,32.531228506198715,283069000
2021-11-29,33.30559158325195,33.34151493953768,31.968418209027394,32.29772388938831,454964000
2021-11-30,32.60707092285156,33.28264478706327,31.79678541007752,33.09903100381717,622066000
2021-12-01,31.372528076171875,33.222845580609224,31.31763707417919,33.15298499754876,484368000
2021-12-02,32.062164306640625,32.413466061880555,30.963352187992832,31.15197772160692,472890000
2021-12-03,30.632001876831055,32.0651488092906,30.070119147107587,31.936403568189156,544325000
2021-12-06,29.9773006439209,30.180893752438724,27.982273206253097,29.820611196732987,658938000
2021-12-07,32.362548828125,32.384508270203064,30.590079592743436,30.89547307149783,593053000
2021-12-08,31.76275062561035,32.22582919300085,31.358554819452596,31.935407148072855,475551000
2021-12-09,30.429405212402344,32.14099894850159,30.367528154513945,31.670932420721524,488507000
2021-12-10,30.13798713684082,31.242787533822337,29.801656967245915,31.088094881745874,488825000
2021-12-13,28.10503387451172,30.233796207467403,28.060123228578693,30.188885561534377,598344000
2021-12-14,28.280685424804688,28.621007355370885,27.195845739872162,27.6439528427401,667035000
2021-12-15,30.398469924926758,30.439388813076704,27.782678223157248,28.343561661628623,698297000
2021-12-16,28.33057975769043,31.098069115239593,28.037165364074696,31.090085593980838,707366000
2021-12-17,27.745746612548828,28.86451893479829,27.70482773381929,27.929380931127152,713758000
2021-12-20,27.663911819458008,28.088066423723266,27.091053166532397,27.250735034271646,461847000
2021-12-21,29.0172176361084,29.062128280070525,27.34654282285214,28.31761057753916,524385000
2021-12-22,29.341569900512695,29.49626253795648,28.39245970985011,28.833582616767877,395184000
2021-12-23,29.581100463867188,29.99926847519757,29.372516142297165,29.695871713962294,343022000
2021-12-27,30.883502960205078,31.025220962783237,29.58109607103307,29.60105678205719,403686000
2021-12-28,30.26173973083496,31.267735891884268,29.952354442300354,31.249772014643753,420591000
2021-12-29,29.941375732421875,30.48728951276,29.30763749732145,30.212836426014583,343139000
2021-12-30,29.527196884155273,30.396466020296675,29.481288783387033,29.767717108742488,308864000
2021-12-31,29.352548599243164,29.97031979961117,29.272707665423898,29.61502640680273,266530000
2022-01-03,30.06113624572754,30.649963801294536,29.725803587995546,29.755744649714465,391547000
2022-01-04,29.231794357299805,30.407452874103246,28.29266437490383,30.216832454107198,527154000
2022-01-05,27.54914093017578,29.357540102995376,27.47828288572463,28.89146724200374,498064000
2022-01-06,28.121999740600586,28.381483256103156,27.01121270492406,27.58506883228335,454186000
2022-01-07,27.192848205566406,28.36551411614278,27.003225284481758,28.085072447229507,409939000
2022-01-10,27.34554672241211,27.41440984015935,25.593035959641192,26.528174103666952,594681000
2022-01-11,27.761714935302734,28.009223147677293,26.785659911463362,27.268697246348502,404089000
2022-01-12,27.9433536529541,28.53816789323049,27.553130003657554,28.011217393989682,383413000
2022-01-13,26.522186279296875,28.423399112253964,26.445337738615446,28.322600004609768,540171000
2022-01-14,26.888456344604492,27.142950637215478,26.1579107320568,26.24773202314796,395832000
2022-01-18,25.851524353027344,26.585064339420303,25.718789234872563,26.207815257948447,424270000
2022-01-19,25.017181396484375,26.490247833386153,25.00221181655367,26.02717118789245,488315000
2022-01-20,24.102005004882812,25.52816592790516,24.030147591877117,25.25371283114106,435181000
2022-01-21,23.327547073364258,24.77366673764392,23.216767613789905,23.460282170555125,718958000
2022-01-24,23.325550079345703,23.33353360141309,20.846487542973147,22.285621139528853,913982000
2022-01-25,22.279634475708008,22.897405710454315,21.9562789612793,22.501193412508638,664616000
2022-01-26,22.726741790771484,24.009187801451084,22.255679732041738,23.193812088529306,755959000
2022-01-27,21.900390625,23.94731523787376,21.63192420739024,23.52116377527102,573353000
2022-01-28,22.794605255126953,22.812569129559332,21.25367335760815,21.968249899217838,543774000
2022-01-31,24.43733787536621,24.46029288211656,23.006187716140168,23.135928523427957,564680000
2022-02-01,24.589035034179688,25.095027394146598,23.842520509649365,25.054108511883626,518925000
2022-02-02,25.191837310791016,25.76569347477143,24.50420547493788,25.742740370347118,543419000
2022-02-03,23.900409698486328,25.027165823091096,23.73274428459632,24.40939643808451,410178000
2022-02-04,24.270668029785156,24.586039987928007,23.585033117362396,23.92435754479338,354829000
2022-02-07,24.678855895996094,25.131952179111504,24.153900300504695,24.32356251647183,376868000
2022-02-08,25.05810546875,25.179862772847574,23.93234675869272,24.3105933248436,410359000
2022-02-09,26.651927947998047,26.671888658006182,25.30261555051223,25.571080056956752,524282000
2022-02-10,25.77267837524414,26.871490147981913,25.549124513702214,25.94333997182691,513200000
2022-02-11,23.90140724182129,26.10003039508258,23.72575830389794,25.86449932037972,605472000
2022-02-14,24.218772888183594,24.825564374214455,23.70778938191042,23.88643449693495,440424000
2022-02-15,26.44234275817871,26.492242623139074,24.734742881710144,24.8994139589256,699869000
2022-02-16,26.458314895629883,26.529174849501977,25.501221062795562,26.206816786682104,732676000
2022-02-17,24.458295822143555,25.733755858622583,24.11697644225443,25.579063213609647,810595000
2022-02-18,23.595016479492188,24.936345412834687,23.054093778189063,24.61897658197623,761255000
2022-02-22,23.343517303466797,24.016177674838435,22.95429294527255,22.989223238774173,633422000
2022-02-23,22.342506408691406,24.106994175655707,22.256678790095112,23.754695100866613,566511000
2022-02-24,23.7008056640625,23.75270237205634,20.8484854605416,20.9732370526292,735801000
2022-02-25,24.108989715576172,24.168869937955396,23.33453287499,23.673857307735503,528866000
2022-02-28,24.33654022216797,24.61598446694235,23.659888105648218,23.944321576419384,477319000
2022-03-01,23.430341720581055,24.328554607429982,23.086028049660978,24.24272507991095,412056000
2022-03-02,24.17598533630371,24.3646429560286,23.372449827907296,23.71282974706903,389642000
2022-03-03,23.6709041595459,24.281791456450637,23.426348571587415,24.217906685184186,365095000
2022-03-04,22.894319534301758,23.636966955127175,22.441144110309114,23.341505344158694,431415000
2022-03-07,21.31319808959961,22.99114500980663,21.291238708054614,22.775536020572545,450821000
2022-03-08,21.474903106689453,22.332341322019484,20.61247291155514,21.270275724010467,557467000
2022-03-09,22.972179412841797,23.177804449774207,22.20657299008878,22.34631797597657,492742000
2022-03-10,22.616825103759766,22.74658802016599,21.842234335180756,22.490055090570973,428066000
2022-03-11,22.059837341308594,23.10293830541665,22.005934624302842,22.980160740629042,367209000
2022-03-14,21.291236877441406,22.221542360192014,21.1205481082041,21.829256910095523,385354000
2022-03-15,22.93124771118164,22.996130111197097,21.28324922029345,21.47889215070773,491996000
2022-03-16,24.451480865478516,24.552297138914387,23.12988771835892,23.457290722488487,671422000
2022-03-17,24.720989227294922,24.796849408752696,23.86255164423222,24.076163405788236,471941000
2022-03-18,26.404926300048828,26.52071662131349,24.579251558233064,24.753932770637824,730719000
2022-03-21,26.685413360595703,27.10265486766904,25.919807094663252,26.45882662219231,591727000
2022-03-22,26.475797653198242,27.188500789536455,26.02461941553547,26.678427854459326,547007000
2022-03-23,25.587413787841797,26.563635115721986,25.52852099865223,26.078518306597157,502120000
2022-03-24,28.098840713500977,28.268531837117266,25.859917039185778,26.11844711768974,877379000
2022-03-25,27.641672134399414,28.306462114881743,27.22143772985282,27.835319803468362,579016000
2022-03-28,28.167713165283203,28.19865696132913,27.15655375747075,27.705555300817046,425494000
2022-03-29,28.603927612304688,28.893399646009012,27.929155418165845,28.64285630138049,488984000
2022-03-30,27.639677047729492,28.44421198896582,27.45301662520504,28.252561491091658,463487000
2022-03-31,27.23641014099121,28.196661710311588,27.2204403767065,27.73150900758,523440000
2022-04-01,26.6634578704834,27.44603355303061,26.219266845372278,27.325253149263812,517235000
2022-04-04,27.310274124145508,27.507914215731244,26.564632046975778,26.67942280733354,397120000
2022-04-05,25.883872985839844,27.269350934287917,25.773074655335627,27.20446853162703,436615000
2022-04-06,24.36264419555664,25.254020976141952,23.959379064062016,24.88868689300515,703833000
2022-04-07,24.16400718688965,24.67707303806538,23.435334266714467,24.396583559935085,557992000
2022-04-08,23.07698631286621,23.8795260910143,23.020090688541902,23.873536476701478,524781000
2022-04-11,21.87717056274414,22.27943807836627,21.62063763333046,22.17363171495148,575207000
2022-04-12,21.46491813659668,22.683699749756602,21.243321479658512,22.496041696902733,662258000
2022-04-13,22.162647247314453,22.45910836108208,21.41600747437876,21.68851203835293,516943000
2022-04-14,21.219364166259766,22.73560447190071,21.124537508973223,22.46409755288005,569097000
2022-04-18,21.743412017822266,22.047856104528115,21.040691011493315,21.161471392693215,525701000
2022-04-19,22.15765953063965,22.332340741600348,21.27526524698662,21.680527560297847,512781000
2022-04-20,21.442960739135742,22.628801491972297,21.161473633865274,22.476079663374364,468974000
2022-04-21,20.146320343017578,22.351305380675164,19.963652360371036,21.66954608901935,656209000
2022-04-22,19.47953224182129,20.448768187334096,19.464560112515493,20.26610021349829,624713000
2022-04-25,19.865833282470703,19.908754409123173,19.061298239164504,19.167104604165587,641566000
2022-04-26,18.753856658935547,19.75203935812216,18.636071069969407,19.682166873800284,653143000
2022-04-27,18.38153839111328,19.132170809703098,18.256765532864236,18.56420451525645,499460000
2022-04-28,19.74604606628418,20.00058367334218,18.456394441911,18.932526784881514,570327000
2022-04-29,18.513294219970703,20.091420341877647,18.48334805551463,19.36673991620479,500435000
2022-05-02,19.49750328063965,19.538427232283176,18.35757845927692,18.507305480868084,572049000
2022-05-03,19.566375732421875,19.788971942411177,19.098228203230406,19.364743170731728,475751000
2022-05-04,20.297046661376953,20.36292670436252,18.716923264105464,19.886794272202142,648855000
2022-05-05,18.80975341796875,19.888788220846624,18.466378728953146,19.830894968407897,626331000
2022-05-06,18.64105796813965,19.476536638322926,17.957303468838983,18.701947924887726,633297000
2022-05-09,16.919198989868164,18.22182592676912,16.796421410513055,18.001228764705814,644455000
2022-05-10,17.563024520874023,18.164929349233372,16.994060667065273,17.656853560798723,761474000
2022-05-11,16.599773406982422,17.720733401801667,16.537887724428106,17.315471187551733,670167000
2022-05-12,16.145601272583008,16.75748801691552,15.538707458895326,16.189521927319188,708728000
2022-05-13,17.673824310302734,17.895421017236522,16.562847872141287,16.757493216581477,670437000
2022-05-16,17.23262596130371,17.75567386028926,17.074914055272394,17.477181558942796,521446000
2022-05-17,18.143966674804688,18.337614359005986,17.601954209019933,18.04115321874996,585830000
2022-05-18,16.907217025756836,18.08507282771539,16.8333521055283,17.672823297029897,545161000
2022-05-19,17.09288215637207,17.65485877694169,16.70358958474404,16.906221705811088,621310000
2022-05-20,16.66366195678711,17.378360361940025,15.726368287812404,17.30050299605302,739105000
2022-05-23,16.867294311523438,16.88426361777237,16.1496009881176,16.244427672325003,639889000
2022-05-24,16.1246395111084,16.566835152715054,15.751319657965462,16.479993381421657,588550000
2022-05-25,16.94415855407715,17.07991113623178,15.970929647882663,15.990893766874478,781132000
2022-05-26,17.81855583190918,18.059117040216766,15.992879547579298,16.006854041805614,996575000
2022-05-27,18.776813507080078,18.846685983699807,18.06710524448989,18.15294938885793,738379000
2022-05-31,18.6380672454834,19.165107560608973,18.316651930915967,18.945506160051778,664100000
2022-06-01,18.28670883178711,19.018376635802273,18.089068680481994,18.68997592200463,544514000
2022-06-02,19.556396484375,19.58334784646,18.16493055901775,18.258759605191464,648656000
2022-06-03,18.685977935791016,19.296867114895196,18.48833782299085,19.047321460231885,598779000
2022-06-06,18.75185775756836,19.301856968127392,18.53026109692932,19.104216857601944,422406000
2022-06-07,18.891603469848633,18.965468384281454,18.154943882331036,18.438428121556196,388914000
2022-06-08,18.618043899536133,19.14918886431723,18.505224558437913,18.768800398425874,363252000
2022-06-09,18.01900863647461,18.90258723082813,18.012019911507146,18.451313643542257,395574000
2022-06-10,16.946735382080078,17.66857359163236,16.841902597628902,17.571729282063977,465248000
2022-06-13,15.621865272521973,16.285796991229645,15.580930768510546,15.974297907810348,604153000
2022-06-14,15.810563087463379,16.040193181616115,15.387243419466994,15.705731253766638,469680000
2022-06-15,16.50045394897461,16.840905821966867,15.90041852007138,16.069146736449664,563936000
2022-06-16,15.575939178466797,15.916391969438846,15.376260638736387,15.834522958828355,545749000
2022-06-17,15.854491233825684,15.969306274754233,15.303377894797796,15.622863557257194,630334000
2022-06-21,16.53938865661621,16.98067807199888,16.380643675300785,16.448535233491057,483089000
2022-06-22,16.333723068237305,16.63523803952557,16.15401188075244,16.199937522982893,437135000
2022-06-23,16.19894027709961,16.558360761085417,15.827537079076826,16.492466783521426,463680000
2022-06-24,17.098485946655273,17.112463394239207,16.283796893806354,16.473492185505755,472153000
2022-06-27,16.84190559387207,17.302165607517388,16.599295854163095,17.284194868332495,427968000
2022-06-28,15.956326484680176,17.17436596206075,15.919385267288108,16.87285105635566,461149000
2022-06-29,15.517034530639648,15.794587854289764,15.145632337338009,15.788597926333088,482352000
2022-06-30,15.134651184082031,15.541995824627715,14.838128310223647,15.336326385518298,686070000
2022-07-01,14.49967098236084,15.038803524181898,14.368881846227062,14.875067404670956,577610000
2022-07-05,14.939962387084961,14.946951112194402,14.032423111650445,14.152230235873315,651397000
2022-07-06,15.105698585510254,15.294395146665014,14.765245737410277,14.985891441568391,529066000
2022-07-07,15.832528114318848,15.919388265162539,15.364281576027004,15.431174346701193,492903000
2022-07-08,15.812560081481934,16.01124079035871,15.364280941862427,15.405215450126937,467972000
2022-07-11,15.127662658691406,15.502060318211557,15.013845450277405,15.501061520744424,437321000
2022-07-12,15.057775497436523,15.406214920659789,14.85310483880761,15.243476620007863,458483000
2022-07-13,15.139642715454102,15.350304243121299,14.4417660630257,14.56656528451449,521918000
2022-07-14,15.347306251525879,15.44814383814876,14.704340715980594,15.083730400494847,456235000
2022-07-15,15.736680030822754,15.756647407738981,15.420188870669334,15.63384580216969,385935000
2022-07-18,16.075136184692383,16.8698570674019,15.976296187145689,16.275813524039364,670517000
2022-07-19,16.964704513549805,17.082514988008967,16.146022071859953,16.45951683745517,702366000
2022-07-20,17.778396606445312,17.90419557403467,16.774013886344825,16.919779281556753,760538000
2022-07-21,18.021005630493164,18.11485450174296,17.516817646879083,17.856271659241287,557049000
2022-07-22,17.29118537902832,17.938143482148746,17.109476564713013,17.86426292263888,536671000
2022-07-25,16.99665069580078,17.09649042421537,16.622253142459385,16.991657662023613,480748000
2022-07-26,16.50644302368164,16.891822649479725,16.451531068699488,16.861870154684528,397865000
2022-07-27,17.76142120361328,17.907186562588475,16.88582930041582,17.004637608445794,569776000
2022-07-28,17.95511245727539,18.11086201941648,17.41198753684129,17.946128040860202,474646000
2022-07-29,18.133825302124023,18.214694569102246,17.663581188162542,17.784387118127725,435460000
2022-08-01,18.411376953125,18.815727059641716,17.96110121179728,18.15279222547974,476469000
2022-08-02,18.49624252319336,18.90758142194784,18.062939600781153,18.09289210018399,489527000
2022-08-03,18.86264991760254,18.93753019924968,18.107863838709722,18.154789221455992,418146000
2022-08-04,19.184139251708984,19.243044507997787,18.729870096019265,18.818727855336114,409652000
2022-08-05,18.958498001098633,19.198112256942917,18.636016886602366,18.779784678395007,386068000
2022-08-08,17.764415740966797,18.20970031636088,17.214302203916876,17.473884755972595,981859000
2022-08-09,17.058557510375977,17.418977745827792,16.69713942952305,17.224291252645365,668263000
2022-08-10,18.067934036254883,18.088900216176043,17.289186130000665,17.669574713467647,597422000
2022-08-11,17.91318130493164,18.67695387002045,17.84728732822926,18.101878818020555,509327000
2022-08-12,18.678945541381836,18.68793186075144,17.92415946001401,18.130827666952836,478094000
2022-08-15,19.001428604125977,19.13321654286925,18.583102920928454,18.67096091199568,457666000
2022-08-16,18.848676681518555,19.111254744277208,18.471283557711025,18.88961119385509,451240000
2022-08-17,18.30554962158203,18.657983276915708,18.115856168463772,18.49324928823037,446799000
2022-08-18,18.742847442626953,18.83469872730568,18.153794950823045,18.271605449183827,415447000
2022-08-19,17.820331573486328,18.490253330046265,17.74145799231606,18.376436118791393,441588000
2022-08-22,17.00663948059082,17.529797971537494,16.93874791361986,17.461906404566534,409593000
2022-08-23,17.153398513793945,17.436942664447834,16.94273704308187,16.961707525081724,369986000
2022-08-24,17.194339752197266,17.378044243797792,16.86786528424407,16.98467604437704,522661000
2022-08-25,17.88422393798828,17.918169715102525,16.805958969898168,16.816940979132873,770691000
2022-08-26,16.23387908935547,17.895205487932916,16.210915322065308,17.828313684831375,769127000
2022-08-29,15.775619506835938,16.311756661031318,15.741674674911415,15.994268556184212,496132000
2022-08-30,15.443154335021973,16.013236290955273,15.157613482274343,15.934363667656111,530181000
2022-08-31,15.069754600524902,15.515038296538872,14.934971220455097,15.359288739854978,573710000
2022-09-01,13.914613723754883,14.356901987282448,13.248685287003793,14.186176179149008,1178865000
2022-09-02,13.625078201293945,14.14823567963121,13.569167449536392,14.077350584914733,743157000
2022-09-06,13.443371772766113,13.756867534549574,13.329554567237018,13.708944300191542,535751000
2022-09-07,13.696039199829102,13.819877351748058,13.328521120783083,13.545236934215922,512657000
2022-09-08,13.971678733825684,13.989655763301307,13.35149264648823,13.441373984164738,624873000
2022-09-09,14.368159294128418,14.455045254829914,14.107501412023929,14.138460000064642,486612000
2022-09-12,14.486003875732422,14.527948688246315,14.179405773307693,14.350182305946856,484159000
2022-09-13,13.113802909851074,13.903767364016517,13.081845229225642,13.783924633033108,714956000
2022-09-14,13.110806465148926,13.27259399594672,12.896087899117584,13.236640893849893,588507000
2022-09-15,12.912069320678711,13.215671132338676,12.773251402722765,12.997957145239825,523625000
2022-09-16,13.180716514587402,13.19469811993345,12.600477035450059,12.72531334171146,670751000
2022-09-19,13.364474296569824,13.445368542937578,12.99296174366855,12.994958979609367,569685000
2022-09-20,13.158745765686035,13.465343911425606,13.039902113440293,13.197695205969652,524818000
2022-09-21,13.243633270263672,14.012625346801554,13.092830994775037,13.195696747526322,807679000
2022-09-22,12.544550895690918,13.1317811906846,12.411725641921524,13.052884170953144,759162000
2022-09-23,12.499608993530273,12.594484849369591,12.240948352013458,12.403734995875771,663309000
2022-09-26,12.211987495422363,12.642423822702893,12.198005888949607,12.474643592604306,547343000
2022-09-27,12.396743774414062,12.719320720938102,12.241947032432883,12.490620532839431,553854000
2022-09-28,12.71932315826416,12.806209131167394,12.337823391068095,12.393749819157433,542414000
2022-09-29,12.203994750976562,12.483627745803501,11.930353463161712,12.431695808664548,532763000
2022-09-30,12.123102188110352,12.616455658995795,12.05918587570381,12.07117024380662,565638000
2022-10-03,12.495614051818848,12.661397019747188,12.089146528346182,12.330830178093539,547478000
2022-10-04,13.149755477905273,13.20268651528483,12.862132554319986,12.862132554319986,584182000
2022-10-05,13.19170093536377,13.303554723315088,12.6044716440018,12.894091817678392,507131000
2022-10-06,13.112804412841797,13.638115559922221,13.085839346698974,13.202686696750762,644157000
2022-10-07,12.060186386108398,12.653408390945094,12.006257199525558,12.48862450071268,672478000
2022-10-10,11.654716491699219,12.108121431783047,11.3930595354897,12.02123547777354,698699000
2022-10-11,11.57082748413086,11.830486265809176,11.268223841612809,11.545859652529316,667482000
2022-10-12,11.484939575195312,11.719631475815296,11.330142830208745,11.563836589027906,492590000
2022-10-13,11.944337844848633,12.062183348670452,10.798839583929336,10.956632667736919,850103000
2022-10-14,11.212298393249512,12.095140613196103,11.189328748128137,12.041211425664171,713432000
2022-10-17,11.872429847717285,11.932351684916148,11.501916408490736,11.502914550195962,580774000
2022-10-18,11.951327323913574,12.475639372211802,11.602784417601008,12.327833437876679,659362000
2022-10-19,12.03521728515625,12.333826444729338,11.818501467347717,11.863442610170829,523131000
2022-10-20,12.178030014038086,12.752276757936729,12.089145874513667,12.097135770429727,652398000
2022-10-21,12.449673652648926,12.481632285200682,11.871432413251382,12.0821555690685,609494000
2022-10-24,12.582496643066406,12.693351305967612,12.048197587876864,12.491616239481685,517457000
2022-10-25,13.243633270263672,13.282582706939756,12.647414970734918,12.677376368924335,505482000
2022-10-26,12.879112243652344,13.370467582837385,12.691358709095725,12.852148126630082,532953000
2022-10-27,13.158745765686035,13.819879536767937,13.104816577345671,13.61215172838995,583113000
2022-10-28,13.81588363647461,13.831863430742688,13.043896137118422,13.08684004841616,521040000
2022-10-31,13.479323387145996,13.819877352516734,13.27958550774582,13.759955512484012,486341000
2022-11-01,13.525263786315918,13.90676347391886,13.50129505001384,13.792912452696658,432817000
2022-11-02,13.201687812805176,14.191390140892414,13.1936988689507,13.83186195195651,672628000
2022-11-03,13.403423309326172,13.762952460821824,12.93903307601992,13.025919033651268,500065000
2022-11-04,14.137460708618164,14.210365058332465,13.67906125202417,13.967683273201919,612576000
2022-11-07,14.282272338867188,14.393127044208452,13.935727569364591,14.209367978816218,410061000
2022-11-08,14.582877159118652,14.871498236897642,14.197382040182664,14.781615950345596,595292000
2022-11-09,13.75795841217041,14.192389137520287,13.740980477958338,14.143452570833958,454414000
2022-11-10,15.729373931884766,15.75234357507586,14.527949302036653,14.78061823441489,700819000
2022-11-11,16.30561637878418,16.367535452388744,15.461723751407225,15.786297912123384,655487000
2022-11-14,16.27366065979004,16.51834065367654,15.901148984019148,16.1967618318074,527852000
2022-11-15,16.644174575805664,16.975738615290787,16.36054610593409,16.70010099439711,545876000
2022-11-16,15.88916301727295,16.34057071172928,15.852211772174623,16.140833788396282,649547000
2022-11-17,15.65647029876709,16.24469967737209,15.514656056143036,15.694420642704538,710894000
2022-11-18,15.388821601867676,15.981045452536414,15.100199550162154,15.945091392326727,492072000
2022-11-21,15.296939849853516,15.456730146887825,15.060249781863105,15.127162421148238,404739000
2022-11-22,16.016996383666992,16.03697064838447,15.10219563199428,15.307926177427646,472866000
2022-11-23,16.49736785888672,16.50535870885115,16.02698585665369,16.076919620889132,427241000
2022-11-25,16.248695373535156,16.465410273649304,16.150824128322316,16.296632854209083,167934000
2022-11-28,15.806273460388184,16.335580086090914,15.704407750431818,16.005012266171555,303741000
2022-11-29,15.618518829345703,15.9111353323506,15.499675191959904,15.806272346937764,298384000
2022-11-30,16.90515899658203,16.912151586236597,15.580556739527186,15.680450741353981,565298000
2022-12-01,17.116939544677734,17.246801683339985,16.617466556173586,16.98108321190143,470977000
2022-12-02,16.85820770263672,16.915148722341915,16.42766233403227,16.64143742283547,371389000
2022-12-05,16.592491149902344,16.977085530136808,16.454636135070988,16.66141865731802,352255000
2022-12-06,15.970148086547852,16.55552985566231,15.802324959390125,16.512575914907618,352694000
2022-12-07,16.103010177612305,16.16894059762961,15.650486623430005,15.7553764476407,372388000
2022-12-08,17.150901794433594,17.16089148149892,15.942176334261013,16.255846411030678,515456000
2022-12-09,16.983078002929688,17.564465224613613,16.957106340396344,17.141910790847255,465338000
2022-12-12,17.516515731811523,17.5195128285567,16.779294713991607,17.01904149488724,457328000
2022-12-13,18.05295181274414,18.770195420423224,17.692332261799088,18.51146764054295,656589000
2022-12-14,17.65536880493164,18.232760529632582,17.401636847702704,17.9680385827717,496888000
2022-12-15,16.934127807617188,17.30173986952119,16.68239457922902,17.127923524585228,478542000
2022-12-16,16.55353546142578,17.0230413617946,16.392705835711006,16.846227851112154,478232000
2022-12-19,16.23686408996582,16.59148937740911,16.127979749041472,16.55452963419861,354039000
2022-12-20,16.068042755126953,16.292805947862565,15.83528952764598,16.047064984160826,403260000
2022-12-21,16.483606338500977,16.60947488301715,16.085026742432447,16.097015130166447,325025000
2022-12-22,15.322831153869629,16.120989680017022,14.866313091281313,16.077035434762546,565045000
2022-12-23,15.189970970153809,15.322830189395079,14.867311505326436,15.17998128298212,349326000
2022-12-27,14.106115341186523,15.08408346858157,14.041183324202558,15.058110852321793,464902000
2022-12-28,14.021203994750977,14.24696558584254,13.869363801000764,13.912318692934731,351066000
2022-12-29,14.587606430053711,14.667522024551847,14.212003326446284,14.386819046661842,354923000
2022-12-30,14.598594665527344,14.613578243254633,14.217995786415349,14.318889147477543,310490000
2023-01-03,14.299910545349121,14.980193431350457,14.081141524221861,14.835345814456593,401277000
2023-01-04,14.733451843261719,14.837342302451898,14.225987933937839,14.5516444923479,431324000
2023-01-05,14.249961853027344,14.54864642697685,14.133084617886107,14.475723430978015,389168000
2023-01-06,14.843337059020996,14.994177909991919,14.019206897315305,14.458742666001996,405044000
2023-01-09,15.611526489257812,16.03907482336761,15.125039380250245,15.267889243337127,504231000
2023-01-10,15.892229080200195,15.945172704430046,15.455689492558554,15.490652443025239,384101000
2023-01-11,15.984129905700684,16.011101866917304,15.546591955018148,15.823300346058495,353285000
2023-01-12,16.493593215942383,16.619459833672344,15.475667427433098,16.083027207439695,551409000
2023-01-13,16.881181716918945,16.904158181928292,16.147956399715802,16.260836215041603,447287000
2023-01-17,17.683338165283203,17.709311731541334,16.881185193204846,16.881185193204846,511102000
2023-01-18,17.358684539794922,17.85416011409162,17.263783455353824,17.64837787383118,439624000
2023-01-19,16.747325897216797,17.178871599912767,16.71336324869982,17.01804012030735,452932000
2023-01-20,17.8201961517334,17.837178429750637,16.80726509622476,16.993067946601407,564967000
2023-01-23,19.17276954650879,19.2247147792948,17.799218927189443,18.044958004082773,655163000
2023-01-24,19.244691848754883,19.474450850170054,18.800161235154988,18.80715382585874,496204000
2023-01-25,19.30263328552246,19.349584631047886,18.56041638575592,18.893065582760745,449537000
2023-01-26,19.781124114990234,20.14474069411191,19.257676365647274,19.680230760238217,489535000
2023-01-27,20.343530654907227,20.606253883767415,19.384543617188243,19.441482734234384,542142000
2023-01-30,19.141799926757812,20.11876764644554,19.129811540746857,19.928969317759073,488611000
2023-01-31,19.516408920288086,19.66625044123853,18.93002771708951,19.149795154127606,498017000
2023-02-01,20.920923233032227,21.169659387182808,19.590326660737446,19.670242250628736,660477000
2023-02-02,21.686113357543945,21.925860113730366,20.6781782034606,20.977861172359162,564276000
2023-02-03,21.0777587890625,21.72207934933685,20.767085792265146,20.977863818383533,429366000
2023-02-06,21.066770553588867,21.54726252016348,20.764088546903054,20.78406792196353,452197000
2023-02-07,22.149627685546875,22.235537474634327,21.12770531761483,21.3594611160502,664150000
2023-02-08,22.181589126586914,22.853879916035094,21.984796321260635,22.363396450827928,559651000
2023-02-09,22.313451766967773,22.99573229825379,22.09668147789324,22.58216918763524,523876000
2023-02-10,21.242586135864258,22.054728961620185,20.7890660834922,21.6671393301779,550737000
2023-02-13,21.765029907226562,22.024756028474826,20.939900511928794,21.515293472026823,474919000
2023-02-14,22.946786880493164,23.02470377641566,21.343477267064582,21.555253690620347,675474000
2023-02-15,22.739999771118164,22.83090343317728,22.082694463199154,22.52522629397233,420575000
2023-02-16,21.978805541992188,22.526226251527607,21.903883847439104,22.109666050196253,412026000
2023-02-17,21.365455627441406,21.717083871627388,20.952890859592024,21.608199514245356,465888000
2023-02-21,20.63322639465332,21.47134072519899,20.596264744241374,20.977862013234812,410015000
2023-02-22,20.732118606567383,21.081749979909304,20.399469508148194,20.6851691802944,513184000
2023-02-23,23.639053344726562,23.86281813728652,23.00072702935598,23.415290457504543,1117995000
2023-02-24,23.261451721191406,23.44925516678763,22.922810291543012,23.200517108251855,589716000
2023-02-27,23.47622299194336,23.854823133033605,23.429273564014498,23.64504544483232,452994000
2023-02-28,23.191524505615234,23.799883635514494,23.181534819315353,23.347360182285275,455963000
2023-03-01,22.674074172973633,23.231486553591107,22.48427391696802,23.167552933250114,460026000
2023-03-02,23.289426803588867,23.35535722599572,22.408356440030143,22.4642990788848,389415000
2023-03-03,23.86481285095215,23.874802536880523,23.10561386843544,23.29541409039906,412393000
2023-03-06,23.529170989990234,24.222437736222577,23.462240277861365,23.865815628810815,437429000
2023-03-07,23.26740074157715,24.103660267777396,23.220441431129053,23.5791250368648,515154000
2023-03-08,24.159610748291016,24.17859494826269,23.403280373872484,23.466224373577802,513573000
2023-03-09,23.41526985168457,24.4323690005714,23.362315331755266,24.15361456298328,501257000
2023-03-10,22.944690704345703,23.60610591009381,22.70590174749073,23.388298290096692,474866000
2023-03-13,22.945690155029297,23.27739729031593,22.277283050243035,22.731880605336343,421890000
2023-03-14,24.04171371459961,24.197575854977504,23.439246485119973,23.475215844075734,474910000
2023-03-15,24.206571578979492,24.264518937841256,23.33933927282555,23.739983668370748,524486000
2023-03-16,25.518407821655273,25.565365225905747,23.872863426440126,24.005747106314715,583253000
2023-03-17,25.70224380493164,26.375647364778064,25.645293114759838,25.959016429831397,848547000
2023-03-20,25.877092361450195,26.000983238469185,25.107772930663263,25.59234458217973,432747000
2023-03-21,26.17582893371582,26.36865903671038,25.358553488198883,26.156846636843376,547408000
2023-03-22,26.444589614868164,27.564598386349715,26.21379303359335,26.401626474238157,797295000
2023-03-23,27.166950225830078,27.474678371614985,26.66639389662088,27.091017232493737,564889000
2023-03-24,26.755311965942383,27.142969248408896,26.3316872285577,27.007089867354004,454920000
2023-03-27,26.507535934448242,26.97612101034624,26.341682380127203,26.81326506197413,361026000
2023-03-28,26.386640548706055,26.489550086858387,25.827136394951317,26.42360847823861,356104000
2023-03-29,26.960132598876953,27.054049321086534,26.57347575940691,26.801274739572264,393694000
2023-03-30,27.358779907226562,27.474678436555607,27.078028306822056,27.204916786801245,364516000
2023-03-31,27.75243377685547,27.809382571922825,27.081027225666862,27.115996118368173,433933000
2023-04-03,27.940269470214844,27.975238365719044,27.31182601230269,27.484673356173086,398716000
2023-04-04,27.4287166595459,27.97523371673916,27.282845889494656,27.941263393705515,368592000
2023-04-05,26.857229232788086,26.974124441531284,26.37165894915069,26.805275171459353,515015000
2023-04-06,27.013084411621094,27.05604564313856,26.40362339232595,26.560484102488175,397654000
2023-04-10,27.55460548400879,27.59656814998943,26.645410576438564,26.79927368503425,395279000
2023-04-11,27.144968032836914,27.76541901115848,27.1020048950003,27.699477407319026,314378000
2023-04-12,26.4715633392334,27.44370219574786,26.424604031245995,27.345789313498337,446259000
2023-04-13,26.439592361450195,26.863217112653786,26.305712014928602,26.71035256577281,353615000
2023-04-14,26.734333038330078,26.859222480822282,26.196808771126577,26.48055798084649,395660000
2023-04-17,26.97811508178711,26.98211125376257,26.40961817014211,26.541501373639374,321471000
2023-04-18,27.64253044128418,28.08513943393583,27.332805146499545,27.508650082334086,604812000
2023-04-19,27.906295776367188,27.975234992237034,27.20791461166313,27.33680022607394,358660000
2023-04-20,27.08002471923828,28.005206202430383,26.97611662299647,27.646522604245416,427713000
2023-04-21,27.095014572143555,27.158959050915872,26.6983663319222,26.928162455219432,345103000
2023-04-24,27.018083572387695,27.341796428628392,26.64741139924113,26.989109891102213,339282000
2023-04-25,26.217788696289062,27.22289939376249,26.20180400715183,27.05404825153496,378527000
2023-04-26,26.932153701782227,27.305823404724503,26.68137628889595,26.978114442564554,406337000
2023-04-27,27.201921463012695,27.470684568616697,26.601453148375764,27.338801338428016,377161000
2023-04-28,27.724456787109375,27.733447698531908,27.047055069952613,27.200920093090993,292216000
2023-05-01,28.884428024291992,29.032297830068675,27.755428384065603,27.81537477855387,570329000
2023-05-02,28.185049057006836,28.810496754933304,28.058162478439368,28.654634590232256,402730000
2023-05-03,27.777408599853516,28.341909379215185,27.44770056792737,27.815375094782077,383387000
2023-05-04,27.537620544433594,27.834356814204146,27.21590486366876,27.626540615871196,321850000
2023-05-05,28.654634475708008,28.72956699907564,27.70647440681242,27.801389698676097,361494000
2023-05-08,29.125215530395508,29.194154745050692,28.32492531170623,28.49677215933893,344979000
2023-05-09,28.545730590820312,28.947375483780448,28.424839220758987,28.87344152488721,314869000
2023-05-10,28.859451293945312,29.087250267045963,28.435826537614037,28.97934408614239,369350000
2023-05-11,28.55272102355957,28.92439362497088,28.221015861335896,28.87044053584294,322149000
2023-05-12,28.31493377685547,28.75454513594309,28.02119319112188,28.503765785473174,274222000
2023-05-15,28.927391052246094,28.943377647743457,28.127100823911366,28.482784946357548,293926000
2023-05-16,29.187158584594727,29.8435789202714,28.806496990692356,28.81548790146732,449405000
2023-05-17,30.151308059692383,30.17228939441913,29.403970448812785,29.557833570142268,432535000
2023-05-18,31.649980545043945,31.799847490043984,30.293181883981152,30.383102432113493,748725000
2023-05-19,31.236347198486328,31.552067683944458,30.888655428377344,31.508105976511025,473908000
2023-05-22,31.148427963256836,31.492123586083498,30.652866345174697,30.8736696538163,372000000
2023-05-23,30.66085433959961,31.260323984561705,30.60390555229095,30.972578631206357,356253000
2023-05-24,30.5109920501709,30.57993126993221,29.779639086305995,30.183281114614353,721419000
2023-05-25,37.9463996887207,39.44507268027202,36.60258835333982,38.488918579888356,1543911000
2023-05-26,38.911556243896484,39.13535716800428,37.516790924073234,37.8564903887327,714397000
2023-05-30,40.07552719116211,41.90091111611417,39.91367170883157,40.55910031587385,923401000
2023-05-31,37.800533294677734,40.25935493570893,37.78854287268503,39.453069566174214,1002580000
2023-06-01,39.73482894897461,40.01458010495206,38.30609329724924,38.45495978773049,635873000
2023-06-02,39.29220962524414,40.46417228382388,39.023446585861166,40.061528913678025,482731000
2023-06-05,39.13636016845703,39.53000892549244,38.672769810202105,38.87459083409057,396094000
2023-06-06,38.61981201171875,39.125365001144544,38.11425902229296,38.79565884971586,388729000
2023-06-07,37.44572448730469,39.46814549212033,37.32681796379226,38.88460205575025,511998000
2023-06-08,38.47991943359375,38.833643027365426,37.47570715034152,37.694534053593046,417772000
2023-06-09,38.73971176147461,39.67997469301632,38.536871237623615,39.006501462599836,427717000
2023-06-12,39.4511604309082,39.499123275212575,38.58783685686491,39.16938300880245,388701000
2023-06-13,40.98996353149414,41.06890421553936,39.708967017457006,40.154617863223834,613208000
2023-06-14,42.963417053222656,42.966413063285984,40.52032331528582,40.79211402973289,740465000
2023-06-15,42.619686126708984,43.2551909701653,42.11408081517457,42.56872727104233,568622000
2023-06-16,42.658653259277344,43.6868488037051,42.62767543128522,43.416060581927226,655709000
2023-06-20,43.773780822753906,43.95564168389906,42.64066770306491,42.96441594228362,451153000
2023-06-21,43.01137161254883,43.580929837926405,42.04712912539949,43.46701666816399,551603000
2023-06-22,42.991390228271484,43.39207412960286,42.20100779460612,42.21999014630877,417737000
2023-06-23,42.176025390625,42.77555513779792,41.982176702107104,42.43082724844622,358140000
2023-06-26,40.60026168823242,42.73059631968799,40.06867574743641,42.42783159494467,594322000
2023-06-27,41.843284606933594,41.90723378479605,40.41640261431228,40.76712632853293,462175000
2023-06-28,41.08488464355469,41.812316652912195,40.486353490200045,40.628240868259915,582639000
2023-06-29,40.79011154174805,41.56750370507978,40.56828482936424,41.52553669526217,380514000
2023-06-30,42.268959045410156,42.516766447959405,41.46858596097829,41.64744701058792,501148000
2023-07-03,42.37986373901367,42.864485450578925,42.169030043008505,42.48378258219759,198209000
2023-07-05,42.28395080566406,43.143275924330226,42.05212974638505,42.102089932908285,323618000
2023-07-06,42.07011413574219,42.14605498586675,41.31370545626282,41.81131756799603,303582000
2023-07-07,42.46979904174805,43.18024602401447,42.14705329030634,42.288940665727566,355881000
2023-07-10,42.147056579589844,42.77756426984942,41.616469261927726,42.623685218893456,353908000
2023-07-11,42.371883392333984,42.72460836398589,42.034149908557275,42.447824255018325,298244000
2023-07-12,43.86771011352539,43.90068528368808,42.743588811592915,42.999389377359606,481277000
2023-07-13,45.94109344482422,46.11895201895111,44.45725261049975,44.48323328046501,478204000
2023-07-14,45.43349075317383,48.050444811535804,45.02480978329466,46.546619140200846,772075000
2023-07-17,46.42470932006836,46.459681830207685,45.2266483214971,46.25284659122238,510488000
2023-07-18,47.45690155029297,47.85858797189123,45.69827797708258,46.66452170058574,569164000
2023-07-19,47.04023361206055,47.78065603639918,46.70549615415564,47.42693241076301,427502000
2023-07-20,45.484439849853516,47.05021703797439,45.02679746035021,46.47066830923723,537865000
2023-07-21,44.274391174316406,45.83017811976025,44.06555477681696,45.75223611318822,963769000
2023-07-24,44.577152252197266,45.07376568294936,44.005600454709025,44.6960587806985,382516000
2023-07-25,45.6433219909668,46.14692613209552,44.88791196755602,44.90589946333249,348081000
2023-07-26,45.416500091552734,46.01703242805517,44.5951435044959,45.98505592696078,364237000
2023-07-27,45.8641471862793,47.35797831429428,45.71426283263286,46.48266314205839,455976000
2023-07-28,46.71348571777344,46.99026979268205,46.344774445154044,46.63154903236518,331194000
2023-07-31,46.69249725341797,47.093184983951005,46.4696718790696,46.71747924909827,251055000
2023-08-01,46.47067642211914,46.86337103094522,45.9910517758365,46.42371224639774,237858000
2023-08-02,44.23442459106445,45.80419670368741,43.353113509905164,45.79520486142881,530142000
2023-08-03,44.48023223876953,45.08276192345427,43.76579051634056,43.76579051634056,324176000
2023-08-04,44.64509963989258,45.60634618505477,44.35832507301121,44.94986170170467,362666000
2023-08-07,45.381526947021484,45.504431975857,44.528193870776704,45.07576619174701,322154000
2023-08-08,44.629119873046875,45.20666758358326,44.02159299987499,44.817971444919216,353843000
2023-08-09,42.52075958251953,44.277385732589195,42.101085685540646,44.23941340389369,586449000
2023-08-10,42.35490036010742,43.53997505454453,41.80233078646622,42.127077761381095,492705000
2023-08-11,40.82309341430664,41.98518717020068,40.60726249812491,41.7183935825012,533085000
2023-08-14,43.71882247924805,43.765786651430616,40.27951352736408,40.45437607089752,690286000
2023-08-15,43.90568542480469,45.232651303193144,43.67586549160289,44.52520400479387,676512000
2023-08-16,43.45203399658203,44.640104468597144,43.37209465339346,44.4852267558164,527451000
2023-08-17,43.310150146484375,44.02758789498413,42.96741571162868,43.93566069220137,452395000
2023-08-18,43.265174865722656,43.543956241722725,41.627455303744846,42.60169211486707,583768000
2023-08-21,46.93031311035156,47.028236135596124,44.187458298338946,44.45924519865085,692573000
2023-08-22,45.63232421875,48.14935742594029,45.29758682975093,48.097396095838995,755293000
2023-08-23,47.07920837402344,47.163142412730515,45.172697380646554,45.83018449557039,779046000
2023-08-24,47.126163482666016,50.22674065271713,47.122168802250776,50.176780465500904,1156044000
2023-08-25,45.9820556640625,47.767658540303835,44.98882881073535,46.975278705672146,925341000
2023-08-28,46.79841995239258,46.943307161709576,44.85294200358458,46.445695012544455,685192000
2023-08-29,48.74589157104492,49.04266044648469,46.35475936686293,46.62954606851407,701397000
2023-08-30,49.225521087646484,49.88800143615993,48.387175707748206,49.005691704274305,735206000
2023-08-31,49.31645202636719,49.70514814643913,48.9197627338808,49.34143402541549,528570000
2023-09-01,48.471107482910156,49.76109942188399,48.10439357486219,49.72313090360501,463830000
2023-09-05,48.51008605957031,48.81285082996846,47.82262363775037,48.185339110764936,382653000
2023-09-06,47.028114318847656,48.515073458793,46.547451450862816,48.40715103407181,468670000
2023-09-07,46.20868682861328,46.31161549020898,45.120447146044796,45.49318758272593,433330000
2023-09-08,45.54015350341797,46.57343135473317,45.239365149462806,45.909897697113266,473069000
2023-09-11,45.146427154541016,46.130735550235435,44.28103126100682,46.115746643442655,473966000
2023-09-12,44.83864212036133,45.64108235714804,44.49987832466093,44.706734397330045,349256000
2023-09-13,45.453216552734375,45.89790529019353,44.47190049902718,44.56883283924793,398355000
2023-09-14,45.54915237426758,45.95486692026357,45.099466041293624,45.917894023696675,370097000
2023-09-15,43.869327545166016,45.56713791255012,43.777388961117786,45.30931876274773,506831000
2023-09-18,43.935272216796875,44.211080299105845,41.97064663049677,42.7181249588287,500271000
2023-09-19,43.489585876464844,43.93527332902396,42.97194633294254,43.802366857424914,373064000
2023-09-20,42.20948791503906,43.872326816521394,42.193500252380844,43.56953710623469,367108000
2023-09-21,40.988338470458984,42.07058192849427,40.95136557382746,41.55394487986268,450736000
2023-09-22,41.5809211730957,42.08556931771517,41.20218442357063,41.54294571690647,479236000
2023-09-25,42.1924934387207,42.506273177622504,41.14822175071883,41.56193389222181,419091000
2023-09-26,41.881717681884766,42.79008299471649,41.62589602088143,41.97165495479975,402282000
2023-09-27,42.438323974609375,42.84204482057062,41.59991333679484,42.30042372625329,444935000
2023-09-28,43.05888366699219,43.41563258671688,42.085565419671916,42.430321689918024,424663000
2023-09-29,43.468605041503906,44.113154796580034,43.276737862234015,43.79637496273023,397830000
2023-10-02,44.75070571899414,45.14342881532186,43.83034792394179,43.9992285379224,433298000
2023-10-03,43.4865837097168,45.09845913874494,43.215773206538074,44.776681779419775,470850000
2023-10-04,44.010223388671875,44.112153297816725,43.26174626009731,43.71143255099348,361821000
2023-10-05,44.65677261352539,44.868626271295504,43.85733240049327,44.01921794767318,393483000
2023-10-06,45.73002624511719,45.757007806644154,43.99523916079719,44.16212229169967,434436000
2023-10-09,45.241363525390625,45.573132266606365,44.33699712951298,44.810664938003,409675000
2023-10-10,45.765995025634766,46.22667139823051,45.05649211437215,45.27833709467453,368582000
2023-10-11,46.773292541503906,46.8262569088581,46.017820302651025,46.16371818891468,378137000
2023-10-12,46.91219711303711,47.57573461020595,46.297628975923374,46.744315234099965,481325000
2023-10-13,45.429229736328125,47.08307579073531,45.24835646569822,46.92718276252737,474115000
2023-10-16,46.06279373168945,46.19270015345539,44.88061784699003,45.03151331618372,375099000
2023-10-17,43.90730285644531,44.722734656513275,42.450321291409665,43.96925981519668,812333000
2023-10-18,42.1665153503418,43.18880316775222,41.79577619709707,42.561239807706784,627294000
2023-10-19,42.07158279418945,43.26674621056965,41.85273405618411,42.78108575212414,501233000
2023-10-20,41.35808181762695,42.4403252529677,41.049295810508625,41.860728698935155,477266000
2023-10-23,42.944969177246094,43.217781037891605,40.91638888400306,41.20019083203981,478530000
2023-10-24,43.63248825073242,43.66646488934986,42.66117113532344,43.04689918780669,401463000
2023-10-25,41.74980926513672,43.61950423451798,41.52596674486631,43.36767758718175,398379000
2023-10-26,40.297821044921875,42.22647269652664,39.852133556535904,41.8237544285133,541001000
2023-10-27,40.471702575683594,41.177210573030834,39.987040836148445,41.1012634608965,416784000
2023-10-30,41.132240295410156,41.73681712722262,40.45271510334961,41.05829449956598,388028000
2023-10-31,40.75151062011719,40.8504442966851,39.202594184094295,40.421743134321325,517969000
2023-11-01,42.295433044433594,42.35139367956083,40.84044890706074,40.855437818322336,437593000
2023-11-02,43.47560119628906,43.85333542629518,42.864029312260996,43.297724168934685,409172000
2023-11-03,44.97355270385742,45.27733731815709,43.69244703893823,43.989240387189966,424610000
2023-11-06,45.71902847290039,45.90290181424292,44.867622664486824,45.25335451197863,400733000
2023-11-07,45.922889709472656,46.18570260804149,45.12644574728523,45.687054558944546,343165000
2023-11-08,46.54145431518555,46.834248828049994,45.93587499644732,46.06778272127609,346719000
2023-11-09,46.91718673706055,48.19629090693493,46.7173257575099,47.43382369058895,540496000
2023-11-10,48.30122375488281,48.43812905946533,47.24996072733801,47.466808147596865,421245000
2023-11-13,48.58602523803711,49.08168084897678,48.065389383307924,48.28623562834099,384136000
2023-11-14,49.62130355834961,49.79918059248535,49.005736641538505,49.64528886328257,416954000
2023-11-15,48.853843688964844,49.925093307072636,48.16632465148742,49.900113061154364,475497000
2023-11-16,49.44542694091797,49.490397480832705,48.296232754650504,48.64498792594149,339756000
2023-11-17,49.26355743408203,49.68226341163358,48.9727603803161,49.489397461523026,325205000
2023-11-20,50.373779296875,50.512682115669016,49.14663666812377,49.27754565599921,414120000
2023-11-21,49.909095764160156,50.481693358553215,49.18760022799973,50.09096777649301,565747000
2023-11-22,48.68196105957031,50.29982932340877,47.65667696410155,49.817168906440536,899420000
2023-11-24,47.742618560791016,48.8868189750065,47.711638178100976,48.43613388773008,294645000
2023-11-27,48.208290100097656,48.49608705256933,47.6187022270162,47.766597618423056,395662000
2023-11-28,47.7875862121582,48.28923817471284,47.439829789625705,48.20229716306376,401491000
2023-11-29,48.106361389160156,48.727928411184934,47.826558260033494,48.345196613263326,382005000
2023-11-30,46.73731994628906,48.07638377452515,46.3895635380406,47.990441518765145,526247000
2023-12-01,46.73232650756836,47.16702396235708,46.1547312180282,46.49249632095064,369317000
2023-12-04,45.47819900512695,46.044804165615915,44.97854837139348,46.044804165615915,437543000
2023-12-05,46.53755569458008,46.571531508809755,45.243344800588865,45.43822537417424,371718000
2023-12-06,45.475196838378906,47.35804843216662,45.38425283422849,47.18615263660435,380590000
2023-12-07,46.567535400390625,46.60051618631754,45.57614082890342,45.67208285394523,350823000
2023-12-08,47.47697830200195,47.71183534651791,46.52156105756746,46.566535548739374,359224000
2023-12-11,46.59851837158203,47.50196552269277,45.80200812005124,47.46199285274284,509728000
2023-12-12,47.627891540527344,47.6368849146668,46.017875514105,46.017875514105,372387000
2023-12-13,48.058624267578125,48.56431567041087,47.5789179572985,47.59990503689136,447792000
2023-12-14,48.320457458496094,48.64026163902283,47.393026859915174,48.360433934153576,391232000
2023-12-15,48.860137939453125,49.37382393315781,48.0906077891267,48.16456390223083,479948000
2023-12-18,50.04640579223633,50.4021872923408,49.1199739909024,49.369821256751614,412587000
2023-12-19,49.573692321777344,49.66963433728467,48.86512588284418,49.39380199579273,464444000
2023-12-20,48.08160400390625,49.96845091462431,48.068611458987135,49.62465933137436,397894000
2023-12-21,48.96007537841797,49.065010780060334,48.38942122420045,48.781183869365606,300425000
2023-12-22,48.800174713134766,49.35283451146827,48.43739367116176,49.16494962310715,252507000
2023-12-26,49.2488899230957,49.569692938536456,48.93008458769596,48.93807912022649,244200000
2023-12-27,49.386810302734375,49.64965012045702,49.05501239405432,49.48075464580007,233648000
2023-12-28,49.49174880981445,49.85352719386826,49.38181539341571,49.6126770927999,246587000
2023-12-29,49.49174880981445,49.96646094313931,48.72121986722186,49.7825714182401,389293000
2024-01-02,48.138572692871094,49.26488309320295,47.565924699352884,49.21391556134482,411254000
2024-01-03,47.539939880371094,48.15456203597886,47.2910914479061,47.45599156277329,320896000
2024-01-04,47.96868133544922,48.47037358886087,47.4789789763883,47.737819636783634,306535000
2024-01-05,49.06700897216797,49.51673484987403,48.27649179251623,48.43239854255895,415039000
2024-01-08,52.22107696533203,52.24306669740862,49.44877334196531,49.48175412771333,642510000
2024-01-09,53.107540130615234,54.29181767502081,51.65842506490768,52.36899311649789,773100000
2024-01-10,54.31679916381836,54.56664645309511,53.45632503855136,53.58325017590931,533796000
2024-01-11,54.78850555419922,55.312187494704844,53.527279337957886,54.965399369459846,596759000
2024-01-12,54.67657470703125,54.93641799826661,54.29680960809761,54.58662953889082,352994000
2024-01-16,56.34755325317383,56.80027560728274,54.86646024002656,54.98438817814625,449580000
2024-01-17,56.01875686645508,56.43650076516492,54.70655929384397,56.3125759716749,474394000
2024-01-18,57.072113037109375,57.5648119047759,56.07272391506558,57.225019450786334,491650000
2024-01-19,59.454654693603516,59.463648066531206,57.19003646845247,57.953569636409725,543501000
2024-01-22,59.61756134033203,60.29414976562131,59.03391842649556,60.01232052303933,452955000
2024-01-23,59.836429595947266,59.873405745227366,58.54921431651321,59.5336132708294,294654000
2024-01-24,61.32451248168945,62.810603561548206,59.901382639629475,60.26716017281773,560271000
2024-01-25,61.57936477661133,62.68069286197914,60.81283115751821,62.311914954127865,482777000
2024-01-26,60.993717193603516,61.74526054571479,60.53600059416135,60.92276141821586,390309000
2024-01-29,62.426841735839844,62.450825336358335,60.869794823781135,61.1945932389414,348733000
2024-01-30,62.73565673828125,63.45421935159413,62.22197074363452,62.86158304254552,410735000
2024-01-31,61.48941421508789,62.230961514394274,60.66291975637589,61.40246556305648,453795000
2024-02-01,62.98849868774414,63.1523999678792,61.61234096321601,62.06206301871128,369146000
2024-02-02,66.11957550048828,66.55930144641191,63.651079802410266,63.93490665601146,476578000
2024-02-05,69.28964233398438,69.45454244217241,67.16394292298222,68.18331639891433,680078000
2024-02-06,68.18132019042969,69.71138308978904,66.25949848302591,69.58745829595591,683111000
2024-02-07,70.0561752319336,70.17710350841662,67.5587013332111,68.2772638618389,495575000
2024-02-08,69.59845733642578,70.7507528828607,69.41257394689296,70.03119148834118,414422000
2024-02-09,72.08893585205078,72.14089841148939,70.16910418058404,70.48990722179018,436637000
2024-02-12,72.20386505126953,74.56542046599529,71.2064736279646,72.55564739281085,613710000
2024-02-13,72.08393859863281,73.40512964528038,69.57747501499297,70.3569973280816,602580000
2024-02-14,73.85486602783203,74.19065934700839,71.89406636072601,73.15729429339046,504917000
2024-02-15,72.61360931396484,73.92980608164119,72.35577132172895,73.82387565740021,420122000
2024-02-16,72.56864166259766,74.35655027525982,72.45671056832468,74.0547328068878,495327000
2024-02-20,69.40956115722656,71.91202875960458,67.69260871411592,71.90303157562508,704833000
2024-02-21,67.43079376220703,68.8459293516135,66.20754225691248,67.96446422295412,673755000
2024-02-22,78.49002838134766,78.52700071768926,74.17466516688725,74.97917375100998,865100000
2024-02-23,78.76885986328125,82.34367088132632,77.52261988480991,80.74065432651751,829388000
2024-02-26,79.04369354248047,80.59674521460998,78.45704646976243,79.6513162598183,503973000
2024-02-27,78.65292358398438,79.43145470230726,77.11486980989693,79.33250852556469,391705000
2024-02-28,77.61555480957031,78.88477556464643,77.07788148076835,77.57258181183745,393110000
2024-02-29,79.06367492675781,79.9411369643908,78.30213934805526,79.04568817875618,507289000
2024-03-01,82.2287368774414,82.24972776986829,79.38647244624788,79.95112973995113,479135000
2024-03-04,85.18494415283203,87.64144320283324,83.66787347235841,84.07861795539888,615616000
2024-03-05,85.91551208496094,86.04844030428545,83.36995155382468,85.22190326590307,520639000
2024-03-06,88.64997100830078,89.67339555623481,86.98091470216241,87.97235961581464,582520000
2024-03-07,92.61672973632812,92.71467403344542,89.55145830366479,90.10714445366249,608119000
2024-03-08,87.4786376953125,97.34507194141518,86.45721088913098,95.08434657912662,1142269000
2024-03-11,85.72562408447266,88.74691405918401,84.11852931570184,86.3802534333582,678364000
2024-03-12,91.86116790771484,91.90813847414768,86.10141744907258,87.99934858682109,668075000
2024-03-13,90.83673858642578,91.45238847114443,88.38511917925783,91.0036442134583,635713000
2024-03-14,87.8943862915039,90.59486542464842,86.55114274535384,89.52646826118793,602318000
2024-03-15,87.7874526977539,89.49548835416286,86.20834970674177,86.88096661769565,642086000
2024-03-18,88.40511322021484,92.3528823706334,87.03588315502401,90.33702166642148,668976000
2024-03-19,89.34758758544922,90.49293740706634,84.96206166270107,86.65110342037197,672171000
2024-03-20,90.32102966308594,90.35901024319512,88.17323967680368,89.74634940187569,479063000
2024-03-21,91.38343048095703,92.59575144201277,90.35401259550207,92.24794813241263,480372000
2024-03-22,94.23580932617188,94.72453187599703,90.78275659770236,91.0895826139038,586719000
2024-03-25,94.94841003417969,96.71141493346599,93.45725487677139,93.88801151365493,552136000
2024-03-26,92.5087890625,96.3206408094852,92.44982423178193,95.79693429152606,513648000
2024-03-27,90.1990966796875,93.18740810778951,89.07273343467564,93.0594819501001,586067000
2024-03-28,90.3050308227539,91.24849853375163,89.14268488587938,89.9492288448454,435212000
2024-04-01,90.31202697753906,92.17297617207028,89.15368416261286,90.24806771473163,452441000
2024-04-02,89.40154266357422,90.04317879660557,87.57057538202243,88.39810360146309,433064000
2024-04-03,88.91382598876953,90.32303448482294,88.35014869042175,88.43410095294554,370067000
2024-04-04,85.8565444946289,90.58288102989088,85.83155707073556,90.35500517909665,434965000
2024-04-05,87.95836639404297,88.4310991932804,85.87753991776991,86.81700456921507,399678000
2024-04-08,87.08384704589844,88.77988827828314,86.68307229452097,88.64995673788222,283220000
2024-04-09,85.30584716796875,87.58556628736338,82.97516956737525,87.39267436773328,501700000
2024-04-10,86.98990631103516,87.35070274664696,83.66178279831279,83.87866326448999,431929000
2024-04-11,90.56489562988281,90.68782736368458,86.87698174129012,87.37069882551852,431637000
2024-04-12,88.13626098632812,90.1241452492344,87.48063273280795,89.64840815742117,426805000
2024-04-15,85.95249938964844,90.56189797510771,85.88054139689574,89.04775296579596,443077000
2024-04-16,87.36569213867188,88.06829089560239,86.01545628049773,86.38424380509475,370453000
2024-04-17,83.98760223388672,88.72492641813315,83.90264346955806,88.29016660250515,495400000
2024-04-18,84.62324523925781,86.14139337931326,82.35552770602675,84.9220802095837,447260000
2024-04-19,76.15702056884766,84.27643922651326,75.56336143765269,83.10310538210794,875198000
2024-04-22,79.47315216064453,80.02783946358336,76.35691439393003,78.05994814693265,596341000
2024-04-23,82.37650299072266,82.72230848851257,80.21872426508081,80.7234366574032,438559000
2024-04-24,79.63206481933594,84.03457921776213,79.13834013698539,83.90264988256477,512208000
2024-04-25,82.58540344238281,83.27600801866915,78.17888569012331,78.82351858715127,424641000
2024-04-26,87.68551635742188,88.28118087279601,83.33996914129987,83.77072580488384,551011000
2024-04-29,87.70751190185547,87.94237235498613,85.21791179771557,87.54560070216142,388971000
2024-04-30,86.35326385498047,88.76890032049818,86.25132401291081,87.19078860426956,363709000
2024-05-01,82.9941635131836,85.95149420957613,81.20916774332882,85.02901827783364,559863000
2024-05-02,85.76859283447266,86.18835408667036,83.15306466582874,84.4013606664833,377898000
2024-05-03,88.7389144897461,89.23063371341577,86.9909005732954,87.73947860212795,398341000
2024-05-06,92.08802795410156,92.16798466023728,89.00476895897276,89.3395790876885,376203000
2024-05-07,90.50292205810547,91.72922732116892,88.96079315014337,91.04661392300342,437342000
2024-05-08,90.36100769042969,91.14256430274753,89.36956281384657,89.43253081814441,325721000
2024-05-09,88.69695281982422,91.02063858717587,88.18124497678554,90.47794554376881,378013000
2024-05-10,89.82730865478516,91.34945233112951,89.17667483195356,90.25406978590553,335325000
2024-05-13,90.3480224609375,90.94668368485891,88.47907428372562,90.4269726636133,289680000
2024-05-14,91.30448150634766,91.5993133075769,88.88384272491611,89.5484686052902,296507000
2024-05-15,94.57662200927734,94.80849340867992,91.54733338803841,92.41984207783547,417735000
2024-05-16,94.3057861328125,95.7649618311796,94.04992617640089,94.85647788998737,323952000
2024-05-17,92.42683410644531,94.68656039026546,91.75421718471637,94.31577507944353,359691000
2024-05-20,94.72654724121094,95.14630855060346,93.38730659931326,93.69712933361367,318764000
2024-05-21,95.33219909667969,95.3461911389766,93.12744211033531,93.54620449229954,328946000
2024-05-22,94.89644622802734,95.96584245517248,93.19640917175742,95.4051618418388,548648000
2024-05-23,103.74046325683594,106.26003756449907,101.46274160839002,101.9704583406549,835065000
2024-05-24,106.40894317626953,106.41493649766242,102.94189825157174,104.39007837740144,429494000
2024-05-28,113.83676147460938,114.87417806167193,109.82102986026253,110.18182631936331,652728000
2024-05-29,114.7602310180664,115.42685462015827,110.83844833840384,112.98623828974068,557442000
2024-05-30,110.43767547607422,115.75367568258609,109.60114957621623,114.58533630630252,484553000
2024-05-31,109.57115936279297,112.65341931534381,106.879677688503,112.45652422078095,613263000
2024-06-03,114.93513488769531,114.93513488769531,111.93982368190672,113.55691490102478,438392000
2024-06-04,116.37133026123047,116.53424034822847,113.98068096958718,115.65074383289046,403324000
2024-06-05,122.37094116210938,122.37993114467406,117.40174545593459,118.30423600418825,528402000
2024-06-06,120.92975616455078,125.51616477932996,118.25326519915947,123.97803133753258,664696000
2024-06-07,120.81982421875,121.62337164710611,117.95544321860926,119.70245088550641,412386000
2024-06-10,121.7213134765625,123.03057221935303,116.94401053331076,120.30211616184846,313434100
2024-06-11,120.85173034667969,122.81078479761143,118.68277039590036,121.71130884876212,222551200
2024-06-12,125.1396713256836,126.81886214949532,122.51094129451408,123.00070306062463,299595000
2024-06-13,129.5475311279297,129.7374419918796,127.09871503024357,129.32763594350715,260704500
2024-06-14,131.8164520263672,132.7759808624214,128.2581700274141,129.89737910282292,309320400
2024-06-17,130.91688537597656,133.66556033801308,129.5175660413327,132.92592665460285,288504400
2024-06-18,135.5146484375,136.26428691629846,130.62700616579136,131.07678620278367,294335100
2024-06-20,130.71697998046875,140.69216665961412,129.45759262565218,139.73263779444994,517768400
2024-06-21,126.50899505615234,130.56704338903992,124.24009251378381,127.05873301556977,649445800
2024-06-24,118.05307006835938,124.40000776140424,117.98310411428992,123.18059459700767,476060900
2024-06-25,126.02923583984375,126.43904192857353,119.2625015362155,121.14159285282038,414192600
2024-06-26,126.3390884399414,128.0582531537486,122.54091663746888,126.06921428451571,362975900
2024-06-27,123.93024444580078,126.34908399185862,122.8607604065947,124.04019204451785,252571700
2024-06-28,123.48046875,127.648457456266,122.69084852465333,124.5199685039101,315516700
2024-07-01,124.24010467529297,124.7798377464592,118.77273936918628,123.41050281013469,284885500
2024-07-02,122.61088562011719,123.35053451744282,120.97167651778796,121.07162680437523,218374000
2024-07-03,128.21817016601562,128.21817016601562,121.30150730962696,121.60136576540062,215749000
2024-07-05,125.76935577392578,128.78790450042015,125.61942654400949,127.3186041478144,214176700
2024-07-08,128.13818359375,130.70695175433724,126.97874686873942,127.42852684489468,237677300
2024-07-09,131.3166961669922,133.7555228326683,128.58800070420872,130.28719371816868,285366600
2024-07-10,134.84500122070312,135.03491211498738,132.35619546389498,133.965420342518,248978600
2024-07-11,127.33860778808594,136.0843835595481,126.98877797734232,135.6845824191085,374782700
2024-07-12,129.17774963378906,131.856451337425,127.15871841221467,128.19821072594715,252680500
2024-07-15,128.3781280517578,131.32670387529456,127.11873290604161,130.49710188740187,208326200
2024-07-16,126.29910278320312,128.97780386568002,124.51996185494663,128.3781021800115,214769500
2024-07-17,117.93313598632812,121.7912763806817,116.66375138152577,121.29151734126509,390086200
2024-07-18,121.0316390991211,122.34101295266511,116.50382347473696,121.79127496540796,320979500
2024-07-19,117.8731689453125,121.54139851435873,117.31344125378135,120.29200089882109,217223800
2024-07-22,123.48046875,124.01021213043963,119.8022417845173,120.29200352530061,258068900
2024-07-23,122.53092193603516,124.62991607602876,122.04116019537173,122.72083281792666,173911000
2024-07-24,114.19495391845703,119.89220458663964,113.38534661974653,119.11258161370083,327776900
2024-07-25,112.22587585449219,116.57377747571985,106.24876269608933,112.985511642852,460067000
2024-07-26,113.00550842285156,116.14399449340688,111.52622597755057,116.13400480341201,293399100
2024-07-29,111.5362319946289,116.22397478096362,111.24637842799686,113.63522630987761,248152100
2024-07-30,103.68001556396484,111.93602955521253,102.49058658822665,111.46625482947668,486833300
2024-07-31,116.96359252929688,118.28295597890576,110.82655264429766,112.84558326649312,473174200
2024-08-01,109.15736389160156,120.10209097077005,106.75851907796755,117.47335365334001,523462300
2024-08-02,107.21829986572266,108.66760564065457,101.32114936142939,103.70999693537759,482027500
2024-08-05,100.4015884399414,103.36016867781126,90.6462974352404,92.0156323292122,552842400
2024-08-06,104.19976043701172,107.65809209854007,100.50154657010994,103.78995436151921,409012100
2024-08-07,98.8623275756836,108.74755983917498,98.64243239882663,107.75803154331864,411440400
2024-08-08,104.9194107055664,105.44915405082541,97.47299667346623,101.95084088326249,391910000
2024-08-09,104.69951629638672,106.54862317361375,103.38015276837264,105.58908675557784,290844200
2024-08-12,108.96746826171875,111.01648357411331,106.20880358471621,106.26877223508454,325559900
2024-08-13,116.08402252197266,116.1739831093698,111.52622277964618,112.38580888904526,312646700
2024-08-14,118.02310943603516,118.54285553833287,114.01503936808065,118.47288957022128,339246400
2024-08-15,122.80079650878906,123.180610648127,117.41339446628129,118.70277375276062,318086700
2024-08-16,124.51995849609375,124.93975424016854,121.12159565561768,121.88123149659879,302589900
2024-08-19,129.93734741210938,129.93734741210938,123.36051676677039,124.22010290586175,318333600
2024-08-20,127.18867492675781,129.81741234204915,125.82932973595075,128.3381146113763,300087400
2024-08-21,128.43804931640625,129.2876456264653,126.59894005268639,127.2586178970324,257883600
2024-08-22,123.68035888671875,130.68698241163722,123.04066795762931,129.9573385201996,376189100
2024-08-23,129.30764770507812,129.53754784197983,125.15965381933411,125.79934477343178,323230300
2024-08-26,126.3990478515625,131.196729770517,124.31005885081005,129.50755712849073,331964700
2024-08-27,128.23817443847656,129.1377346219971,123.82029866993177,124.98974063480068,303134600
2024-08-28,125.54946899414062,128.26815944285755,122.580899020736,128.05825393148814,448101100
2024-08-29,117.53331756591797,124.37002462838785,116.65374447412273,121.30150468369611,453023300
2024-08-30,119.31246948242188,121.69131963851615,117.16350420185492,119.47238840117339,333751600
2024-09-03,107.94794464111328,116.15398655476369,107.23828777198462,115.95408600386334,477155100
2024-09-04,106.1588134765625,113.21540862229497,104.06982436712501,105.3592035946603,372470300
2024-09-05,107.15834045410156,109.59716719188593,104.70952402528704,104.93940893047393,306850700
2024-09-06,102.78044128417969,108.09787692095124,100.90134249947533,107.98792932713482,413638100
2024-09-09,106.41868591308594,106.49864918568733,103.64002700878578,104.8294482794324,273912000
2024-09-10,108.04789733886719,109.34727382600163,104.89941402443941,107.75803619556127,268283700
2024-09-11,116.8536605834961,117.13352442144715,107.36822866067497,109.33728046789619,441422400
2024-09-12,119.0927734375,120.7421209186122,115.33426173002456,116.79368208487448,366052700
2024-09-13,119.05278015136719,119.91243980632909,117.55337484057826,119.03279143615939,238358300
2024-09-16,116.73370361328125,118.13315013570288,114.31466480568342,116.74370178435876,248772300
2024-09-17,115.54417419433594,118.75290839853001,114.78448096424103,118.12315326201993,231925900
2024-09-18,113.3250503540039,117.65332766764698,113.17510830529987,115.84404779202798,310318900
2024-09-19,117.82328033447266,119.61257171272585,117.20352335036759,117.30348218615993,293506400
2024-09-20,115.95402526855469,118.57298961925171,115.344266422119,117.01360271419077,382462400
2024-09-23,116.21391296386719,116.94361929782039,114.81446644323901,116.50379891378353,206228500
2024-09-24,120.82209014892578,121.75172180406905,115.33426088161053,116.47380837806097,354966800
2024-09-25,123.4610366821289,124.89047006468225,121.5617884105282,121.97162190060216,284692900
2024-09-26,123.9908218383789,127.61937987933592,121.75171208350119,126.7497296956914,302582900
2024-09-27,121.35187530517578,123.98082995705606,119.21272426875333,123.92085618310571,271009200
2024-09-30,121.3918685913086,121.451842369324,118.10317169758383,118.26310431441512,226553700
2024-10-01,116.95361328125,122.39145893750027,115.74409392230913,121.72171877480598,302094500
2024-10-02,118.80288696289062,119.33267565347262,115.09435850244638,116.39384623986545,221845900
2024-10-03,122.80130004882812,124.31070361178112,120.29229289145833,120.87206480654892,277118000
2024-10-04,124.87047576904297,124.99043094258552,121.78170440742984,124.89047211115172,243678100
2024-10-07,127.66936492919922,130.58820542607234,124.90045886173723,124.94044391837012,346250200
2024-10-08,132.83731079101562,133.42707320550807,129.36868536610157,130.20834865989482,285722500
2024-10-09,132.597412109375,134.46668122269037,131.32792651292905,134.0568400839603,246191600
2024-10-10,134.7565460205078,134.94647312682827,130.94805910825556,131.85770195813822,242311300
2024-10-11,134.74656677246094,135.72617401836632,133.60701929174726,133.9568713960576,170209500
2024-10-14,138.01527404785156,139.54466630986312,136.24597143489578,136.4159022137037,232347700
2024-10-15,131.54783630371094,138.5150744275185,128.68896947491228,137.8153397242487,377831000
2024-10-16,135.6662139892578,136.56585120891066,131.52785532391937,133.92689807815486,264879700
2024-10-17,136.87570190429688,140.83413853249198,136.81572813387166,139.28475003463748,306435900
2024-10-18,137.94529724121094,138.8449343829922,137.22558142668973,138.61502982502418,176090200
2024-10-21,143.6530303955078,143.6530303955078,137.94528751258602,138.07524085271365,264554500
2024-10-22,143.5330810546875,144.3627538949317,141.72380093133486,142.85335791004843,226311600
2024-10-23,139.50466918945312,142.37352650102258,137.40551088320953,141.97369118156848,285930000
2024-10-24,140.35433959960938,141.293969386979,138.40511570705533,140.76418072009866,172354900
2024-10-25,141.48388671875,144.0728716327459,140.74418981710016,140.8741279131319,205122100
2024-10-28,140.4643096923828,143.08326638426843,139.99449475491215,142.9433224828564,173586700
2024-10-29,141.19400024414062,142.20359433012132,138.8449258203989,140.23437413304583,157593600
2024-10-30,139.28475952148438,140.27437255912164,136.75576367804047,139.48467718743143,179418100
2024-10-31,132.70738220214844,137.55546626582213,132.05764589588958,137.54547571977304,270039600
2024-11-01,135.34632873535156,137.25557537634637,134.5166711244238,134.64660922766117,207127800
2024-11-04,135.99606323242188,138.90491316378314,135.5162578090522,137.15560698724303,187528200
2024-11-05,139.85455322265625,140.31436236962443,137.27557392202525,137.3955214816271,160537400
2024-11-06,145.5522918701172,146.4319479858603,141.90374455387283,142.90334822985668,242043900
2024-11-07,148.8209991455078,148.8709671267726,146.1120664908763,146.33198051831096,207323300
2024-11-08,147.57147216796875,149.7106230852884,146.20200497714438,148.7110195677981,175665800
2024-11-11,145.202392578125,148.79098057849544,143.51307554919703,148.62103456850656,182325600
2024-11-12,148.231201171875,149.5906625866308,145.95210633724608,146.72180532829077,198634700
2024-11-13,146.21202087402344,149.27080540839845,145.84215717514013,149.01091396688446,191903300
2024-11-14,146.70181274414062,148.94093020600926,145.49230097997514,147.5814687564354,194463300
2024-11-15,141.92369079589844,145.18240774117885,140.0244503789864,144.81254410002094,250132900
2024-11-18,140.09442138671875,141.49387540802257,137.09561095173166,139.44468522690033,221205300
2024-11-19,146.95172119140625,147.07168399645053,140.9341184421503,141.26398946372595,227834900
2024-11-20,145.83216857910156,147.5015047606034,142.67341754276418,147.3515703217148,309871700
2024-11-21,146.6118621826172,152.8293979645091,140.64422730754492,149.290807835149,400946600
2024-11-22,141.8937225341797,147.1016638018941,141.04406865837018,145.87214043901812,236406200
2024-11-25,135.96607971191406,141.99368792347047,135.7661620516237,141.93371415065735,344941900
2024-11-26,136.86572265625,139.2447840977321,135.61621816013385,137.64541224160723,190287700
2024-11-27,135.2863311767578,137.1655905980091,131.74774157257602,134.95646019838466,226370900
2024-11-29,138.19520568847656,139.29477581313424,135.99608069190262,136.7257870913165,141863200
2024-12-02,138.5750274658203,140.39429776497158,137.7653511333102,138.7749450999513,171682800
2024-12-03,140.20440673828125,140.48429454860658,137.8953246767264,138.2051993772479,164414000
2024-12-04,145.0824737548828,145.73221002899123,140.23438993110327,141.94371889092554,231224300
2024-12-05,145.0124969482422,146.49200804389403,143.9028598130552,145.06248362625453,172621200
2024-12-06,142.39334106445312,145.6522676421263,141.2637063556289,144.55263713920382,188505600
2024-12-09,138.7645263671875,139.90415231737651,137.08508402113657,138.92447761551347,189308600
2024-12-10,135.0257568359375,141.77354545828368,133.74616214517607,138.96445323342698,210020900
2024-12-11,139.2643585205078,140.12407738797447,135.16571086465208,137.31500040642362,184905200
2024-12-12,137.29501342773438,138.39465924672223,135.75552453494274,137.03510407678786,159211400
2024-12-13,134.20602416992188,139.55427778956917,132.4965775973186,138.89449032268433,231514900
2024-12-16,131.9567413330078,134.3559487102744,130.3772572956884,134.13601958774962,237951100
2024-12-17,130.3472900390625,131.54689392732612,126.81844751374322,129.04771280436398,259410300
2024-12-18,128.8677978515625,136.65524065308236,128.23799923564917,133.81617414487124,277444500
2024-12-19,130.63717651367188,133.98608501684748,129.50755712091288,131.7168244915274,209719200
2024-12-20,134.65586853027344,135.2356803497186,128.1779956829599,129.76747112979962,306528600
2024-12-23,139.62425231933594,139.74420813475027,135.07573952144836,136.23536324975828,176053500
2024-12-24,140.174072265625,141.85351466107915,138.60457919611483,139.9541431061549,105157000
2024-12-26,139.88417053222656,140.8038826879709,137.68489400548984,139.65425012018665,116205600
2024-12-27,136.96511840820312,138.97446981750295,134.66588395063462,138.50462254046806,170582600
2024-12-30,137.4449462890625,140.22403398735426,133.97608228188028,134.78581438230358,167734700
2024-12-31,134.2460174560547,138.02479365615312,133.7861766339878,137.98479821279548,155659200
2025-01-02,138.26467895507812,138.83449951090427,134.58589206435911,135.9554382894446,198247200
2025-01-03,144.4226837158203,144.85253555834646,139.68423069189672,139.96413776465596,229322500
2025-01-06,149.38104248046875,152.11015917129038,147.77158452702758,148.5413213081193,265377400
2025-01-07,140.09408569335938,153.07983530547875,139.9641234037018,152.97986196669754,351782200
2025-01-08,140.06411743164062,143.90285624874434,137.51494945407615,142.53330977712477,227349900
2025-01-10,135.86549377441406,139.87417502688794,134.17604480086774,137.40498271998055,207602500
2025-01-13,133.1863555908203,133.4462801889749,129.4675728747113,129.94742663109315,204808900
2025-01-14,131.7168426513672,136.33533995791205,130.00741122442506,136.0054462036023,195590500
2025-01-15,136.1953887939453,136.4053114797544,131.24699764678536,133.60622538989423,185217300
2025-01-16,133.52626037597656,138.70455649670012,133.44628474718112,138.59459191383036,209235600
2025-01-17,137.66490173339844,138.45463626831489,135.41563868932835,136.6452315490251,201188800
2025-01-21,140.78387451171875,141.78354697270905,137.0450940162502,139.1144233323199,197749000
2025-01-22,147.0218505859375,147.7416007949869,143.62295473278476,144.61263605764083,237651400
2025-01-23,147.17178344726562,147.18177468068177,143.67292977388993,145.0024960002277,155915500
2025-01-24,142.57327270507812,148.92119854206575,141.83352489203162,148.32138900097752,234657600
2025-01-27,118.3812026977539,128.35792888769186,116.6617649651342,124.75911743279188,818830900
2025-01-28,128.94775390625,128.95774513931468,116.21192149182427,121.77009783396647,579666400
2025-01-29,123.65948486328125,126.84844257022412,120.0106863497111,126.458570906435,467120600
2025-01-30,124.60917663574219,124.9590604797062,118.06131881584726,123.05968123503551,392925500
2025-01-31,120.03067016601562,127.80812056780856,119.15096116009843,123.73945402173636,388161100
2025-02-03,116.62179565429688,118.53116613291392,112.9729895620065,114.71241754878405,371235700
2025-02-04,118.61112976074219,121.16028976109213,116.66176403787988,116.92168099297385,256550000
2025-02-05,124.78911590576172,124.95905839472358,120.72044926950534,121.72012173666313,262230800
2025-02-06,128.6378631591797,128.72784528628156,125.16900563533248,127.37828117148048,251483600
2025-02-07,129.79745483398438,130.32727996151158,124.95904429961287,129.17766285547097,228186300
2025-02-10,133.52626037597656,134.955784699492,129.91744211571256,130.04738916543755,216989100
2025-02-11,132.7565155029297,134.43595803743202,130.9770996135579,132.5365863252507,178902400
2025-02-12,131.0970458984375,132.19669170682792,129.03772306980744,129.97741762356085,160278600
2025-02-13,135.24566650390625,136.455276767875,131.12702127315083,131.51689288233604,197430000
2025-02-14,138.8045196533203,139.20438251414282,135.45561099221797,136.43528567888637,195479600
2025-02-18,139.35433959960938,143.3930250185803,137.8848198127303,141.22373753647113,219176600
2025-02-19,139.1844024658203,141.31370984182348,137.17506616632772,139.46430955469114,167536000
2025-02-20,140.06411743164062,140.6139403685729,136.74519734237094,139.9841417995603,143903600
2025-02-21,134.38595581054688,141.41366694156105,133.98609294492073,139.99411868487,228217600
2025-02-24,130.23733520507812,138.544611438826,130.03740375103862,136.51527743543022,251381100
2025-02-25,126.5885238647461,130.1573543264651,124.39924631174091,129.93742515974864,271428700
2025-02-26,131.23699951171875,133.68619399137987,128.44792005609298,129.9474287481865,322553800
2025-02-27,120.11064910888672,134.96577503505506,119.97069557287365,134.9557838016939,443175800
2025-02-28,124.87908172607422,125.04902421361967,116.36187573271177,117.98134023479652,389091100
2025-03-03,114.02263641357422,123.65947815441595,112.2432206852501,123.46954557652553,411381400
2025-03-04,115.95201110839844,119.27092350243325,110.07393955565605,110.61376362073891,398163300
2025-03-05,117.26158142089844,118.2412561507128,114.47249437052442,117.54148848655969,284337900
2025-03-06,110.53378295898438,115.31221606989396,110.18389912538346,113.49281250827367,321181900
2025-03-07,112.6530990600586,113.44284126847423,107.52477413573757,111.21356818629886,341755500
2025-03-10,106.94496154785156,111.81336147496829,105.42545516002185,109.86400325750407,366487400
2025-03-11,108.72438049316406,112.20323643435479,104.73568182740638,106.95495594173273,354865700
2025-03-12,115.71273803710938,116.7325020716217,112.85341103244578,114.09312447156262,323857500
2025-03-13,115.55277252197266,117.73225924433854,113.76319330991835,117.0024278677365,299033100
2025-03-14,121.6413345336914,121.85128414551467,118.12216714928688,118.5820578648422,277593500
2025-03-17,119.50183868408203,122.86104771124882,118.00219206936818,122.711081524258,255501500
2025-03-18,115.4028091430664,118.99195980676369,114.51301940530757,117.97220343827061,299686900
2025-03-19,117.49231719970703,120.42162740294437,115.6527542355049,117.24237608211885,273426200
2025-03-20,118.50206756591797,120.17167220516042,116.44255543913019,116.52253841801043,248829700
2025-03-21,117.6722640991211,117.9621966837067,115.39280254041711,116.91244866461768,266498500
2025-03-24,121.38140106201172,122.19120779583362,119.31188140429414,119.8517551027078,228452500
2025-03-25,120.66156768798828,121.26142480153007,118.89198043130345,120.5216012824151,167447200
2025-03-26,113.73320007324219,118.81199741904777,112.68344440410922,118.70203035263671,293463300
2025-03-27,111.40375518798828,114.42304053099558,110.6339399022949,111.32377219977147,236902100
2025-03-28,109.6441650390625,112.84341584506377,109.04430789656145,111.46373602695421,229872500
2025-03-31,108.35446166992188,110.9338556226425,103.6255803841977,105.10522740758995,299212700
2025-04-01,110.12405395507812,110.17403760023085,106.4449205320371,108.49443304563391,222614000
2025-04-02,110.39398193359375,111.95361956622256,106.76483994973236,107.26472214391917,220601200
2025-04-03,101.7760238647461,105.60511590388697,101.57606639857329,103.48562015563714,338769400
2025-04-04,94.28778076171875,100.10640942744341,92.08830207120735,98.88670323249266,532273800
2025-04-07,97.61698913574219,101.72602116602216,86.59958951154498,87.43938789235719,611041300
2025-04-08,96.27731323242188,105.82505852328022,94.43774279946976,103.78553826456235,476243400
2025-04-09,114.30307006835938,115.07288532975399,97.50702445286697,98.86670469924479,612918300
2025-04-10,107.5446548461914,110.83388059600858,99.12664053501021,109.34423379452805,437812400
2025-04-11,110.90386962890625,111.52372632761113,107.45468536211307,108.4744417347206,313417300
2025-04-14,110.68392181396484,114.26308039077927,109.04430871921362,114.08312248391158,264705000
2025-04-15,112.1735610961914,113.5932323217664,110.47396469045397,110.94385517244878,228966900
2025-04-16,104.46538543701172,106.76484672728219,100.4263361362673,104.52537649088836,397016900
2025-04-17,101.46607971191406,104.44538077133734,100.02642426353728,104.4253812132841,292517500
2025-04-21,96.88717651367188,99.41657935183265,95.01761424618036,98.74673137333838,288501100
2025-04-22,98.86669158935547,99.78647292005905,97.25707044682602,98.75671690551087,241004800
2025-04-23,102.68579864501953,104.77531016741209,101.99595878138034,104.4953697335839,247526000
2025-04-24,106.40492248535156,106.51489717654988,103.08570507328525,103.45562063709751,220815000
2025-04-25,110.98385620117188,111.8936379045766,105.70510100806126,106.82483233532861,251064700
2025-04-28,108.70439910888672,110.34401230383385,105.9950305600335,109.66417212829982,207708500
2025-04-29,108.99431610107422,110.17403844763395,107.41469407982767,107.64463563001284,170444300
2025-04-30,108.89433288574219,108.89433288574219,104.05547701680861,104.44538450923935,235044600
2025-05-01,111.58370208740234,114.91291927434723,111.27377757314032,113.05335693358144,236121500
2025-05-02,114.47303009033203,115.37281962529518,113.34329900218786,114.15310576985596,190194800
2025-05-05,113.7931900024414,114.64298826396649,112.63346720059009,112.88340831442672,133163200
2025-05-06,113.51325988769531,114.7129742117387,110.7938992837595,111.4537475013017,158525600
2025-05-07,117.03242492675781,117.65228163619798,112.25355204144066,113.02337494499027,206758800
2025-05-08,117.34235382080078,118.65204278244111,115.82270761670769,118.22214377270919,198428100
2025-05-09,116.62252044677734,118.20215005190205,115.18285724943865,117.32235248570746,132972200
2025-05-12,122.97102355957031,122.97102355957031,120.25166311897564,121.94126742822685,225023300
2025-05-13,129.89938354492188,131.18908818741485,124.44067836400953,124.95056035306071,330430100
2025-05-14,135.30810546875,135.40808800730593,131.6489642323906,133.16861033831793,281180800
2025-05-15,134.79824829101562,136.26790331471523,132.62876117393418,134.25836692241,226632600
2025-05-16,135.36810302734375,136.31789147723805,133.42857277146337,136.18791721457987,226542500
2025-05-19,135.53805541992188,135.83797251007488,132.35879696756518,132.35879696756518,193154600
2025-05-20,134.3483428955078,134.54829272140586,132.58874781513978,134.2583525069389,161514200
2025-05-21,131.76895141601562,137.36762292180558,130.55922977564506,133.02864907239967,270608700
2025-05-22,132.7987060546875,134.21836966107523,131.51900885300861,132.19884131725317,187344000
2025-05-23,131.25906372070312,132.64873565144939,129.12957588399638,129.96937433382988,198821300
2025-05-27,135.4680633544922,135.6280293045703,133.27857708527512,134.1183754403962,192953600
2025-05-28,134.7782440185547,137.2176717346689,134.75824445795843,135.9979578766118,304021100
2025-05-29,139.15721130371094,143.45620133736625,137.87751407348716,142.21648797143945,369241900
2025-05-30,135.09817504882812,139.58710766728817,132.88868890141003,138.6873257641086,333170900
2025-06-02,137.34764099121094,138.08745689917103,135.36809645457458,135.45808684638126,197663100
2025-06-03,141.1867218017578,141.9665367692297,137.91748812723765,138.74729436292043,225578800
2025-06-04,141.88656616210938,142.3564566649135,139.5071219355859,142.15650682982962,167120800
2025-06-05,139.95701599121094,143.96606551828813,138.79728569106723,142.13649493837005,231397900
2025-06-06,141.6865997314453,143.23623746842864,141.47664251332282,142.47640682683559,153986200
2025-06-09,142.59640502929688,144.96584183837217,141.9065651342004,143.15627066728982,185114500
2025-06-10,143.92608642578125,144.25599524562207,141.4966510569608,142.65638139553192,155881900
2025-06-11,142.80625915527344,144.96590375929992,141.84641202362192,144.5859620448177,167694000
2025-06-12,144.9759063720703,144.9759063720703,141.82643588786814,141.94641106631286,162365000
2025-06-13,141.94639587402344,143.556128789635,140.8265869783813,142.4563055840922,180820600
2025-06-16,144.66595458984375,146.1556971839991,143.1761967394354,143.32618096280035,183133700
2025-06-17,144.09603881835938,145.1958620737219,143.75609899624828,144.46598768948277,139108000
2025-06-18,145.455810546875,145.62578045463974,143.0962022725339,143.9860537050978,161494100
2025-06-20,143.8260955810547,146.17569581398777,142.6262828381709,145.42582047781178,242956200
2025-06-23,144.1460418701172,144.7559411184857,142.00639807778802,142.47632119978937,154308900
2025-06-24,147.8754119873047,147.9354148301798,145.4758169849003,145.53580457152245,187566100
2025-06-25,154.28436279296875,154.4243389252029,149.23519867353343,149.24520677628502,269146500
2025-06-26,154.99423217773438,156.69394650127538,153.97439748110884,155.95406403411533,198145700
2025-06-27,157.72377014160156,158.68361723049148,155.2341786737402,156.01404775885302,263234500
2025-06-30,157.96376037597656,158.6336472456001,155.93409881773164,158.37368067249696,194580300
2025-07-01,153.2745361328125,157.17388214393176,151.46483925954294,156.26402965591922,213143600
2025-07-02,157.22386169433594,157.57380961936815,152.94457434216997,152.9545671877056,171224100
2025-07-03,159.3135223388672,160.95324924613055,157.74379112425564,158.34368228178877,143716100
2025-07-07,158.21371459960938,159.28352889047815,157.31385497697042,158.17371270193448,140139000
2025-07-08,159.97340393066406,160.19336858156893,158.36367094336165,159.30351713245472,138133000
2025-07-09,162.85293579101562,164.39267314506114,161.13322041798892,161.1932080055649,183656400
2025-07-10,164.07273864746094,164.4726660794993,161.5831469026993,164.29270331195812,167704100
2025-07-11,164.89259338378906,167.862101078866,163.44283738179527,163.6927958392512,193633300
2025-07-14,164.04273986816406,165.4625020418882,161.99307751467913,165.3425116109199,136975800
2025-07-15,170.671630859375,172.37134531045626,169.17188012202328,171.1615549258278,230627400
2025-07-16,171.34152221679688,171.72146396229547,168.87193138356372,171.03157616389174,158831500
2025-07-17,172.97125244140625,174.13106334471073,170.80161486292053,171.99141956059896,160841100
2025-07-18,172.38134765625,174.22103817113316,171.23152964225835,173.61113894806013,146456400
2025-07-21,171.35153198242188,173.35119970444802,170.97159023323564,172.72129949000853,123126100
2025-07-22,167.00225830078125,171.36153479867312,164.55266825003173,171.31154005146294,193114300
2025-07-23,170.75161743164062,171.23153339032083,167.94208685699226,169.5018251648929,154082200
2025-07-24,173.7111358642578,173.80111724784433,171.27153886755505,172.41134882841166,128984600
2025-07-25,173.47117614746094,174.69097468726906,172.9312725713388,173.58115848322245,122316800
2025-07-28,176.7206268310547,176.97058528484683,173.94109004538618,173.99108478739527,140023500
2025-07-29,175.4808349609375,179.35020236643535,174.99092613442062,177.93044011853775,154077500
2025-07-30,179.24021911621094,179.86011122312902,176.01074478620916,176.48066791766442,174312200
2025-07-31,177.84043884277344,183.26954448460754,175.9007587673991,182.86960179799485,221685400
2025-08-01,173.69113159179688,176.51065501732398,170.86160006411595,174.06106522140865,204529000
2025-08-04,179.9700927734375,180.17005649193501,174.49100755408614,175.1309006070304,148174600
2025-08-05,178.23037719726562,180.23004490386853,175.87076869322405,179.59015184800575,156407600
2025-08-06,179.3901824951172,179.87009845787975,176.22071111043454,176.30069964693718,137192300
2025-08-07,180.73997497558594,183.84945895635624,178.7703010091291,181.53984513179375,151878400
2025-08-08,182.6696319580078,183.26953833968557,180.3700111699138,181.51982919208731,123396700
2025-08-11,182.0297393798828,183.80944232526838,180.2200426409657,182.01974653412333,138323200
2025-08-12,183.1295623779297,184.44933506001817,179.4301803710301,182.9295986692803,145485700
2025-08-13,181.55982971191406,183.93943921657484,179.3202115957667,182.58965738273272,179871700
2025-08-14,181.98974609375,182.98957985829236,179.43017409752198,179.72011917648817,129554000
2025-08-15,180.42001342773438,181.86976944489334,178.01041021115256,181.84978375259033,156602200
2025-08-18,181.979736328125,182.90958965389834,180.55997422620712,180.56998232776263,132008000
2025-08-19,175.61080932617188,182.46966985536903,175.46084035755914,182.39967416584764,185229200
2025-08-20,175.370849609375,175.9707560164781,168.77195541250927,175.1408920976954,215142700
2025-08-21,174.95091247558594,176.87059152353538,173.78110877087863,174.8209444570093,140040900
2025-08-22,177.96043395996094,178.56032512128596,171.17155351749952,172.58132291943235,172789400
2025-08-25,179.78012084960938,181.87977802218637,176.54066896263805,178.3203719824875,163012800
2025-08-26,181.7397918701172,182.35968393651802,178.7802771456414,180.03006938032237,168688200
2025-08-27,181.56982421875,182.45967569067753,179.07023971825097,181.94975068857377,235518900
2025-08-28,180.1400604248047,184.43934897141472,176.3806906932069,180.7899615720414,281787800
2025-08-29,174.1510467529297,178.12038822306508,173.12121914292007,178.08040158317536,243257900
2025-09-02,170.75161743164062,172.351357635579,167.19221149694363,169.9717482776903,231164900
2025-09-03,170.59165954589844,172.38137081666613,168.851958278929,171.03158891427162,164424900
2025-09-04,171.63148498535156,171.83144870716828,169.381858788342,170.54166973363456,141670100
2025-09-05,166.9922637939453,169.0019244592772,164.04275681292185,168.00209055003162,224441400
2025-09-08,168.2820281982422,170.93159698121408,167.32219627229085,167.5221599855096,163769100
2025-09-09,170.7316131591797,170.95157781434446,166.71229229208453,169.0618925540675,157548400
2025-09-10,177.300537109375,179.26020289704138,175.44084555219968,176.61064931709572,226852000
2025-09-11,177.1505584716797,180.26021784214308,176.4606317396978,179.66027757334626,151159300
2025-09-12,177.80047607421875,178.5803891806412,176.43061617633268,177.75047851465564,124911000
2025-09-15,177.73049926757812,178.83038469078608,174.49084923140515,175.650725630949,147061600
2025-09-16,174.86080932617188,177.4805168617991,174.36086420825131,176.98057174387853,140737800
2025-09-17,170.27130126953125,173.18098551277336,168.39151800406466,172.62104942275718,211843800
2025-09-18,176.2206573486328,177.08056354559588,172.94101865721873,173.96089569350613,191763300
2025-09-19,176.6505889892578,178.06043774665943,175.16074718989944,175.7506939671915,237182100
2025-09-22,183.58984375,184.52974299714734,174.69082690233378,175.28075846993005,269637000
2025-09-23,178.410400390625,182.3999677661597,176.19065819152993,181.95002022927713,192559600
2025-09-24,176.9505615234375,179.76025041106172,175.38072666046574,179.75025700209653,143564100
2025-09-25,177.67050170898438,180.2402117285651,173.11100459099512,174.4608472798892,191586700
2025-09-26,178.17044067382812,179.750269051669,174.91078879333958,178.15043859744398,148573700
2025-09-29,181.83004760742188,183.97980553666213,180.30021674934378,180.41019002973698,193063500
2025-09-30,186.55950927734375,187.32942897828707,181.4600633204032,182.06000352373024,236981000
2025-10-01,187.21945190429688,188.11934700723293,183.87980694521147,185.21967144700423,173844900
2025-10-02,188.8692626953125,191.0290292282152,188.03935198339767,189.57919146332628,136805800
2025-10-03,187.5994110107422,190.33911589327732,185.35966652947783,189.16924608680657,137596900
2025-10-06,185.51962280273438,187.20943969833962,183.3098739831843,185.4796339074747,157678100
2025-10-07,185.01968383789062,189.03924688644503,183.97980469837793,186.20955566811082,140088000
2025-10-08,189.0892333984375,189.57918508139647,186.51950830089396,186.5495190429729,130168900
2025-10-09,192.54885864257812,195.27855455286462,191.039014711271,192.20888438710807,182997200
2025-10-10,183.139892578125,195.59851591827854,182.03001384654092,193.4887469873255,268774400
2025-10-13,188.29933166503906,190.08912842775598,185.93959015922437,187.9493639887039,153482800
2025-10-14,180.01022338867188,184.77970370013514,179.6802578066599,184.74970821605342,205641400
2025-10-15,179.8102569580078,184.84969686580231,177.2705272995106,184.77971248532194,214450500
2025-10-16,181.7900390625,183.2598789113643,179.75026972003684,182.20999112544493,179723300
2025-10-17,183.19989013671875,184.07979842608083,179.7302697995737,180.1602152773484,173135200
2025-10-20,182.6199493408203,185.1796658652692,181.7100455780644,183.10990104163824,128544700
2025-10-21,181.14010620117188,182.76991679751694,179.7802549646251,182.76991679751694,124240200
2025-10-22,180.2602081298828,183.4198648953589,176.74059027394597,181.12011433169937,162249600
2025-10-23,182.13999938964844,183.0098989665471,179.7702492811968,180.4001849787377,111363700
2025-10-24,186.23953247070312,187.44940625639555,183.47984116964938,183.81980015643103,131296700
2025-10-27,191.46897888183594,191.97891738858848,188.4093020699799,189.9691435897376,153452700
2025-10-28,201.0079345703125,203.12769700573313,191.8889404255143,193.0288146936141,297986200
2025-10-29,207.01727294921875,212.1667169482571,204.7575264516481,207.95717223581016,308829600
2025-10-30,202.8677215576172,206.13736677538768,201.38788833732997,205.12746791137428,178864400
2025-10-31,202.4677734375,207.94716749796044,202.04782138155986,206.42733011185774,179802200
2025-11-03,206.85728454589844,211.31678618801203,205.53742218982754,208.05714970598171,180267300
2025-11-04,198.66818237304688,203.9476013046771,197.90825607143535,202.9777066091775,188919300
2025-11-05,195.18858337402344,202.89772869539195,194.6286320152979,198.7481902403631,171350300
2025-11-06,188.05935668945312,197.59830279082226,186.35954634625867,196.39843756369172,223029800
2025-11-07,188.1293487548828,188.29934352754728,178.8903723972709,184.87970536775757,264942300
2025-11-10,199.0281524658203,199.91805415635875,193.76872011438098,195.08858253564551,198897100
2025-11-11,193.1387939453125,195.3985402959953,191.2789975702345,195.13857433756354,176483300
2025-11-12,193.7787322998047,195.86849924763862,191.1090271797132,195.69851973704638,154935300
2025-11-13,186.8394775390625,191.4189763426968,183.82981362374773,191.02901978717685,207423100
2025-11-14,190.14910888671875,190.98901295495202,180.56016596493993,182.8399142970662,186591900
2025-11-17,186.5795135498047,188.9792438771453,184.29976516169708,185.9495778546046,173628900
2025-11-18,181.340087890625,184.7797126313021,179.6302689297591,183.3598703733926,213598900
2025-11-19,186.49952697753906,187.8393762025218,182.8099296469334,184.76970592228736,247246400
2025-11-20,180.6201629638672,195.97847686300787,179.83025642841662,195.92847930218133,343504800
2025-11-21,178.86036682128906,184.5397359279593,172.91100782704066,181.22010834266524,346926200
2025-11-24,182.52996826171875,183.4798609481747,176.4606271183833,179.47030653663683,256618300
2025-11-25,177.80047607421875,178.14043506786686,169.53138015579162,174.89079203873564,320600300
2025-11-26,180.24020385742188,182.8899220695924,178.22043661727494,181.6100638206842,183852000
2025-11-28,176.98056030273438,179.2703020816569,176.48061521713345,178.99033405428943,121332800
2025-12-01,179.90025329589844,180.2802164760195,173.66093259662904,174.7408159055669,188131000
2025-12-02,181.44007873535156,185.63961443898967,179.98023235974816,181.7400335835938,182632200
2025-12-03,179.57028198242188,182.4299686383783,179.09033894604931,181.06012391136443,165138000
2025-12-04,183.37008666992188,184.51002440204854,179.95027347354184,181.61017209543593,167364900
2025-12-05,182.40013122558594,184.6500094505641,180.9002124089338,183.88004685245298,143971100
2025-12-08,185.5399627685547,187.98982714518382,182.39012406320575,182.6301165694494,204378100
2025-12-09,184.95999145507812,185.70995086836587,183.31008684903045,185.54995586495326,144719700
2025-12-10,183.77005004882812,185.46995496958337,182.03013874897007,184.9599880707457,162785400
2025-12-11,180.92019653320312,181.31019006496976,176.61043233199788,180.27023782951787,182136600
2025-12-12,175.01052856445312,182.81010931847595,174.61054106596097,181.10019518559332,204274900
2025-12-15,176.28045654296875,178.4103461991077,175.02053019793698,177.93037643785232,164775600
2025-12-16,177.71038818359375,178.48035080582065,174.8905333961456,176.25046044282257,148588100
2025-12-17,170.93075561523438,176.12047730871902,170.30078481189744,176.0904801521757,222775500
2025-12-18,174.1305694580078,176.14045512074784,171.8107030234881,174.52054772862792,176096000
2025-12-19,180.98020935058594,181.4401759084778,176.3304518785618,176.6604358481607,324925900
2025-12-22,183.6800537109375,184.15002947616998,182.34012994783166,183.91003698180788,129064400
2025-12-23,189.19976806640625,189.31975669034466,182.89009670029142,182.96010023623109,174873600
2025-12-24,188.59979248046875,188.899779295176,186.57989753660073,187.92983057380172,65528500
2025-12-26,190.51968383789062,192.67957056140054,187.98982202804387,189.9097162518428,139740300
2025-12-29,188.20980834960938,188.749772392931,185.8999358866866,187.6998414610299,120006100
2025-12-30,187.52984619140625,188.9797799436452,186.91987858592935,188.22982052336855,97687300
2025-12-31,186.4899139404297,190.54969193131708,186.47991997410415,189.55975523635485,120100500
2026-01-02,188.83978271484375,192.91954841717475,188.24980305842183,189.82971935613102,148240500
2026-01-05,188.1098175048828,193.61952916959007,186.13992286460274,191.74961996436147,183529700
2026-01-06,187.22987365722656,192.15959956375178,186.80989821500853,190.50969495089785,176862600
2026-01-07,189.09976196289062,191.35963411085106,186.54989697142676,188.55979791265688,153543200
2026-01-08,185.0299835205078,189.53974931649188,183.70006889406122,189.09977067708235,172457000
2026-01-09,184.84999084472656,186.32990643372668,183.66005283935564,185.06998015284367,131327500
2026-01-12,184.92999267578125,187.10986736077922,183.010098425574,183.2100845491025,137968500
2026-01-13,185.79994201660156,188.0998205983224,183.3900687774691,184.9899882929175,160128900
2026-01-14,183.1300811767578,184.45001701406107,180.79021156477043,184.3100252062831,159586100
2026-01-15,187.03988647460938,189.6897370464893,186.31992419508657,186.48991316970114,206188600
2026-01-16,186.21990966796875,190.4296883714215,186.06992389502736,189.06976141755646,187967200
2026-01-20,178.06036376953125,182.37012791600927,177.60038196777572,181.89014292514364,223345300
2026-01-21,183.31008911132812,185.3699752173061,178.3903418724365,179.04031586008543,200381000
2026-01-22,184.82998657226562,186.15991637882954,183.92003219020145,184.7399951080077,139636600
2026-01-23,187.6598358154297,189.58973923983262,186.80989099781206,187.48984685190618,142748100
2026-01-26,186.4599151611328,189.1097657209082,185.97994539629804,187.1498802806874,124799600
2026-01-27,188.50979614257812,189.9897117301412,185.6899415183402,187.22986667366473,143711600
2026-01-28,191.5096435546875,192.33960048487265,189.82972650403363,191.25965707901594,148552700
2026-01-29,192.49957275390625,193.46952146246272,186.04992498376654,191.32963792417547,171764400
2026-01-30,191.11965942382812,194.47947816452233,189.45974561417185,191.19965692455457,179489500
2026-02-02,185.59996032714844,190.2897090701948,184.87000408758857,187.1898706566695,165794100
2026-02-03,180.33023071289062,186.25991753048794,176.22045266395375,186.22992037566058,204019600
2026-02-04,174.18057250976562,179.57028010697434,171.90069716024271,179.45029148582987,207014100
2026-02-05,171.87069702148438,176.81043194569037,171.020736948564,174.92051964769362,206312900
2026-02-06,185.39996337890625,186.98987361565233,174.59055120100808,176.6804343618602,231346200
2026-02-09,190.0297088623047,193.64952333361757,183.9400420976916,184.25002288009932,196387400
2026-02-10,188.52978515625,192.46957427391544,188.10980972728564,191.36964298604585,136764800
2026-02-11,190.0397186279297,193.24953637655122,188.75978911487715,192.43958265041238,144192700
2026-02-12,186.9298858642578,193.5995230748733,186.49990120030046,193.01955263160718,189932500
2026-02-13,182.80010986328125,187.4898586352177,181.58017462912434,187.4698554447334,161888000
2026-02-17,184.95999145507812,187.13986615921206,179.17029624003743,181.74016448672575,162276900
2026-02-18,187.96981811523438,190.3596881055438,186.7498829478333,188.73978069812654,164749100
2026-02-19,187.88983154296875,188.41980165789556,185.64996245587088,187.04988063530703,126554500
2026-02-20,189.8097381591797,190.31970507557438,185.92994318264132,186.5599139825128,178422300
2026-02-23,191.53964233398438,193.93950641757905,189.56974766836524,191.3896412925324,171584800
2026-02-24,192.83956909179688,193.75951747058733,187.38985183856119,191.47964208446245,175123600
2026-02-25,195.54940795898438,197.61930319203404,193.77949953248776,194.43946745531196,250637100
2026-02-26,184.87998962402344,194.27947461393586,184.31002841741252,194.25948668244985,360807900
2026-02-27,177.180419921875,182.5801217841234,176.3704661683341,181.2401979138715,311636500
2026-03-02,182.47012329101562,183.45008125730604,174.63055110847353,175.00052620838028,209095300
2026-03-03,180.04025268554688,180.8901975001603,176.91041730394699,178.4803396065267,178099400
2026-03-04,183.03009033203125,184.69000418349444,180.0502558302461,180.4302401537762,177731200
2026-03-05,183.330078125,184.05004039552568,177.87038204113773,181.1601973472636,198779700
2026-03-06,177.8103790283203,182.7500987288974,176.81043317462274,179.83025866705609,189021900
2026-03-09,182.64010620117188,182.90010189125664,175.55049367782217,176.82042919903367,177213600
2026-03-10,184.760009765625,186.42991760168223,182.00014929336922,182.39012758732315,179118500
2026-03-11,186.02999877929688,187.6199951171875,184.4499969482422,185.91000366210938,145280400
2026-03-12,183.13999938964844,184.94000244140625,181.75,184.0500030517578,155762700
2026-03-13,180.25,186.08999633789062,179.94000244140625,184.9199981689453,160988400
2026-03-16,183.22000122070312,188.8800048828125,181.41000366210938,182.97000122070312,217307400
2026-03-17,181.92999267578125,185.39999389648438,181.67999267578125,185.05999755859375,182497800
2026-03-18,180.39999389648438,183.3800048828125,180.3300018310547,182.47999572753906,156683100
2026-03-19,178.55999755859375,179.97999572753906,175.7899932861328,178.00999450683594,170968500
2026-03-20,172.6999969482422,178.25999450683594,171.72000122070312,178.0,241323500
2026-03-23,175.63999938964844,178.3699951171875,174.75999450683594,177.25999450683594,182836300
2026-03-24,175.1999969482422,176.22000122070312,173.97999572753906,174.8300018310547,147667800
2026-03-25,178.67999267578125,181.22000122070312,176.85000610351562,177.10000610351562,162602100
2026-03-26,171.24000549316406,176.50999450683594,171.13999938964844,176.07000732421875,185384200
